articleId,clusterArticleCount,triage_verdict,triage_reason,diseases,locations,articleHeadlineTranslated,articleHeadline,publishedTimestamp,sourceUrl,allSourceUrls,originalLanguage,affectedCategories,articleSummary,ihr_serious_impact,ihr_unusual_unexpected,ihr_international_spread,ihr_travel_trade_restriction,ihr_count,wpro_abnormal_unexpected,wpro_severity,wpro_prolonged_exposure,wpro_epidemic_prone,wpro_manageability,wpro_count,sociopolitical_public_attention,sociopolitical_government_attention,sociopolitical_international_support_needed,notes,error
local:203312:0,175,PICKUP,"コンゴ民主共和国で発生したエボラ（ブンディブギョ株）アウトブレイクはWHOによりPHEIC宣言され、8,700例超・死者4,000人超に達し、ケニアへの越境感染例も確認されるなど国際的拡大とIHR基準の複数該当が認められるため。",Ebola; Plague; Hemorrhagic Fever; Hantavirus Infection; Machupo; Malaria; Influenza; Bubonic Plague; Pneumonic Plague; Unknown Illness; COVID-19; Cholera; Anthrax; Measles; Typhoid,Nairobi; Nairobi; Democratic Republic of the Congo; United States; Russian Federation; Republic of Kenya; Isiolo; Isiolo; Republic of Uganda; Republic of France; Central Region; Kampala; People's Republic of China; Irkutskaya Oblast’; Irkutsk; Wajir; Habaswein; Republic of Mozambique; Entebbe; Republic of India; Tshopo; South Kivu Province; Bas Uele; Haut Uele; Ituri; Canada; United Kingdom of Great Britain and Northern Ireland; Kisangani; Africa; Arab Republic of Egypt; Province du Nord-Kivu; Butembo; Republic of Angola; Mangobo; Kharkivs’ka Oblast’; Kharkiv; Republic of Madagascar; Ukraine; Busia; Busia; Goma; Playa de las Américas; Canary Islands; Kingdom of Spain; Mongolia; New Mexico; England; London; Missouri; Pacific; Commonwealth of Australia; Oregon; Corse; Republic of the Sudan; Taranto; Ölgii; Puglia; Bayan-Ölgiy Aymag; Italian Republic; Shelekhov; Republic of Peru; Kinshasa City; Kinshasa; Feodosiya; Autonomous Republic of Crimea; Republic of Austria; Lubero; New York; Moscow; Pennsylvania; Moskva; Kabondo; Arizona; Bungulu; Respublika Buryatiya; Khovd; Hovd; Illinois; Kyrgyz Republic; Republic of Uzbekistan; Jina; Somalia; Alimbongo; West Bengal; Muri; Gobolka Banaadir; Mogadishu; Romania; Federal Republic of Germany; Laikipia; Republic of Bulgaria; South Darfur; Juba; Malaba; Hong Kong Special Administrative Region; Republic of Benin; Alupe; Lagos State; Lagos; Federal Republic of Nigeria; Tana River; Garissa; Garissa; Mandera; Mombasa; Lamu; Lagdera; Mombasa; Tarbaj; Dubrovnik; Dubrovačko-Neretvanska Županija; Republic of Croatia; Homa Bay; Bunia; Central Africa; Nanyuki; State of Israel; Idaho; Montana; Alabama; Michigan; Connecticut; Colorado; California; Oklahoma; Texas; Nevada,,"Siberian researcher dies suddenly, sparking controversy; Kenya reports its first Ebola death",2026-10-08T21:05:43+00:00,https://www.ftvnews.com.tw/news/detail/2026A09W0043,"https://www.ftvnews.com.tw/news/detail/2026A09W0043; https://www.standardmedia.co.ke/article/2001559724/contact-tracing-brace-for-the-worst-ebola-scenario; https://www.standardmedia.co.ke/national/article/2001559725/ebola-is-here-stay-vigilant-experts-urge-kenyans; https://www.assahifa.com/%D9%88%D9%81%D9%8A%D8%A7%D8%AA-%D8%A5%D9%8A%D8%A8%D9%88%D9%84%D8%A7-%D9%81%D9%8A-%D8%A7%D9%84%D9%83%D9%88%D9%86%D8%BA%D9%88-%D8%A7%D9%84%D8%AF%D9%8A%D9%85%D9%82%D8%B1%D8%A7%D8%B7%D9%8A%D8%A9/; https://peopledaily.digital/news/china-gives-kenya-ksh260m-grant-for-ebola-drought-response; https://www.france24.com/en/live-news/20261008-unproven-cures-pushed-online-amid-plague-concerns; https://www.cnhinews.com/news/article_c040a53f-b6f2-5aa0-8f8f-21c6b921a0c5.html; https://www.standardmedia.co.ke/health/health-science/article/2001559736/suspected-ebola-patient-tests-negative-in-wajir; https://www.standardmedia.co.ke/article/2001559736/suspected-ebola-patient-tests-negative-in-wajir; https://www.kenyastar.com/news/279360466/china-extends-2-mln-usd-grant-to-kenya-for-ebola-preparedness-drought-relief; https://allafrica.com/stories/202610080659.html; https://www.dw.com/fr/le-kenya-renforce-sa-riposte-contre-ebola-malgr%C3%A9-des-inqui%C3%A9tudes-persistantes/a-79604386; https://www.newkerala.com/news/a/india-stands-solidarity-kenya-combat-ebola-542.htm; https://www.aa.com.tr/en/africa/new-ebola-vaccine-enters-clinical-trials-in-africa-as-dr-congo-battles-outbreak/4082670; https://www.aa.com.tr/ba/svijet/nova-vakcina-protiv-ebole-ulazi-u-klini%C4%8Dka-ispitivanja-u-africi-dok-se-dr-kongo-bori-protiv-epidemije/4082664; https://acp.cd/province/tshopo-51-cas-debola-enregistres-a-ce-jour-division-provinciale-de-la-sante/; https://beto.cd/rdc-plus-de-8-600-cas-debola-et-4-178-deces-la-riposte-renforcee-dans-sept-provinces/; https://www.alnaharegypt.com/1199467; https://www.lagaceta.com.ar/nota/1157233/mundo/bola-frica-murio-hombre-kenia-buscan-27-pasajeros-viajaron-el.html; https://www.alnaharegypt.com/1199464; https://www.reuters.com/pictures/shadow-ebola-scenes-outbreaks-frontlines-2026-10-08/; https://acp.cd/province/bas-uele-dix-cas-confirmes-debola-notifies-dont-quatre-deces/; https://www.telesurtv.net/rd-congo-ebola-kivu-norte-fuera-control/; https://acp.cd/province/ebola-dans-la-tshopo-168-contacts-toujours-introuvables/; https://www.doctorulzilei.ro/alerta-dupa-ce-un-virus-mortal-care-poate-provoca-sangerari-la-nivelul-ochilor-s-a-raspandit-intr-o-noua-tara-un-pacient-a-murit-dupa-calatoria-cu-avionul/; https://peopledaily.digital/news/kenya-races-to-trace-all-contacts-after-first-ebola-death-who-official-says; https://www.objectiv.tv/objectively/2026/10/08/etalon-opasnosti-pri-kakih-usloviyah-est-risk-rasprostraneniya-chumy-v-ukraine/; https://nation.africa/kenya/health/quarantine-numbers-climb-to-66-as-a-suspected-wajir-case-adds-to-ebola-fears-5624918; https://www.bhaskarhindi.com/other/hindi-india-stands-in-solidarity-with-kenya-to-combat-ebola-20261008185947-1373437; https://www.newsnationtv.com/hindi-wire-detail/hindi-india-stands-in-solidarity-with-kenya-to-combat-ebola--20261008185947-20261008203248/; https://www.punjabkesari.com/world-news/hindi-india-stands-in-solidarity-with-kenya-to-combat-ebola/; https://www.larazon.es/sociedad/union-africana-pide-reforzar-controles-fronteras-evitar-que-ebola-expanda_202610086ac7bc67cfd4076f0c76b7c6.html; https://acp.cd/province/ebola-a-beni-trois-cents-ecoles-beneficiaires-des-kits-de-lavage-des-mains/; https://www.infobae.com/america/agencias/2026/10/08/la-ua-pide-fortalecer-medidas-en-puntos-fronterizos-para-evitar-la-propagacion-del-ebola/; https://www.vaticannews.va/fr/monde/news/2026-10/ebola-rdc-mgr-willy-deces.html; https://hu.euronews.com/2026/10/08/a-jarvany-amely-mar-tobbszor-letarolta-europat-visszaterhet-e-a-pestis; https://www.losandes.com.ar/mundo/peste-neumonica-que-tan-peligrosa-es-como-se-contagia-y-que-la-oms-pide-tratarla-inmediato-n6009523; https://supernowosci24.pl/aktualnosci/potrafi-zabic-w-48-godzin-ekspert-mowi-czy-grozi-nam-epidemia-dzumy/; https://www.srf.ch/news/international/pest-verdacht-in-sibirien-viele-mythen-zur-pest-was-sagen-die-fakten; https://gazettengr.com/kenya-begins-contact-tracing-after-covid-19-patient-dies-at-nairobi-hospital/; https://www.in.gr/2026/10/08/in-science/episthmes/i-rosia-diapseydei-tis-anafores-gia-deytero-ypopto-krousma-panolis/; https://www.alnaharegypt.com/1199463; https://espacoecologico.com.br/peste-a-doenca-medieval-que-nunca-desapareceu/; https://gazettengr.com/drc-records-8665-ebola-cases-4178-deaths-as-kenya-reports-imported-case/; https://www.tv360nigeria.com/w-h-o-warns-safe-burial-practices-remain-critical-in-ebola-response/; https://www.euronews.ro/articole/moartea-suspecta-a-unei-cercetatoare-din-rusia-reaprinde-temerile-legate-de-ciuma; https://acp.cd/province/ebola-a-beni-appel-aux-parents-et-enseignants-a-renforcer-la-surveillance-des-enfants-malades/; https://www.euronews.com/2026/10/08/the-disease-that-once-ravaged-europe-still-exists-could-plague-return-to-spain; https://petel.bg/Epidemiyata-ot-ebola-izliza-ot-kontrol__672677; https://www.the-star.co.ke/news/2026-10-08-china-gives-kenya-sh260m-for-ebola-drought-response; https://peopledaily.digital/news/duale-kenya-has-trained-4971-health-workers-on-ebola-preparedness; https://revistaforum.com.br/saude/peste-pneumonica-o-que-e/; https://acp.cd/province/ebola-a-beni-pasteurs-et-clerges-catholiques-appeles-a-jouer-leur-role-face-a-la-maladie/; https://www.br.de/nachrichten/wissen/pest-was-sie-ueber-die-symptome-und-behandlung-wissen-muessen,VXRoCj8; https://www.tagesschau.de/ausland/afrika/ebola-kenia-100.html; https://fr.allafrica.com/stories/202610080408.html; https://telegraph.bg/zdrave/novini/stava-opasno-epidemiiata-ot-ebola-veche-e-izvyn-kontrol-nad-4000-dushi-za-pochinali-ot-kovarnata-bolest-507020; https://bengali.abplive.com/news/plague-outbreak-turn-into-a-new-pandemic-how-dangerous-is-it-what-are-the-preventive-measures-who-russia-1195494; https://www.rynekzdrowia.pl/Choroby-zakazne/GIS-wydal-komunikat-ws-Eboli-Pierwszy-importowany-przypadek-i-smierc-u-podroznego,289758,22.html; https://www.rfi.fr/tw/%E9%9D%9E%E6%B4%B2/20261008-rfi%E6%B3%95%E5%BB%A3-%E5%B0%BC%E5%8F%A4%E6%8B%89-%E9%9D%9E%E6%B4%B2-%E8%82%AF%E5%B0%BC%E4%BA%9E%E9%A6%96%E4%BD%8D%E5%9F%83%E5%8D%9A%E6%8B%89%E6%82%A3%E8%80%85%E7%97%85%E6%AD%BF; https://www.rfi.fr/cn/%E9%9D%9E%E6%B4%B2/20261008-rfi%E6%B3%95%E5%B9%BF-%E5%B0%BC%E5%8F%A4%E6%8B%89-%E9%9D%9E%E6%B4%B2-%E8%82%AF%E5%B0%BC%E4%BA%9A%E9%A6%96%E4%BD%8D%E5%9F%83%E5%8D%9A%E6%8B%89%E6%82%A3%E8%80%85%E7%97%85%E6%AE%81; https://www.dw.com/fr/ebola-en-rdc-le-parcours-dun-patient-complique-le-tra%C3%A7age/a-79590787; https://pmnewsnigeria.com/2026/10/08/ebola-surge-drc-reports-4178-deaths-kenya-confirms-first-fatal-case/; https://www.tt.com/artikel/30944110/sorge-vor-einer-neuen-pandemie-wie-riskant-freigesetzte-pest-bakterien-heute-tatsaechlich-waeren; https://www.kleinezeitung.at/artikel/41336902/moegliche-pest-tote-in-russland-was-wir-wissen-und-was-nicht; https://www.gmx.ch/magazine/politik/schweigt-russland-mutmasslichen-pest-faellen-42812612; https://acp.cd/province/butembo-distribution-des-thermo-flashs-dans-differentes-ecoles-de-la-ville-pour-lutter-contre-ebola/; https://www.headliner.nl/artikelen/dood-russische-laborant-wekt-zorgen-pest-roept-vragen-transparantie-rond-covid-189726; https://diarioprimeralinea.com.ar/el-ebola-se-esparce-por-africa/; https://acp.cd/province/riposte-contre-ebola-formation-des-secouristes-et-infirmiers-titulaires-a-kisangani/; https://www.thenationalnews.com/news/uae/2026/10/08/russian-plague-scare-everything-we-know-as-health-chief-calls-for-information/; https://acp.cd/province/ebola-a-beni-appel-aux-parents-deleves-a-renforcer-la-vigilance/; https://www.standardmedia.co.ke/explainers/article/2001559693/are-flights-safe-amid-kenyas-ebola-case-explained; https://www.independent.co.ug/ebola-ruto-directs-enhanced-emergency-measures-after-kenya-first-case/; https://www.themoscowtimes.com/2026/10/08/regions-calling-in-irkutsk-locals-ask-what-plague-a93886; https://koran-jakarta.com/2026-10-08/kenya-laporkan-kematian-pertama-ebola; https://it.euronews.com/2026/10/08/la-peste-e-ancora-un-rischio-per-i-paesi-delleuropa; https://mangish.net/%D8%B5%D8%AD%D8%A9-%D8%B9%D8%A7%D9%84%D9%85%D9%8A%D8%A9-%D8%A8%D8%AF%D8%A1-%D8%A7%D9%84%D8%AA%D8%AC%D8%A7%D8%B1%D8%A8-%D8%B9%D9%84%D9%89-%D9%84%D9%82%D8%A7%D8%AD-%D9%88%D8%B9%D9%84%D8%A7%D8%AC-%D8%AC/; https://www.kbc.co.ke/kenya-remains-safe-open-vigilant-after-imported-ebola-case-duale-says/; https://www.blic.rs/vesti/svet/epidemija-u-kongu-ebola-probila-kontrolu-kenija-prijavila-prvi-slucaj/25qhzyj; https://pt.euronews.com/2026/10/08/doenca-que-devastou-a-europa-continua-ativa-pode-a-peste-regressar-a-espanha; https://www.africain.info/news=11912357; https://www.youm7.com/story/2026/10/8/%D8%A7%D9%84%D8%B5%D8%AD%D8%A9-%D8%A7%D9%84%D8%B9%D8%A7%D9%84%D9%85%D9%8A%D8%A9-%D8%A8%D8%AF%D8%A1-%D8%A7%D9%84%D8%AA%D8%AC%D8%A7%D8%B1%D8%A8-%D8%B9%D9%84%D9%89-%D8%B9%D9%84%D8%A7%D8%AC%D8%A7%D8%AA-%D9%88%D9%84%D9%82%D8%A7%D8%AD-%D8%AC%D8%AF%D9%8A%D8%AF-%D9%84%D9%80-%D8%A5%D9%8A%D8%A8%D9%88%D9%84%D8%A7/7572200; https://rocketnews.com/2026/10/why-single-ebola-death-in-kenya-has-prompted-fears-of-wider-african-spread/; https://www.politika.rs/scc/clanak/791827/kongo-epidemija-ebole-van-kontrole-vecina-zarazenih-umire-van-bolnica; https://www.the-star.co.ke/news/2026-10-08-ebola-alert-state-house-guests-checked-before-ruto-event; https://www.b92.net/zdravlje/bolesti/274465/ebola-u-kongu-dostize-zastrasujuce-razmere-strucnjaci-apeluju/vest; https://www.dailymail.com/galleries/article-16192229/RFK-Jrs-HHS-gave-800-000-research-tied-Russian-plague-lab.html; https://www.africa.com/apo/democratic-republic-of-the-congo-safe-and-dignified-burials-help-prevent-the-spread-of-ebola; https://www.infobae.com/america/agencias/2026/10/08/el-brote-de-ebola-en-rdc-deja-ya-mas-de-4200-muertos-y-8700-casos-desde-mediados-de-mayo/; https://www.rfi.fr/fr/podcasts/appels-sur-l-actualit%C3%A9/20261008-ebola-comment-le-cas-confirm%C3%A9-a-t-il-pu-voyager-de-la-rdc-au-kenya; https://www.journaldekinshasa.com/ebola-rdc-17e-epidemie-8665-cas-gouvernement-riposte/; https://baotintuc.vn/ca-tu-vong-tai-kenya-lam-day-len-lo-ngai-ebola-lan-rong-post1392439.html; https://www.standardmedia.co.ke/health/health-science/article/2001559685/health-workers-call-for-protection-in-ebola-response; https://www.rfi.fr/ha/afrika/20261008-kenya-ta-musanta-rahotannin-da-ke-cewar-an-samu-%C9%93arkewar-cutar-ebola-a-%C6%99asar; https://www.notimerica.com/politica/noticia-rdcongo-brote-ebola-rdc-deja-ya-mas-4200-muertos-8700-casos-mediados-mayo-20261008112540.html; https://www.swissinfo.ch/eng/international-geneva/who-reports-of-a-possible-second-death-in-irkutsk/92184836; https://www.news24world.com/to-mystirio-tis-panolis-sti-siviria-kati-den-kollaei-se-afti-tin-katastasi/; https://www.hindustantimes.com/world-news/did-plague-ever-fully-go-away-it-killed-millions-never-disappeared-what-to-know-fresh-alarm-siberia-irkutsk-plague-101791448243150.html; https://www.riotimesonline.com/somalia-ebola-screening-mogadishu-airport-2026/; https://www.rfi.fr/ro/rom%C3%A2nia/20261008-colegiul-medicilor-din-rom%C3%A2nia-preciz%C4%83ri-despre-cium%C4%83-boala-este-tratabil%C4%83-cu-antibiotice-cum-se-transmite; https://timesofindia.indiatimes.com/etimes/wellness/kenyas-first-ebola-case-how-one-traveller-crossed-borders-undetected-and-what-it-says-about-disease-surveillance/articleshow/134784718.cms; https://www.kenyamoja.com/video/mgonjwa-wa-kwanza-wa-ebola-kenya-uchunguzi-waangazia-safari-yake-kutoka-drc-hadi-nairobi-ktn; https://www.hallo-muenchen.de/welt/moeglicher-pest-fall-was-ist-dran-an-den-spekulationen-zr-94530492.html; https://nation.africa/kenya/health/kenya-to-seek-us-permission-to-use-laikipia-ebola-isolation-facility-5624052; https://www.zerohedge.com/medical/ebola-patient-dies-disease-spreads-kenya; https://www.bgonair.bg/a/36-sutreshen-blok/432910-prof-aleksandrova-chumata-nikoga-ne-si-e-otivala-belodrobnata-e-osobeno-opasna; https://www.radiotamazuj.org/en/news/article/south-sudan-raises-ebola-alert-after-kenya-confirms-first-case; https://www.elvocero.com/el-mundo/surgen-nuevos-focos-de-bola-en-la-rep-blica-democr-tica-del-congo/article_9a1ff589-fcb4-4922-be8c-4b268f6805e9.html; https://allafrica.com/view/group/main/main/id/00098380.html; https://click.ro/sanatate/preventie-si-tratament/se-poate-transmite-ciuma-pe-cale-respiratorie-2562606.html; https://businesstoday.co.ke/who-praises-kenyas-ebola-response/; https://www.dimsumdaily.hk/russia-denies-siberian-plague-after-lab-death-who-seeks-data-as-hong-kong-flags-plague-risks/; https://global.hk01.com/%E5%BC%80%E7%BD%90/60397404/%E8%82%BA%E9%BC%A0%E7%96%AB%E6%98%AF%E7%94%9A%E4%B9%88-%E4%B8%80%E6%96%87%E7%9D%87%E6%B8%85%E6%84%9F%E6%9F%93%E7%97%87%E7%8A%B6-%E6%BD%9C%E4%BC%8F%E6%9C%9F-%E4%BC%A0%E6%92%AD%E9%80%94%E5%BE%84-3%E5%A4%A7%E9%A2%84%E9%98%B2%E6%96%B9%E6%B3%95; https://krenizdravo.dnevnik.hr/zdravlje/bolesti-zdravlje/jos-jedna-drzava-potvrdila-prvi-slucaj-virusa-koji-uzrokuje-ebolu-pacijent-preminuo-traze-se-putnici-s-njegova-leta; https://voi.id/berita/597578/kenya-melakukan-pemakaman-pertama-korban-ebola; https://www.the-star.co.ke/news/2026-10-08-who-screening-contact-tracing-better-than-ebola-travel-bans; https://capitalfm.africa/who-urges-kenya-to-avoid-border-closures-prioritise-screening-and-contact-tracing-over-ebola/; https://www.the-star.co.ke/news/2026-10-08-who-kenya-acted-promptly-after-first-ebola-case; https://tribuneonlineng.com/who-seeks-clarity-on-suspected-pneumonic-plague-death-in-russia/; https://www.kenyastar.com/news/279358890/africa-cdc-sends-emergency-team-to-kenya-after-ebola-case; https://www.infobae.com/america/mundo/2026/10/08/el-ebola-se-esparce-por-africa-que-se-sabe-sobre-el-primer-caso-en-kenia-y-cual-fue-la-respuesta-oficial/; https://pmnewsnigeria.com/2026/10/08/ebola-warning-nigeria-must-not-be-caught-napping-editorial/; https://capitalfm.africa/uk-warns-against-travel-to-parts-of-kenya-as-ebola-case-detected/; https://britishcaribbeannews.com/why-single-ebola-death-in-kenya-has-sparked-fears-of-wider-african-spread/; https://radiosputnik.ru/20261008/ebola-1989378618.html; https://dubrovacki.slobodnadalmacija.hr/dubrovnik/zupanija/dubrovnik/kuga-u-rusiji-infektologinja-dr-betica-radic-o-opasnoj-bolesti-zbog-koje-su-stari-dubrovcani-izgradili-lazarete-1583270; https://www.rte.ie/brainstorm/2026/1008/1594429-plague-siberia-yersinia-pestis-black-death-global-health-risk/; https://nation.africa/kenya/health/counties-on-high-alert-after-ebola-confirmation--5623868; https://fr.africanews.com/2026/10/08/premier-deces-lie-a-ebola-au-kenya-les-autorites-veulent-eviter-une-propagation-du-virus/; https://fedpress.ru/article/3455136; https://kronika.ro/belfold/pestisjarvanytol-kell-tartanunk-megszolalt-az-orvosi-kamara-az-oroszorszagi-fertozes-ugyeben; https://www.africanews.com/2026/10/08/kenya-boosts-ebola-preparedness-after-registering-first-case/; https://www.aljazeera.com/news/2026/10/8/why-single-ebola-death-in-kenya-has-sparked-fears-of-wider-african-spread; https://www.ziuadevest.ro/colegiul-medicilor-ciuma-este-tratabila-cu-antibiotice-dar-diagnosticul-rapid-este-esential/; https://www.radiookapi.net/2026/10/08/actualite/societe/ebola-dans-lest-de-la-rdc-pres-de-2-000-enfants-devenus-orphelins; https://newtalk.tw/news/view/2026-10-08/1064441; https://peopledaily.digital/inside-politics/nyutu-warns-kenya-against-relaxing-ebola-vigilance-after-first-imported-case; https://www.sinchew.com.my/news/20261008/international/7924875; https://newsfire.gr/en/who-opposes-travel-bans-as-kenya-reports-first-ebola-death/; https://www.radiotamazuj.org/ar/news/article/%D8%AC%D9%86%D9%88%D8%A8-%D8%A7%D9%84%D8%B3%D9%88%D8%AF%D8%A7%D9%86-%D9%8A%D8%B1%D9%81%D8%B9-%D8%AD%D8%A7%D9%84%D8%A9-%D8%A7%D9%84%D8%AA%D8%A3%D9%87%D8%A8-%D9%84%D9%84%D8%A5%D9%8A%D8%A8%D9%88%D9%84; https://crimea.ria.ru/20261008/rasprostranenie-likhoradki-ebola-vyshlo-iz-pod-kontrolya-v-ekvatorialnoy-afrike-1160037850.html; https://peopledaily.digital/news/aldai-mp-urges-govt-to-urgently-trace-passengers-who-flew-with-ebola-patient; https://www.kenyans.co.ke/news/127682-who-advises-kenya-against-closing-borders-after-ebola-case; https://www.vedomosti.ru/society/news/2026/10/08/1235265-vrachi-bez-granits; https://allafrica.com/stories/202610080007.html; https://cn.nytimes.com/world/20261008/russia-plague-fears-what-to-know/zh-hant/; https://cn.nytimes.com/world/20261008/russia-plague-fears-what-to-know/; https://www.lapresse.ca/international/europe/2026-10-08/inquietudes-sur-la-peste-en-russie.php; https://www.bloombergtv.bg/a/35-bloomberg-world/165198-keniya-obyavi-parvi-sluchay-na-ebola; https://life.ru/p/v-drk-zayavili-o-bystrom-rasprostranenii-eboly-v-severnom-kivu; https://www.amic.ru/news/rasprostranenie-vyshlo-izpod-kontrolya-v-kongo-rezko-rastet-chislo-zabolevshih-eboloy-594069; https://russiatoday.ru/world/news/1691990-ebola-kongo-msf; https://ura.news/news/1053134356; https://momsmoney.kontan.co.id/news/waspada-wabah-ebola-bundibugyo-mematikan-di-kongo-terdeteksi-di-negara-tetangga; https://www.kp.ru/online/news/7211827/; https://iz.ru/2180567/msf-predupredila-o-nekontroliruemom-rasprostranenii-eboly-v-drk; https://www.munhwa.com/article/11622245; https://guardian.ng/news/russian-lab-workers-death-sparks-plague-scare-biosecurity-concerns/; https://tvzvezda.ru/news/2026108547-qlk3t.html; https://medover.zurnal24.si/pljucna-kuga-simptomi-tveganja/; https://www.vesti.ru/ns/v-odnoj-iz-provincij-dr-kongo-vnov-zafiksirovali-vspyshku-likhoradki-ehbola; https://www.elnuevodia.com/noticias/mundo/notas/la-peste-sigue-presente-estos-son-los-lugares-donde-aun-se-reportan-casos/; https://urgente24.com/foco/lo-que-sabemos-el-presunto-caso-peste-rusia-informe-especial-n634308; https://kenya-today.com/report-nanyuki-residents-demand-clarity-on-laikipia-air-base-quarantine-plan-after-kenyas-first-ebola-case-8136/; https://www.mk.ru/social/2026/10/08/ebola-v-kongo-vyshla-iz-pod-kontrolya-vrachi-byut-trevogu.html; https://tass.com/society/2199039; https://www.osnmedia.ru/world/msf-vspyshka-eboly-v-provintsii-severnoe-kivu-v-drk-vyshla-iz-pod-kontrolya/; https://rg.ru/2026/10/08/situaciia-s-rasprostraneniem-eboly-v-provincii-dr-kongo-vyshla-iz-pod-kontrolia.html; https://www.theage.com.au/world/africa/while-the-world-is-watching-reports-of-plague-in-russia-deadly-ebola-is-breaking-borders-20261008-p613qp.html; https://m.163.com/dy/article/L8N3TEGB05565VL4.html; https://ria.ru/20261008/ebola-2123070301.html; https://english.news.cn/20261008/84d92997bf7f4353ba7692ac7052987d/c.html; https://www.theepochtimes.com/us/plague-cases-still-reported-in-the-us-see-where-6101146; https://www.bmj.com/content/395/bmj-2026-101091",CHINESE,humans; environment; animals; vectors,"- On 9 October 2026, a 28-year-old female laboratory worker at a Siberian plague research institute died of pneumonia of unknown cause, prompting international scrutiny. The U.S. CDC is closely monitoring inbound travelers from the region, with DHS coordinating surveillance; Russia reports nearly 5,000 tested contacts and finds no dangerous pathogen, asserting no outbreak risk. In Kenya, authorities confirmed the country’s first Ebola death; the patient, who had arrived in Nairobi from the Democratic Republic of Congo, died after arrival, exhibiting fever, muscle aches, and subcutaneous bleeding, underscoring border screening gaps and triggering intensified cross-border containment. Separately, the World Health Organization published updated guidelines urging lifestyle changes—improved diet,
- Kenya faces Ebola Bundibugyo virus disease after a single confirmed case, with warnings of a worst-case trajectory as contact tracing falters and exposed individuals do not report to quarantine. As of 8 October 2026, laboratory results were pending verification. Authorities identified 66 contacts, but only 10 were quarantined; officials warn the true number could exceed 100 given interactions at airports, airlines, hospitals, and social settings. A 20-year-old man in Wajir, who travelled from the Democratic Republic of Congo via Uganda to Kenya by road and presented with cough, headache, and severe anaemia, is being treated as a suspected hemorrhagic fever case after interacting with hundreds along the route, including in Isiolo. Kenya remains at risk of importing more cases as cross-borde
- Kenya confirms its first imported Ebola Bundibugyo virus disease case on October 6, 2026, with experts urging vigilance. The Bundibugjo strain carries about a 50% fatality rate, as seen in the Democratic Republic of Congo, where the outbreak has recorded over 8,300 confirmed cases and more than 4,000 deaths. The first Kenyan victim’s burial occurred at Langata Cemetery. Ebola spreads via direct contact with blood or other body fluids and is not airborne; incubation is 2–21 days. Preventive measures include regular handwashing, use of sanitiser, avoiding contact with the sick, avoiding crowded places, and avoiding bush meat; seek medical care promptly when symptoms appear. Kenya Red Cross and government teams are conducting risk communication, contact tracing, and safe burials per WHO proto
- Ebola in the Democratic Republic of the Congo has reached 8,728 cases and 4,205 deaths since the outbreak began, per the National Institute of Public Health. In the last 24 hours, 63 new infections and 27 deaths were recorded, with 10 recoveries. The outbreak persists in a region affected by decades of conflict, posing risks to neighboring countries as the virus continues to spread within the country. A UN statement on August 21 highlighted an urgent need for additional resources to control Ebola amid substantial humanitarian needs. A Nature Medicine study linked the outbreak to a previously unknown Bundibugyo virus strain, likely spillover from animals to humans. The World Health Organization had on May 17 declared the situation a public health emergency of international concern, with hig
- Kenya received a 260 million Kenyan shilling grant from China on Oct 8, 2026, split 130 million for Ebola preparedness and 130 million for drought mitigation, handed to the National Treasury by China’s ambassador Guo Haiyan and PS Chris Kiptoo. This follows Kenya’s confirmation of its first imported Bundibugyo Ebola Virus Disease case on Oct 6, 2026, in a Kenyan citizen who had lived in the Democratic Republic of Congo, traveled via Kampala to Nairobi, was admitted to Nairobi Hospital, and died on Oct 5. National surveillance shows 4,971 health workers trained, 652,584 travellers screened at 15 entry points, 263 alerts investigated across 17 counties, and 267 samples tested with one positive. 28 contacts identified (including 23 passengers and 4 crew from the same flight). Five facilities ",Yes,Yes,Yes,Yes,4,Yes,Yes,Yes,Yes,Yes,5,Yes,Yes,Yes,記事はDRCで続くエボラ（ブンディブギョ株）アウトブレイク（WHO PHEIC宣言済み）と、そこから渡航者を介してケニアに越境した輸入例について報じている。ケニアは対象国リストに含まれないため verified_locations には含めていないが、国際的拡大のリスク評価上重要な情報として notes に記載する。シベリアの研究者死亡例は別イベントであり疫学的関連性は不明。,
local:1814991:0,76,PICKUP,ロシア・イルクーツクの研究所職員の原因不明の肺炎による死亡を巡り、ペスト菌流出や生物兵器疑惑が国際的な政治的関心（米国務長官、WHO関与）を集めており、公式には否定されているものの社会的注目度が高いためフルRRAでの確認が必要。,Plague; Pneumonic Plague; COVID-19; Unknown Illness; Bubonic Plague; Influenza; Syphilis; Foot And Mouth Disease; Anthrax; Norovirus; Influenza B; Human Infection with Swine Influenza A; Human Infection with Swine Influenza A H1N1; Influenza A H1N1 pdm09; Cholera; Influenza A H1; Influenza A H3; Influenza A,Hubei Sheng; Heilongjiang Sheng; Irkutskaya Oblast’; Irkutsk; Wuhan; United States; Russian Federation; People's Republic of China; Washington; Moscow; District of Columbia; Moskva; Mongolia; Kingdom of Thailand; Republic of Cuba; Ukraine; Mexico; Liaoning Sheng; Jilin Sheng; Jilin; Beijing Shi; Beijing; Shelekhov; Romania; Respublika Buryatiya; Guangxi Zhuangzu Zizhiqu; Fuyun; Republic of Madagascar; Democratic Republic of the Congo; Taiwan; Hong Kong Special Administrative Region; Yekaterinburg; Sverdlovskaya Oblast’; United Kingdom of Great Britain and Northern Ireland; Feodosiya; Autonomous Republic of Crimea; Marseille; State of Queensland; Crimea; Japan; Republic of France; Commonwealth of Australia; Federal Republic of Germany; Inner Mongolia Autonomous Region; Longgang; Shandong Sheng; Shenzhen; Guangdong Sheng; Genève; Genève; Africa; Playa de las Américas; Canary Islands; Switzerland; Republic of Peru; Kingdom of Spain; Suifenhe; Amurskaya Oblast’; Blagoveshchensk; Kyrgyz Republic; Republic of Kazakhstan; Republic of Uzbekistan; Republic of Tajikistan; Tokyo Prefecture; Tokyo; Missouri; Tibet Autonomous Region; Qinghai Sheng; Gansu Sheng; Xinjiang Uygur Zizhiqu; Yunnan Sheng; Republic of Lithuania; Republic of India; Republic of Korea; Republic of Singapore; Harbin,,Zhou Xiaohui: What are the similarities and differences between the unknown outbreak currently in Russia and the Wuhan COVID-19 outbreak.,2026-10-08T20:24:28+00:00,https://www.epochtimes.com/b5/26/10/8/n14866300.htm,https://www.epochtimes.com/b5/26/10/8/n14866300.htm; https://www.alaraby.com/news/%D8%A7%D9%84%D8%B7%D8%A7%D8%B9%D9%88%D9%86-%D9%8A%D8%B9%D9%88%D8%AF-%D8%A5%D9%84%D9%89-%D8%AF%D8%A7%D8%A6%D8%B1%D8%A9-%D8%A7%D9%84%D9%82%D9%84%D9%82-%D9%85%D8%A7%D8%B0%D8%A7-%D8%AA%D8%AE%D8%B4%D9%89-%D9%88%D8%A7%D8%B4%D9%86%D8%B7%D9%86-%D9%85%D9%86-%D9%85%D9%88%D8%B3%D9%83%D9%88; https://www.larazon.es/internacional/rusia-cerrado-supuesto-brote-peste-siberia-pese-dudas-oms_202610086ac7e0c46e8df44596accd6b.html; https://www.record.com.mx/historia/mhoni-vidente-advierte-por-peste-neumonica-estamos-en-alerta-a-nivel-mundial-2026100817444641684; https://slaynews.com/russia-china-held-secret-plague-drill-weeks-before-deadly-outbreak/; https://www.ntdtv.com/b5/2026/10/08/a104140020.html; https://www.globaltimes.cn/page/202610/1371861.shtml; https://observatornews.ro/extern/rusia-a-inceput-operatiunea-musamalizarea-dupa-cazurile-de-ciuma-china-ia-masuri-iar-trump-il-suna-pe-putin-668512.html; https://www.darivoa.com/a/russia-plague-/8209138.html; https://www.secretchina.com/news/gb/2026/10/08/1105832.html; https://www.yahoo.com/news/world/articles/russia-open-trump-putin-call-172259566.html; https://www.secretchina.com/news/b5/2026/10/08/1105832.html; https://tw.news.yahoo.com/%E4%BF%84%E7%BE%85%E6%96%AF%E9%A9%9A%E5%82%B3%E7%96%91%E4%BC%BC%E9%BC%A0%E7%96%AB%E7%97%85%E4%BE%8B-%E5%B7%B22%E6%AD%BB-%E5%B0%9A%E6%9C%AA%E9%80%9A%E5%A0%B1-145600063.html; https://www.dn.se/varlden/johan-nilsson-vad-ar-lungpest-och-ska-vi-oroa-oss/; https://www.ftvnews.com.tw/news/detail/2026A08I20M1; https://news.china.com/socialgd/10000169/20261008/49783145.html; https://privatbankar.hu/cikkek/nemzetkozi/nagy-a-baj-sziberiaban-a-vilag-mar-egy-lehetseges-pestisjarvanyrol-beszel.html; https://www.reduno.com.bo/internacional/rusia-desmiente-informaciones-sobre-segundo-caso-de-peste-en-siberia-202610865839; https://www.heraldk.com/article/2026100803113475296; https://la100.cienradios.com/sociedad/alerta-por-la-peste-neumonica-que-estremece-a-rusia-la-oms-se-ofrecio-a-investigar-el-patogeno-que-mato-a-una-trabajadora/; https://www.info.sk/sprava/282819/rusi-popieraju-druhy-pripad-moru-na-sibiri-who-a-cina-ziadaju-od-moskvy-vysvetlenie/; https://es-us.noticias.yahoo.com/s%C3%A9-creer-siberianos-viven-rumores-113400898.html; https://sapo.pt/artigo/autoridades-russas-desmentem-segundo-caso-de-peste-pneumonica-6ac77dae9c1f5d4157771f4b; https://www.tasr.sk/tasr-clanok/TASR:2026100800000258; https://patriotpost.us/opinion/1001738-russias-latest-patient-zero; https://mangish.net/%D8%AA%D8%B1%D8%A7%D9%85%D8%A8-%D9%8A%D8%AA%D8%AD%D8%AF%D8%AB-%D8%B9%D9%86-%D9%88%D9%81%D8%A7%D8%A9-%D8%B9%D8%A7%D9%85%D9%84%D8%A9-%D9%85%D8%AE%D8%AA%D8%A8%D8%B1-%D8%A7%D9%84%D8%B7%D8%A7%D8%B9%D9%88/; https://www.obozrevatel.com/ukr/section-novosti-mir/news-rosiyany-duzhe-rozumni-tramp-vidpoviv-chy-povyazuye-mozhlyvyy-spalakh-chumy-v-rosiyi-z-biolohichnoyu-zbroyeyu-08-10-2026.html; https://www.noticiasdenavarra.com/mundo/2026/10/08/rusia-niega-segundo-caso-peste-11630741.html; https://www.youm7.com/story/2026/10/8/%D9%87%D9%84-%D9%83%D8%A7%D9%86%D8%AA-%D8%B3%D9%84%D8%A7%D8%AD%D8%A7-%D8%A8%D9%8A%D9%88%D9%84%D9%88%D8%AC%D9%8A%D8%A7-%D8%AA%D8%B1%D8%A7%D9%85%D8%A8-%D9%8A%D8%B9%D9%84%D9%82-%D8%B9%D9%84%D9%89-%D9%88%D9%81%D8%A7%D8%A9-%D8%B9%D8%A7%D9%85%D9%84%D8%A9-%D8%A8%D9%85%D8%AE%D8%AA%D8%A8%D8%B1/7572215; https://cnnportugal.iol.pt/russia/siberia/russia-nega-relatos-de-segundo-caso-de-peste-na-siberia/20261008/6ac76682d34e53c759c757ea; https://www.diariodesantiago.es/mundo/rusia-desmiente-un-segundo-caso-de-peste-neumonica-en-siberia/; https://www.infobae.com/america/agencias/2026/10/08/rusia-desmiente-informaciones-sobre-segundo-caso-de-peste-en-siberia/; https://www.handelsblatt.com/politik/international/russland-was-dran-ist-an-den-spekulationen-zum-pest-ausbruch-in-russland/100260673.html; https://www.orientaldaily.com.my/news/international/2026/10/08/853479; https://m.mp.oeeee.com/a/BAAFRD0000202610081678943.html; https://www.tagesspiegel.de/wissen/dpa-aufsehen-um-fall-in-russland-moglicher-pest-fall-was-ist-dran-an-den-spekulationen-16139378.html; https://tsn.ua/ru/svit/oni-prosto-zhdali-poka-ona-umret-mat-laborantki-v-rf-sdelala-zayavlenie-posle-smerti-docheri-ot-chumy-3184263.html; https://tsn.ua/svit/vony-prosto-chekaly-poky-vona-pomre-maty-laborantky-u-rf-zrobyla-zaiavu-pislia-smerti-donky-vid-chumy-3184263.html; https://www.sd.rs/vesti/svet/prvo-su-rekli-kuga-onda-se-prica-promenila-misteriozna-smrt-u-rusiji-i-price-o-karantinu-zabrinule-svet-evo-sta-se-desava-2026-10-08; https://76.ru/text/health/2026/10/08/76686742/; https://www.ejecentral.com.mx/nuestro-eje/que-vision-tiene-mhoni-vidente-de-la-peste-neumonica-hubo-mas-de-200-mil-personas-expuestas-segun-la-vidente; https://health.ettoday.net/news/3251337; https://tw.news.yahoo.com/%E4%BF%84%E7%BE%85%E6%96%AF%E5%82%B3%E7%AC%AC%E4%BA%8C%E4%BE%8B%E7%96%91%E9%BC%A0%E7%96%AB-%E7%96%BE%E7%AE%A1%E7%BD%B2%E5%85%AC%E5%B8%83who%E5%9B%9E%E8%A6%86-070558909.html; https://health.ltn.com.tw/article/breakingnews/5599806; https://www.rfa.org/mandarin/shehui/2026/10/08/china-russialaboratory-confirmed-plaguesuifenheoutbreak/; https://www.rti.org.tw/news?uid=3&pid=236444; https://www.khaama.com/persian/archives/175387; https://www.ladepeche.fr/2026/10/08/entretien-cas-de-peste-en-russie-on-voit-emerger-tous-les-scenarios-dignes-dun-film-de-james-bond-un-infectiologue-fait-le-point-sur-la-situation-et-13589041.php; https://arabic.cnn.com/world/article/2026/10/08/russia-scare-plague-precautions-map-infographic; https://global.hk01.com/%E7%A0%94%E6%95%B0%E6%89%80/60397475/%E9%BC%A0%E7%96%AB%E4%BF%84%E7%BD%97%E6%96%AF-%E9%BC%A0%E7%96%AB3%E7%A7%8D%E8%82%BA%E9%BC%A0%E7%96%AB%E6%9C%80%E4%B8%A5%E9%87%8D-%E6%AD%BB%E4%BA%A1%E7%8E%87-%E9%A2%84%E9%98%B2%E6%96%B9%E6%B3%95-18%E5%8C%BA%E9%BC%A0%E6%82%A3%E5%9C%B0%E5%8C%BA; https://www.reporter.gr/diethnh/diethneis-eidhseis/687749-o-tramp-den-pisteyei-oti-to-peristatiko-me-tin-panoli-sti-rosia-syndeetai-me-viologiko-oplo; https://yle.fi/a/74-20250345; https://aif.ru/health/life/maskiruetsya_pod_nasmork; https://m.163.com/dy/article/L8NHRRLT0556N8K7.html; https://world.comments.ua/ua/news/usa/tramp-zrobiv-nastorozhuyuchu-zayavu-pro-chumu-v-rosii-scho-naspravdi-stalosya-818038.html; https://world.comments.ua/news/usa/tramp-sdelal-nastorazhivayuschee-zayavlenie-o-chume-v-rossii-chto-na-samom-dele-proizoshlo-818038.html; https://www.ladepeche.fr/2026/10/08/cas-de-peste-en-russie-heritage-sovietique-maladies-dangereuses-que-sait-on-du-laboratoire-ou-travaillait-lemployee-decedee-13588510.php; https://www.focus.cn/a/1085020554_100110312; https://observador.pt/programas/a-hist-ria-do-dia/caso-de-peste-na-russia-preocupa-pode-chegar-ca/; https://newtalk.tw/news/view/2026-10-08/1064399; https://tw.news.yahoo.com/%E5%B7%9D%E6%99%AE%E8%A1%A8%E7%A4%BA%E5%AE%89%E6%8E%92%E8%88%87%E6%99%AE%E4%B8%81%E9%80%9A%E8%A9%B1%E8%A8%8E%E8%AB%96%E4%BF%84%E7%BE%85%E6%96%AF%E9%BC%A0%E7%96%AB-%E4%B8%AD%E5%9C%8B%E6%9D%B1%E5%8C%97%E5%B1%85%E6%B0%91%E4%B9%9F%E7%B7%8A%E5%BC%B5-034720924.html; https://www.hkcd.com/hkcdweb/content/2026/10/08/content_8778914.html; https://marunadanmalayalee.com/news/special-report/news-865599; https://sawaleif.com/%D9%88%D8%A7%D8%B4%D9%86%D8%B7%D9%86-%D9%88%D8%A7%D9%84%D8%B5%D8%AD%D8%A9-%D8%A7%D9%84%D8%B9%D8%A7%D9%84%D9%85%D9%8A%D8%A9-%D8%AA%D8%B7%D8%A7%D9%84%D8%A8%D8%A7%D9%86-%D9%85%D9%88%D8%B3%D9%83%D9%88-1112325/; https://www.am730.com.hk/article/1057318; http://allkharkov.ua/news/state/kitai-ta-rosia-razom-pracuut-nad-problemou-chymi.html; https://www.wenweipo.com/a/202610/08/AP6ac708bae4b01d54a2864c04.html; https://newtalk.tw/news/view/2026-10-08/1064392; https://tw.news.yahoo.com/%E8%AC%9D%E6%AD%A5%E6%99%BA%E8%A7%80%E9%BB%9E-%E6%99%AE%E4%B8%81%E6%83%B3%E6%90%9E%E7%94%9F%E5%8C%96%E6%88%B0%E5%8F%8D%E5%AE%B3%E5%B7%B1-%E8%82%BA%E9%BC%A0%E7%96%AB%E7%A7%98%E8%BE%9B%E6%9B%9D%E5%85%89-%E8%A9%AD%E7%95%B0%E9%AB%98%E5%BA%A6%E9%80%A3%E7%B5%90-%E9%80%99%E5%9C%8B-024620511.html; https://udn.com/news/story/7252/9802192; https://hk.news.yahoo.com/6%E6%9C%88%E5%BA%95%E8%87%B3%E4%BB%8A%E9%8C%84%E9%80%BE20%E5%AE%97%E5%85%92%E7%AB%A5%E6%B5%81%E6%84%9F%E5%9A%B4%E9%87%8D%E5%80%8B%E6%A1%88-%E8%A1%9E%E7%94%9F%E7%BD%B2%E6%8C%87%E7%97%85%E6%AF%92%E6%A0%AA%E8%8B%A5%E8%AE%8A%E7%95%B0%E6%98%93%E6%82%A3%E9%87%8D%E7%97%87-023324006.html; https://m.163.com/dy/article/L8N9M82805567I57.html; https://www.am730.com.hk/article/1057316; https://hk.on.cc/hk/bkn/cnt/news/20261008/bkn-20261008100231327-1008_00822_001.html; https://www.secretchina.com/news/gb/2026/10/08/1105818.html; https://www.diariolibre.com/mundo/europa/2026/10/08/rusia-da-por-concluidas-medidas-profilacticas-ante-posible-brote/3682299,CHINESE,humans; environment; animals; vectors,"- On Oct 6, 2026, Russia disclosed that a 28-year-old employee at the Irkutsk Siberia and Far East Anti-Plague Research Institute fell severely ill in late September and died Oct 2 from an unknown pneumonia. About 197 contacts were identified, with 189 placed under medical observation; a large aluminum plant tightened masking. Online rumors alleged a laboratory accident releasing plague, but epidemiologist Mikhail Favorov doubted this, citing protective gear and low infection risk. The piece connects the incident to broader suspicions of lab-origin bioweapons, noting alleged bioweapons research at both the Wuhan Institute of Virology and the Irkutsk institute, citing a former U.S. arms-control envoy. It also references Aug 2026 China–Russia biosecurity drills in Heilongjiang and recalls the 
- Death of 28-year-old Russian researcher Daria Shibelova in Siberia, at the Irkutsk Institute for Plague Research, after an acute pneumonia sparked fears of pneumonic plague and potential lab exposure. Russian authorities say there is no evidence of plague and nearly 5,000 tests on contacts found no infections. Washington seeks more information; US Secretary of State Marco Rubio urged Moscow for transparency, while President Donald Trump said the incident is unlikely linked to a biological weapons program. No basis for a global plague pandemic is cited; the concern centers on political opacity and possible clandestine experiments or modified strains as part of a bioweapons program. Western analyst Bahaa Mahmoud notes rising Russo‑Western tension over bioweapons, while WHO officials say no c
- On 2026-10-08, Russia’s consumer health watchdog, Rospotrebnadzor, declared all preventive measures over an alleged pneumonic plague outbreak in the Irkutsk region near Lake Baikal to be concluded. Over 5,500 analyses across five laboratories found no pathogens or dangerous microorganisms. About 200 people who had contact with the deceased Daria Shipílova, 28, an employee at the Institute of Epidemiology and Pest of Irkutsk and the Far East, were monitored; no laboratory accidents were reported, and the deceased was vaccinated with strong immunity. The regional health situation is described as calm with no health risks. The WHO was informed promptly, and information was shared with 14 member countries; no population risk is confirmed. A rumored second plague case was denied; only one death
- Pneumonic plague, caused by Yersinia pestis, is alleged to have escaped from a Russian laboratory after a drone incident, with warnings of potential spread to other countries including Mexico and the United States. The claim followed the Oct 2, 2026 death of a 28-year-old employee at a Siberian infectious-diseases institute, prompting surveillance of about 200 colleagues. Authorities say the deceased died of pneumonia, with no official confirmation of pneumonic plague or a lab leak. The World Health Organization has asked for information and considers the risk of spread outside Russia to be very low. The claimant, Cuban clairvoyant Mhoni Vidente, ties the episode to the Russia–Ukraine war and predicts a more aggressive bacterium than typical plague, causing illness within days and death by
- Darya Shipilova, 28, died Oct 2 at Irkutsk Anti-Plague Research Institute after a severe illness; Moscow insists it was pneumonia of unknown cause and denies an outbreak, though plague is suspected. In Aug 24–27, China and Russia held a cross-border infectious-disease drill in Fuyuan (Heilongjiang) with an imported-plague scenario, plus a tick-borne Disease X and post-flood responses; the Irkutsk institute’s director Sergey Balakhonov attended. The drill report did not link to Shipilova’s illness. Post‑death, about 200 contacts were quarantined and up to five Irkutsk hospitals operated in epidemic mode; restrictions have since eased. By Oct 7, Rospotrebnadzor said roughly 90% of contacts were released, ~5,000 tests for dangerous pathogens were negative, and no microorganisms linked to Ship",No,Yes,No,No,1,Yes,No,No,No,No,1,Yes,Yes,不明,"事案はロシア（イルクーツク州）で発生しており、対象国リストに該当する国はない。記事中の中国（武漢研究所、黒竜江省での合同演習）は比較・背景情報として言及されているのみで、実際の発生国ではないため verified_locations には含めない。ロシア当局は約5,000-5,500件の検査で病原体陰性、感染拡大なしと発表しており、現時点でのリスクは低いが、国際的な政治的緊張（米露間）と陰謀論の拡散により社会的関心が高い。",
local:3469034:7,20,DISMISS,ブラジルにおけるデング熱・チクングニア熱・ジカ熱は前年比で大幅減少しており、通常の季節的な蚊対策・サーベイランス活動を報じる内容で、異常性や深刻な公衆衛生インパクトは認められない。,Zika; Chikungunya; Dengue,Federative Republic of Brazil; Florida; United States; São Paulo; Minas Gerais; Ponte Preta; Rio Grande do Sul; Campinas; Vila Boa Vista; São Paulo; Brumadinho,,More than 80% of dengue mosquito breeding sites are inside homes.,2026-10-08T21:01:16+00:00,https://destakjornal.com.br/mais-de-80-dos-criadouros-do-mosquito-da-dengue-estao-dentro-das-casas/,https://destakjornal.com.br/mais-de-80-dos-criadouros-do-mosquito-da-dengue-estao-dentro-das-casas/; https://www.itatiaia.com.br/saude/aedes-aegypti-quase-metade-dos-municipios-brasileiros-esta-em-alerta-ou-risco/; https://portalhortolandia.com.br/noticias/campinas/saude-de-campinas-elimina-mais-de-100-criadouros-do-mosquito-da-dengue-com-drone-239053/; https://newsrondonia.com.br/saude/2026/10/08/levantamento-aponta-alerta-ou-risco-para-aedes-aegypti-em-quase-metade-dos-municipios-brasileiros/; https://www.cnnbrasil.com.br/saude/aedes-aegypti-49-dos-municipios-avaliados-no-brasil-estao-em-alerta/; https://jornalpanoramaminas.com.br/quase-metade-dos-municipios-brasileiros-esta-em-alerta-ou-risco-para-infestacao-pelo-aedes-aegypti/; https://aquinoticias.com/viva-vida/saude-e-bem-estar/aedes-aegypti-quase-metade-dos-municipios-esta-em-alerta-ou-risco/; https://sampi.net.br/aracatuba/noticias/3010180/brasil-e-mundo/2026/10/aedes-quase-metade-dos-municipios-esta-em-alerta-ou-risco; https://bh24horas.com.br/saude/secretaria-de-saude-de-minas-gerais-alerta-para-possibilidade-de-nova-epidemia-de-dengue-em-2027/; https://www.opovo.com.br/noticias/saude/2026/10/08/aedes-aegypti-quase-metade-dos-municipios-esta-em-alerta-ou-risco.html; https://jornaldebrasilia.com.br/noticias/saude/municipios-em-alerta-para-aedes-chegam-a-492-no-liraa/; https://ibi.ong.br/noticia/259997/tempo-instavel-reforca-alerta-para-prevencao-das-arboviroses-em-sp; https://agenciabrasil.ebc.com.br/saude/noticia/2026-10/aedes-aegypti-quase-metade-dos-municipios-esta-em-alerta-ou-risco; https://regiaonoroeste.com/saude-alerta-para-risco-de-proliferacao-do-aedes-aegypti-com-combinacao-de-chuva-e-calor/; https://massa.com.br/saude/municipios-em-alerta-para-aedes-aegypti/; https://noticias.r7.com/jr-24h/conteudo-exclusivo/video/ministerio-da-saude-emite-alerta-de-risco-para-presenca-do-mosquito-aedes-aegypti-em-municipios-08102026/; https://www.correiobraziliense.com.br/brasil/2026/10/7517211-quase-metade-dos-municipios-esta-em-alerta-para-aedes.html; https://www.otempo.com.br/cidades/2026/10/8/mg-pode-ter-nova-epidemia-de-dengue-em-2027-alerta-secretario-de-saude-ano-dificil; https://oglobo.globo.com/saude/noticia/2026/10/08/aedes-aegypti-49percent-dos-municipios-avaliados-estao-em-situacao-de-alerta-ou-risco-para-mosquito-alerta-ministerio-da-saude.ghtml; https://agenciabrasil.ebc.com.br/radioagencia-nacional/geral/audio/2026-10/mosquito-da-dengue-492-dos-municipios-avaliados-estao-em-alerta,PORTUGUESE,vectors; environment; humans,"- Dengue in Mogi das Cruzes, Brazil, shows progress in H1 2026 with 36 confirmed cases, down from 241 in H1 2025 (−85.1%), and 614 total notifications (−72.2%), with no dengue deaths for a second consecutive year. Despite improvements, authorities warn that over 80% of Aedes aegypti breeding sites are inside homes, highlighting crucial resident participation to curb transmission of dengue, Zika, and chikungunya. The city’s ongoing NPCA-led surveillance includes domiciliary inspections, larviciding via drones in large reservoirs and hard-to-reach areas, and a public reporting channel (Zap Dengue). Home prevention guidance emphasizes eliminating standing water, sealing water tanks, covering trash and containers, turning containers upside down, cleaning gutters, and weekly property visits. Acce
- Brazil faces a nationwide Aedes aegypti risk, with 49.2% of evaluated municipalities (3,732 cities) in alert or risk per the LIRAa Rapid Indices survey, conducted May–August 2026. Aedes aegypti is the vector for dengue, Zika, and chikungunya. Breeding sites: plant pots and plant trays 42.3%; water storage reservoirs such as water tanks and cisterns 26.1%; tires and solid waste 23%. Regional patterns show the North dominated by tires and debris; the Northeast by water storage containers; the Southeast, South, and Center-West by plant containers. Public guidance urges regular home inspections to remove breeding sites, focusing on plant pots/trays, bottles, buckets, tires, gutters, drains, and water tanks. Reservoirs and solid waste should be emptied when possible and kept sheltered from rain
- On 8 October 2026, Campinas’ Grupo de Resposta Unificada (GRU) eliminated more than 100 Aedes aegypti breeding sites at ten properties across nine neighborhoods, using a drone to identify larval habitats and locksmith access for unoccupied homes. Targeted areas included Parque das Flores, Vila Boa Vista, Cidade Universitária, Bosque de Barão, Ponte Preta, Vila Industrial, Vila Georgina and Jardim Ouro Branco. This was the 32nd operation of the year, with 283 properties inspected in 2024, and involved the Municipal Health Secretariat, Civil Defense, COFIVT, Seclimas, Procon, Setec and the Municipal Guard. The 41st Arboviruses Alert lists 34 high-risk neighborhoods citywide across East, Northwest, North, Southwest, South and Southeast, including Vila 31 de Março, Jardim Garcia, Vila Proost d
- Brazil's health surveillance reveals 49.2% of 3,732 municipalities that submitted data show alert or risk for Aedes aegypti, in the second cycle of the Rapid Indices survey (May–August 2026). Dengue cases dropped about 70% year-over-year to roughly 470,500 probable infections; chikungunya fell 43% to 67,900; Zika decreased 35% to 2,141. The survey also highlights the main household mosquito breeding sites: plant pots, dishes, bottles, and small containers (42.3%), water storage containers (26.1%), tires and accumulated trash (23%). In response to heat expected with El Niño, the Ministry of Health intensified prevention: over 300,000 community health agents trained; use of ovitraps and larvicidal dissemination stations; and deployment of Wolbachia-based biological control. Data reflect nati
- As of 8 October 2026, about 49.2% of 3,732 Brazilian municipalities reporting data in the 2nd cycle of the Rapid Indices for Aedes aegypti (LIRAa) survey (May–August 2026) are on alert or at risk for Aedes aegypti, the vector of dengue, chikungunya, and Zika. Brazil has 5,569 municipalities. Breeding sites are mainly in containers (plant pots/trays, bottles, etc.) at 42.3%, water-storage reservoirs (tanks/cisterns) at 26.1%, and tires/solid waste at 23%. Regionally, the North emphasizes tires and solid waste; the Northeast emphasizes water-storage containers; the Southeast, South, and Central-West emphasize plant containers and bottles. With summer approaching and El Niño intensifying conditions, the Health Ministry aims to guide prevention and control by identifying alert areas and tailor",No,No,No,No,0,No,No,No,Yes,No,1,No,Yes,No,記事は症例数の減少傾向と予防活動（家庭内の蚊発生源対策、ドローンによる幼虫対策、LIRAa調査結果）を報じるもので、既知の流行病に対する通常の公衆衛生対応。Aedes aegypti媒介のデング・ジカ・チクングニアは流行性があるが、本記事自体は改善傾向を示す内容。,
local:1562822:2,19,PICKUP,ペスト研究所の検査員が原因不明の重症肺炎で死亡し、WHOが国際的リスク評価を実施中であることから、異常性と公衆衛生上の重大性の両面でIHR基準に該当する。,Unknown Illness; Plague; Pneumonic Plague; Syphilis,Irkutskaya Oblast’; Irkutsk; Russian Federation; Socialist Republic of Vietnam; Los Angeles; San Francisco; California; New York; Republic of Korea; United States; Mongolia,,Healthcare workers in Russia die of pneumonia: Is it concerning?,2026-10-08T09:29:20+00:00,https://baophapluat.vn/nhan-vien-y-te-o-nga-tu-vong-do-viem-phoi-co-dang-lo-ngai.html,https://baophapluat.vn/nhan-vien-y-te-o-nga-tu-vong-do-viem-phoi-co-dang-lo-ngai.html; https://alobacsi.com/viem-phoi-chua-ro-nguyen-nhan-tai-nga-bo-y-te-khuyen-cao.html; https://baohatinh.vn/bo-y-te-khuyen-cao-bao-ve-suc-khoe-sau-ca-benh-o-nga-tu-vong-do-viem-phoi-post318418.html; https://eva.vn/suc-khoe/thuc-hu-ve-thong-tin-dich-hach-o-nga-bo-y-te-len-tieng-va-dua-ra-khuyen-cao-toi-nguoi-dan-c131a685514.html; https://baolaocai.vn/bo-y-te-thong-tin-ve-ca-tu-vong-do-viem-phoi-chua-ro-nguyen-nhan-tai-nga-post911411.html; https://www.vietnamplus.vn/bo-y-te-khuyen-cao-bao-ve-suc-khoe-sau-ca-benh-o-nga-tu-vong-do-viem-phoi-post1140745.vnp; https://vnexpress.net/bo-y-te-khuyen-cao-nguoi-dan-canh-giac-voi-dong-vat-gam-nham-5129898.html; https://tiin.vn/chuyen-muc/thoi-su/bo-y-te-thong-tin-ve-ca-tu-vong-do-viem-phoi-chua-ro-nguyen-nhan-tai-nga.html; https://tiim.com.vn/chuyen-muc/thoi-su/bo-y-te-thong-tin-ve-ca-tu-vong-do-viem-phoi-chua-ro-nguyen-nhan-tai-nga.html; https://www.osnmedia.ru/politika/milonov-prizval-posolstvo-ssha-zatknutsya-posle-preduprezhdeniya-o-chume/; https://vneconomy.vn/bo-y-te-khuyen-cao-sau-ca-tu-vong-do-viem-phoi-chua-ro-nguyen-nhan-tai-nga.htm; https://voh.com.vn/suc-khoe/bo-y-te-khuyen-cao-sau-ca-tu-vong-nghi-do-dich-hach-tai-nga-672361.html; https://vov.vn/xa-hoi/bo-y-te-khuyen-cao-sau-ca-tu-vong-do-viem-phoi-chua-ro-nguyen-nhan-tai-nga-post1339455.vov; https://baoxaydung.vn/ca-tu-vong-bat-thuong-tai-phong-nghien-cuu-dich-hach-nga-bo-y-te-khuyen-cao-gi-192261008105611623.htm; https://thanhnien.vn/bo-y-te-thong-bao-ve-ca-tu-vong-vi-viem-phoi-la-tai-nga-185261008111336178.htm; https://www.techz.vn/196-1026-5-bo-y-te-chinh-thuc-phan-hoi-vu-nhan-vien-chong-dich-hach-o-nga-tu-vong-vi-mac-viem-phoi-nang-ylt712507.html; https://baotintuc.vn/khuyen-cao-sau-ca-tu-vong-do-viem-phoi-chua-ro-nguyen-nhan-tai-nga-post1392377.html; https://tuoitre.vn/bo-y-te-khuyen-cao-gi-sau-ca-tu-vong-nghi-do-dich-hach-tai-nga-100261008104615768.htm; https://tienphong.vn/bo-y-te-thong-tin-ve-viec-giam-sat-danh-gia-nguy-co-dich-hach-tai-nga-post1883266.tpo,VIETNAMESE,humans; environment; animals; vectors,"- On October 2, 2026, a laboratory worker at the Irkutsk Antiplague Research Institute in Irkutsk Province, Russia, died after severe pneumonia of unknown etiology. The World Health Organization is coordinating with Russian authorities to verify details and assess international risk; there are no recent plague cases reported in Irkutsk. An epidemiologic investigation and control measures are underway, with contacts identified for surveillance and testing; no high‑risk pathogen has been found among those exposed, and monitoring is complete. WHO continues to verify information and collect data on potential international health impact. Vietnam’s Ministry of Health advises calm, adherence to official sources, and basic prevention measures, including rodent and flea risk reduction and avoiding co
- One laboratory worker at the Irkutsk Institute of Plague Control died from severe pneumonia of unknown etiology on 2 October 2026 in Irkutsk Oblast, Russia. As of 7–8 October, the cause remains unconfirmed; the Vietnamese Ministry of Health is coordinating with the World Health Organization to verify details and review laboratory results, while WHO is assessing international risk. There is no current evidence of pneumonic plague or a facility-related outbreak, and no high-risk agent has been identified among contacts; contact tracing has been completed. WHO has requested additional testing results and clarification about a second, undiagnosed pneumonia case reported in local media. Public health guidance urges calm, reliance on official information, environmental hygiene, and rodent and fl
- Irkutsk, Russia: a laboratory worker at the Irkutsk Antiplague Research Institute died on 2 October 2026 after pneumonia of unknown origin. Vietnam’s Ministry of Health says it has informed the WHO, which provided initial details by 7 October 2026. No recent plague cases are reported in Irkutsk. Russian authorities are conducting epidemiological investigations, identifying contacts for surveillance and testing; no high-risk pathogen has been found among contacts. WHO continues to work with Russia to verify information and assess any international health impact. Vietnamese health officials advise calm and reliance on official sources; avoid sharing unverified information. Preventive guidance includes environmental hygiene, rodent and flea control, and avoiding handling sick or dead rodents.
- Vietnam’s Ministry of Health, via the Department of Disease Prevention, addresses reports of a plague-related death in Russia, after coordination with WHO and Russian authorities. As of October 7, 2026, WHO states a laboratory worker at the Irkutsk Antiplague Research Institute in Irkutsk died on October 2 after treatment for severe pneumonia. Russian health authorities report no recent plague cases in Irkutsk; epidemiologic investigations and exposure risk assessments were conducted, with no high-risk pathogens identified among contacts, who are under health surveillance and testing as appropriate. WHO continues to liaise with Russia to verify media reports and assess any potential international health impact. Vietnamese guidance urges calm, to monitor official information, and to impleme
- Death of a laboratory worker in Irkutsk, Russia, from pneumonia of unknown etiology on Oct 2, 2026, triggers international risk assessment. Vietnam's Ministry of Health, through the Preventive Medicine Department, has coordinated with WHO to verify the event. As of Oct 7, 2026, WHO is actively monitoring with Russian authorities; no recent plague cases have been reported in Irkutsk Oblast. The deceased was connected to the Irkutsk Anti-Plague Research Institute; epidemiological investigation and preventive measures, including contact tracing and health surveillance, have been completed, with no high-risk pathogen identified among contacts. WHO continues to assess potential international health impact and verify media reports. Vietnamese authorities urge calm, rely on official health update",Yes,Yes,No,No,2,Yes,Yes,No,No,不明,2,Yes,Yes,不明,事象発生国はロシア（対象国リスト外）。ベトナムは情報収集・注意喚起を行う立場であり、実際の発生国ではないためverified_locationsは空とした。ペスト研究所関係者の原因不明肺炎死亡であり、バイオセーフティ上の懸念が高いため継続的なモニタリングとフルリスク評価が推奨される。,
local:1269750:7,16,DISMISS,既存のTB撲滅プログラムに関する政策・啓発活動の報道であり、新規アウトブレイクや異常事態の報告ではない。,Tuberculosis,New Delhi; National Capital Territory of Delhi; Delhi; Republic of India; Bhopāl; Madhya Pradesh; Tiruchirappalli; Thoothukudi; Cuddalore; State of Tamil Nādu; Dharmapuri; Madurai; State of Odisha; Mysore; State of Karnataka; Yarahalli,,"Nadda, Delhi CM Launch JOSH Teams to Boost Youth-Led TB Fight",2026-10-08T18:12:10+00:00,https://www.newkerala.com/news/a/jp-nadda-delhi-cm-launch-josh-teams-accelerate-409.htm,https://www.newkerala.com/news/a/jp-nadda-delhi-cm-launch-josh-teams-accelerate-409.htm; https://www.newkerala.com/news/a/mp-detects-112-lakh-tb-patients-through-intensified-944.htm; https://www.thehindu.com/news/cities/Delhi/delhi-cm-rekha-gupta-highlights-role-of-youth-in-fight-against-tuberculosis/article71560647.ece; https://www.thehindu.com/news/national/union-health-minister-launches-josh-teams-to-accelerate-tb-elimination-drive/article71560177.ece; https://univarta.com/%E0%A4%A6%E0%A5%87%E0%A4%B6/%E0%A4%B0%E0%A5%87%E0%A4%96%E0%A4%BE-%E0%A4%9F%E0%A5%80%E0%A4%AC%E0%A5%80-%E0%A4%AE%E0%A5%81%E0%A4%95%E0%A5%8D%E0%A4%A4-%E0%A4%AD%E0%A4%BE%E0%A4%B0%E0%A4%A4-%E0%A4%B8%E0%A4%82%E0%A4%95%E0%A4%B2%E0%A5%8D%E0%A4%AA/207518; https://www.thehindubusinessline.com/news/centre-launches-youth-led-teams-in-55-districts-to-boost-tb-elimination-drive/article71560454.ece; https://www.thehindu.com/news/cities/Madurai/josh-team-introduced-in-thoothukudi-to-intensify-tb-awareness-and-prevention-activities/article71559783.ece; https://www.thehindu.com/news/cities/Madurai/early-detection-of-tuberculosis-stressed-to-get-cent-per-cent-cure/article71560158.ece; https://pragativadi.com/centre-unveils-josh-youth-squads-for-a-tb-free-india/; https://timesofindia.indiatimes.com/city/ranchi/tb-awareness-initiative-josh-launched-in-palamu/articleshow/134791055.cms; https://www.vijayavani.net/district/mysuru/%E0%B2%AF%E0%B2%B0%E0%B2%B9%E0%B2%B3%E0%B3%8D%E0%B2%B3%E0%B2%BF-%E0%B2%97%E0%B3%8D%E0%B2%B0%E0%B2%BE%E0%B2%AE%E0%B2%B8%E0%B3%8D%E0%B2%A5%E0%B2%B0%E0%B2%BF%E0%B2%97%E0%B3%86-%E0%B2%9F%E0%B2%BF%E0%B2%AC%E0%B2%BF-%E0%B2%85%E0%B2%B0%E0%B2%BF%E0%B2%B5%E0%B3%81; https://newsable.asianetnews.com/india/jp-nadda-launches-josh-teams-for-youth-led-tb-mukt-bharat-abhiyaan-articleshow-p2rvnxi; https://www.hindustantimes.com/india-news/nadda-launches-josh-teams-with-ncc-cadets-my-bharat-volunteers-for-tuberculosis-elimination-drive-101791455168602.html; https://www.aninews.in/news/national/general-news/union-minister-nadda-launches-josh-teams-to-accelerate-youth-led-tb-elimination-efforts20261008153126/; https://ommcomnews.com/india-news/centre-launches-josh-teams-to-strengthen-youth-led-efforts-for-tb-elimination/; https://medicalbuyer.co.in/centre-to-roll-out-josh-teams-across-55-districts-for-tb-elimination/,ENGLISH,humans,"- TB in India: Union Health Minister J.P. Nadda and Delhi Chief Minister Rekha Gupta launched JOSH Teams under the TB Mukt Bharat Abhiyaan to boost youth-led community action against tuberculosis. In New Delhi on Oct 8, Nadda cited WHO data showing a 21% decline in TB incidence nationwide and treatment coverage rising to 92%. He framed TB elimination as a people’s movement, not just government action, stressing youth engagement. JOSH Teams will roll out in the first phase across 11 states, with expansion planned. Delhi CM Gupta highlighted collaboration with the Ministries of Youth Affairs and Sports and Defence to extend reach, help raise awareness on prevention, early detection, and treatment, and reduce stigma. The initiative aims to mobilise youth and communities to make timely care acce
- Intensified TB screening in Madhya Pradesh identified 1.12 lakh TB patients, up from 25,000–30,000 previously, through JOSH (Joint Squad for Health) teams—comprising MY Bharat volunteers and NCC cadets—conducted door-to-door screening and early treatment linkage. The drive, launched at Gandhi Medical College, Bhopal, with Union Health Minister J.P. Nadda virtually inaugurating the teams, aims to accelerate TB elimination by ensuring six months of therapy, nutritious food, and Nikshay Mitras support. Pregnant women are urged to complete antenatal check-ups. State-wide screens also cover non-communicable diseases such as hypertension, diabetes, fatty liver disease, and sickle cell anemia. Eight TB-free gram panchayats, three Nikshay Mitras, and five health officials were honored; the event d
- Delhi Chief Minister Rekha Gupta emphasized that young people play a key role in India’s effort to eliminate tuberculosis (TB). Speaking at the national launch of the Joint Squad for Health (JOSH) teams at Bharat Mandapam, organized by Union Health and Family Welfare Minister J.P. Nadda, she highlighted sustained TB elimination efforts under Prime Minister Narendra Modi. The JOSH initiative seeks to fuse health, youth, and defence sectors and broaden public participation in the campaign. Gupta said the program will mobilize young volunteers, NCC cadets, elected representatives, and officials to reach out to communities, spread awareness about TB, and strengthen elimination efforts. By channeling the energy and determination of youth into this mission, the fight against TB can reach every s
- TB elimination drive accelerates in India as Union Health Minister J.P. Nadda launches JOSH teams under the TB Mukt Bharat Abhiyaan. In 2026, 67,933 Panchayats across 697 districts were declared TB Mukt. JOSH (Joint Squad for Health) teams will operate in 55 districts across 11 States and Union Territories, conducting household-level outreach to identify people with TB symptoms, encourage testing, and support patients to complete treatment. Each team comprises five NCC cadets and five MY Bharat volunteers, guided by a Class-I officer, and will function at block and ward levels. The initiative is a joint effort of the Ministries of Health and Family Welfare, Youth Affairs and Sports, and Defence, with plans to expand to additional districts after orientation and mobilisation, focusing on ac
- Tuberculosis (TB) elimination drive marked by the nationwide launch of the Joint Squad for Health (JOSH) teams at Bharat Mandapam, New Delhi. Delhi Chief Minister Rekha Gupta attended the event on 8 October 2026, alongside Union Health and Family Welfare Minister J. P. Nadda. Under Prime Minister Narendra Modi's leadership and guidance, the government is advancing the TB elimination mission, with JOSH teams rolled out across the country to actively involve youth in building a TB-free India. The article emphasizes youth engagement as a central component of the national mission. It does not provide TB case counts, outbreaks, laboratory confirmations, or infection source details. The focus remains on political backing, national coordination, and public health mobilization to root out TB acros",No,No,No,No,0,No,No,No,No,No,0,Yes,Yes,No,TBは既知の流行病であり、本記事は政府主導の啓発・スクリーニング強化キャンペーンの発足を報じるもの。新規症例急増や異常な公衆衛生イベントではない。,
local:1269750:4,15,DISMISS,インド国内複数州における季節性のデング熱流行に対する通常の媒介蚊対策・サーベイランス活動の報告であり、異常な増加や国際的拡大のリスクは認められず、各州当局が既存の枠組みで対応できている。,Malaria; Dengue; Chikungunya; Typhoid,State of Mahārāshtra; Govindpur; Mundera; State of Odisha; Teliyarganj; Phāphāmau; Jhūnsi; Allahābād; Sālori; Uttar Pradesh; Madhya Pradesh; Republic of India; Kolathūr; State of Tamil Nādu; Chennai; Greater Noida; Noida; Thiruvananthapuram; State of Kerala; State of Bihār; Patna; Vadapalani; State of Gujarāt; Gandhinagar; Assam; Indore; Samastīpur; Gaya,,Dengue prevention measures intensified as cases rise,2026-10-08T19:45:00+00:00,https://timesofindia.indiatimes.com/city/allahabad/dengue-prevention-measures-intensified-as-cases-rise/articleshow/134800147.cms,https://timesofindia.indiatimes.com/city/allahabad/dengue-prevention-measures-intensified-as-cases-rise/articleshow/134800147.cms; https://www.thehindu.com/news/cities/chennai/dengue-cases-stabilise-in-chennai-as-hotspots-reduce-from-590-to-300-says-health-minister/article71559710.ece; https://timesofindia.indiatimes.com/city/noida/dengue-cases-reach-236-as-administration-intensifies-fogging/articleshow/134799591.cms; https://www.deshabhimani.com/News/kerala/five-police-personnel-at-cliff-house-contract-dengue-fever-br9; https://ghamasan.com/india/dengue-update-the-impact-of-dengue-has-diminished-in-bihar-with-zero-deaths-and-a-significant-decrease-in-cases-compared-to-last-year-677624; https://www.metrovaartha.com/news/kerala/fever-is-spreading-at-cliff-house; https://tamil.news18.com/tamil-nadu/dengue-fever-in-tamil-nadu-minister-arunraj-warning-nw-lks-ws-l-2226279.html; https://www.newindianexpress.com/states/gujarat/2026/Oct/08/dengue-outbreak-suspected-to-kill-1-crpf-jawan-infecting-over-50-paramilitary-personnel-in-gujarat; https://www.agniban.com/dengue-hits-indore-central-jail-3-inmates-test-positive/; https://www.tv9hindi.com/state/madhya-pradesh/indore-central-jail-dengue-cases-30-prisoners-sick-3-positive-3929371.html; https://www.maalaimalar.com/news/tamilnadu/21665-people-affected-by-dengue-fever-so-far; https://lalluram.com/gandhinagar-ekta-diwas-crpf-jawan-dengue-death-43-positive/; https://www.dinamani.com/tamilnadu/2026/Oct/08/10-deaths-and-21655-cases-of-dengue-fever-in-tamil-nadu-minister-arunraj; https://tamil.oneindia.com/news/chennai/dengue-cases-in-tamil-nadu-rise-to-21-655-10-deaths-reported-minister-arunraj-836605.html; https://www.jagran.com/bihar/patna-city-bihar-dengue-update-zero-deaths-cases-drop-significantly-40397949.html?app=true,ENGLISH,humans; vectors; environment,"- Dengue cases in Prayagraj surpass 100, prompting intensified vector-control measures. Fogging and anti-larva spraying are being conducted in seven hotspots—Teliyarganj, Allahapur, Dhoomanganj, Mundera, Naini, Jhunsi and Phaphamau. Govindpur and Salori report the highest counts between Sept 1 and Oct 8. To curb transmission, the health department has deployed QRTs comprising one malaria inspector, one supervisor and two spray members per team, along with Domestic Breeder Checkers (DBC) for dengue prevention and control. Teams are engaging residents, checking for water stagnation and mosquito breeding, and inspecting indoor sources such as refrigerators, tanks, flowerpots, coconut shells and old unused vehicles for larvae. DBCs are conducting fogging twice daily in the localities they superv
- Dengue cases stabilised in Chennai with hotspots dropping from 590 to 300, Tamil Nadu Health Minister K.G. Arunraj said on 2026-10-09, ahead of the Northeast monsoon. Across Tamil Nadu, 21,655 dengue cases were reported from January 1 to October 7, with ten deaths; Chennai now reports a statewide 301 dengue cases being treated in hospitals. The Greater Chennai Corporation has collected ₹7.5 lakh in fines from building owners for mosquito breeding, with ₹10,000 as the first-violation fee and higher penalties for subsequent violations. About 3,700 mosquito-control workers are deployed in the GCC, conducting home visits every seven days. The state runs roughly 1,000 fever-screening medical camps daily. Minister Arunraj warned of potential spikes after the monsoon and pledged more vector-contr
- Dengue cases in Noida have reached 236, prompting intensified surveillance and fogging in hotspots and vulnerable areas. The district administration has issued notices to more than 140 residential complexes and individual houses to reduce mosquito breeding. Teams are conducting regular inspections to locate breeding sites, especially in stagnant water found in coolers, flower pots, rooftops, construction sites, drains, and other water-holding containers. Anti-larval measures are being taken wherever larvae are detected, with residents urged to prevent standing water around homes. Officials plan to strengthen surveillance, sanitation, and vector-control measures across sensitive areas in Noida and Greater Noida, including Sector 22, Sector 2, Dadri, Greater Noida West, Alpha 2, Gaur City, a
- Five police officers on duty at Cliff House, the Chief Minister’s official residence in Thiruvananthapuram, have dengue fever confirmed. Kerala’s dengue burden remained substantial this year, with 11,281 cases and 42 deaths reported up to September; 2025 tallies were 10,886 cases and 56 deaths. June was the month with the highest activity, recording 1,802 cases and 15 deaths. The report highlights ongoing dengue transmission across the state and notes Cliff House as a location with confirmed cases among public servants. The data provide a snapshot of the year-to-date trajectory of dengue in Kerala, indicating persistent transmission but without accompanying information on symptoms, laboratory confirmation details, or infection sources.
- Dengue in Bihar shows progress with zero deaths reported this year. As of October 5, 2026, the state recorded 857 dengue cases, with historical totals cited as 5,033 (2024) and 1,817 (2025). By October 5, 2026, 372 cases surfaced this year, and no area in Patna, Gaya district, or Samastipur was designated a dengue hotspot. The health department emphasizes strong public awareness and vector-control measures: timely testing, regular surveillance, effective fogging, larva control, adequate testing kits and platelets, and IHIP portal monitoring. In August–September, 90 medical officers were trained in dengue/chikungunya clinical management, and 86 lab technicians in ELISA-readers. NS1, ELISA, and IgM-ELISA kits are stocked; testing is available at district and medical college hospitals. 318 fo",No,No,No,No,0,No,Yes,Yes,Yes,No,3,Yes,Yes,No,複数州（ウッタル・プラデーシュ、タミル・ナードゥ、ケーララ、ビハール等）でのデング熱季節流行に関する定例報告。各地で死亡例はあるが例年の流行パターンの範囲内であり、ベクターコントロール・サーベイランス体制も既に稼働中。国際的な波及や渡航制限の兆候はない。,
local:1694008:2,15,DISMISS,台湾屏東県での単発の国内感染デング熱症例（1例）であり、重症度・拡大リスクともに限定的で、国際的な公衆衛生上の懸念や渡航制限の必要性は認められない。対象国（台湾は対象外）にも該当しない。,Dengue,Kaohsiung; Taiwan; Pingtung; Changhua; Kaohsiung; Republic of the Philippines; Taiwan; Socialist Republic of Vietnam; Republic of Indonesia; Pingtung City,,Pingtung County reports one local dengue fever case; a woman in her 40s in Pingtung City contracted dengue virus type 4.,2026-10-08T10:41:47+00:00,https://tw.news.yahoo.com/%E5%B1%8F%E7%B8%A3%E5%A2%9E1%E4%BE%8B%E6%9C%AC%E5%9C%9F%E7%99%BB%E9%9D%A9%E7%86%B1-%E5%B1%8F%E5%B8%8240%E5%A4%9A%E6%AD%B2%E5%A5%B3%E6%80%A7%E4%B8%AD%E9%8F%A2%E7%99%BB%E9%9D%A9%E7%97%85%E6%AF%92%E7%AC%AC%E5%9B%9B%E5%9E%8B-104147101.html,https://tw.news.yahoo.com/%E5%B1%8F%E7%B8%A3%E5%A2%9E1%E4%BE%8B%E6%9C%AC%E5%9C%9F%E7%99%BB%E9%9D%A9%E7%86%B1-%E5%B1%8F%E5%B8%8240%E5%A4%9A%E6%AD%B2%E5%A5%B3%E6%80%A7%E4%B8%AD%E9%8F%A2%E7%99%BB%E9%9D%A9%E7%97%85%E6%AF%92%E7%AC%AC%E5%9B%9B%E5%9E%8B-104147101.html; https://tw.news.yahoo.com/%E6%9C%AC%E5%9C%9F%E7%99%BB%E9%9D%A9%E7%86%B1%E5%86%8D%E5%A2%9E1%E4%BE%8B-40%E5%A4%9A%E6%AD%B2%E5%A5%B3%E6%9F%93%E7%AC%AC4%E5%9E%8B%E7%97%85%E6%AF%92-%E6%84%9F%E6%9F%93%E6%BA%90%E5%BE%85%E9%87%90%E6%B8%85-075800345.html; https://news.tvbs.com.tw/health/4033394; https://health.setn.com/news/1919380; https://www.setn.com/news/1919380; https://udn.com/news/story/7314/9803016; https://www.cna.com.tw/news/ahel/202610080181.aspx; https://www.mirrormedia.mg/story/20261008edi060; https://tw.news.yahoo.com/%E6%9C%AC%E5%9C%9F%E7%99%BB%E9%9D%A9%E7%86%B1%E9%A2%A8%E9%9A%AA%E6%8C%81%E7%BA%8C-%E5%B1%8F%E6%9D%B1%E6%96%B0%E5%A2%9E1%E4%BE%8B%E6%84%9F%E6%9F%93%E6%BA%90%E5%BE%85%E9%87%90%E6%B8%85-063439244.html; https://tw.news.yahoo.com/%E5%B1%8F%E6%9D%B1%E7%88%86%E4%BB%8A%E5%B9%B4%E9%A6%96%E4%BE%8B-%E6%9C%AC%E5%9C%9F%E7%99%BB%E9%9D%A9%E7%86%B1-%E6%84%9F%E6%9F%93%E6%BA%90%E4%B8%8D%E6%98%8E-062943718.html; https://health.ettoday.net/news/3251336; https://www.nownews.com/news/6881703; https://life.tw/article/%E5%B1%8F%E6%9D%B1%E9%A9%9A%E7%88%86%E7%99%BB%E9%9D%A9%E7%97%85%E6%AF%92%E7%AC%AC%E5%9B%9B%E5%9E%8B-%E4%BB%8A%E5%B9%B4%E9%A6%96%E8%A6%8B-40%E6%AD%B2%E5%A5%B3%E6%80%A7%E6%84%9F%E6%9F%93%E6%BA%90%E4%B8%8D%E6%98%8E-3173569; https://tw.news.yahoo.com/%E5%B1%8F%E6%9D%B1%E9%A9%9A%E7%88%86%E7%99%BB%E9%9D%A9%E7%97%85%E6%AF%92%E7%AC%AC%E5%9B%9B%E5%9E%8B-%E4%BB%8A%E5%B9%B4%E9%A6%96%E8%A6%8B-40%E6%AD%B2%E5%A5%B3%E6%80%A7%E6%84%9F%E6%9F%93%E6%BA%90%E4%B8%8D%E6%98%8E-061634078.html; https://news.m.pchome.com.tw/healthcare/cnews/20261008/index-79144019461377227012.html,CHINESE,humans; vectors; environment,"- As of 8 October 2026, Taiwan’s CDC reports one new locally acquired dengue fever case in Pingtung City: a woman in her 40s infected with dengue virus type 4. She developed fever, headache, retro-orbital pain, myalgia, and diarrhea in early October and remains hospitalized; cohabiting contacts have no symptoms. No overseas travel history; the infection is considered local and samples will undergo sequencing to identify the possible source. Local authorities have started emergency vector control around the residence, mosquito-density surveys, and environmental risk assessment, with expanded breeding-site clearance and health education, plus expanded testing. Nationwide this year, 188 dengue cases are confirmed: 13 locally acquired ( Kaohsiung 10, Changhua 2, Pingtung 1) and 175 imported, mai
- Taiwan reports another locally transmitted dengue fever case: a woman in her 40s, resident of Pingtung City, Pingtung County, developed fever, headache, myalgia and diarrhea in early October and tested positive for dengue virus serotype 4 (DENV-4); she remains hospitalized, and cohabitating contacts are asymptomatic. No foreign travel history; infection source under investigation with planned viral sequencing. Authorities have begun emergency vector-control measures around the home, mosquito-density surveys, environmental risk assessment, and intensified source reduction and health education, with expanded testing to curb spread. Nationally, 188 confirmed dengue cases as of October 8, including 13 locally acquired cases (Kaohsiung City 10, Changhua County 2, Pingtung County 1) and 175 impo
- Pingtung County reports this year's first locally transmitted dengue fever case: a woman in her 40s diagnosed in early October after fever, headache, muscle pains, and diarrhea; dengue virus type 4 detected. She is hospitalized; cohabiting contacts are asymptomatic, and the infection source remains under investigation. With no international travel history, officials classify it as locally acquired; viral sequencing will be performed to clarify the source. Public health measures include emergency chemical vector-control around the residence, mosquito-density surveys, environmental risk assessment, and intensified source reduction and education. Nationally, Taiwan has 188 confirmed dengue cases this year, including 13 locally transmitted (Kaohsiung City 10, Changhua County 2, Pingtung County
- On 8 Oct 2026, Taiwan’s CDC reported Pingtung County’s first locally transmitted dengue fever case of the year: a woman in her 40s living in Pingtung City tested positive for dengue virus serotype 4 and is hospitalized; the infection source is under investigation. She developed fever, headache, myalgia, and diarrhea in early October. Laboratory confirmation and sequencing are planned to clarify potential source. Surrounding-area vector control, mosquito-density surveys, and environmental risk assessments are being conducted, with expanded testing and public education underway. Nationally, 188 dengue cases have been confirmed this year, including 13 locally acquired (Kaohsiung City 10, Changhua County 2, Pingtung County 1) and 175 imported cases, mainly from Vietnam (48), Indonesia (29), an
- Dengue fever, dengue virus serotype 4, is Taiwan’s first locally transmitted dengue case this year, reported in Pingtung City, Pingtung County. The patient is a woman in her 40s who developed fever, headache, myalgia, and diarrhea in early October and was hospitalized after dengue confirmation and serotype 4 detection. Infection source under investigation; no international travel history; local transmission suspected. Nationally, 188 laboratory-confirmed dengue cases this year, including 13 local (Kaohsiung City 10, Changhua County 2, Pingtung County 1) and 175 imported cases, mainly from Vietnam (48), Indonesia (29), and the Philippines (21). Public health actions include perimeter chemical control, vector-density surveys, and expanded testing; sequencing to clarify infection source. Clin",No,No,No,No,0,No,No,不明,Yes,No,1,No,No,No,記事の主題は台湾（屏東県・高雄市等）における国内感染デング熱症例であり、台湾は対象国リストに含まれない。ベトナム・インドネシア・フィリピンは輸入症例の渡航歴として言及されているのみで、発生国ではないため verified_locations には含めない。,
local:1605651:0,14,PICKUP,ロシア・イルクーツクのペスト研究所職員が原因不明の肺炎で死亡し、約200人が隔離されるなど公衆衛生上の深刻な懸念があり、WHOが技術支援を申し出るなど国際的関心も高いためフルリスク評価が必要。,Plague; Pneumonic Plague; Unknown Illness; Tuberculosis; COVID-19,Africa; Irkutskaya Oblast’; Irkutsk; Playa de las Américas; Canary Islands; Kyrgyz Republic; Kingdom of Spain; Mongolia; Kingdom of Thailand; Republic of Kazakhstan; Republic of Uzbekistan; Russian Federation; Republic of Moldova; Shelekhov; United States; Heilongjiang Sheng; People's Republic of China; Moscow; Moskva; Qinghai Sheng; Ziketan; Hong Kong Special Administrative Region,,Russia: What we know so far about the sudden death of a female employee at a plague research institute,2026-10-08T19:38:00+00:00,https://tempo24.news/rosia-ti-gnorizoume-mechri-stigmis-gia-ton-aifnidio-thanato-ergazomenis-se-institouto-meletis-tis-panolis/,https://tempo24.news/rosia-ti-gnorizoume-mechri-stigmis-gia-ton-aifnidio-thanato-ergazomenis-se-institouto-meletis-tis-panolis/; https://www.20minutos.es/internacional/rusia-pone-fin-las-medidas-prevencion-por-posible-brote-peste-neumonica_7046782_0.html; https://www.ntdtv.com/b5/2026/10/08/a104140004.html; https://english.elpais.com/health/2026-10-08/who-offers-technical-support-to-russia-over-suspected-plague-case-in-siberia-we-need-more-information.html; https://www.madata.gr/epikairotita/world/985665-thanatos-ergazomenis-se-ergastirio-panolis-sti-siviria-adieykrinistes-oi-synthikes.html; https://www.epochtimes.com/gb/26/10/6/n14864700.htm; https://www.cooperativa.cl/noticias/mundo/rusia/sucesos/moscu-niega-que-exista-un-segundo-caso-de-posible-peste-neumonica/2026-10-08/093608.html; https://www.lavanguardia.com/vida/20261008/11654246/rusia-desmiente-noticias-de-un-segundo-caso-de-peste-en-siberia.html; https://plusinfo.mk/szo-nema-celosna-slika-za-smrtta-na-laborantkata-vo-sibir-moskva-tvrdi-deka-nema-chuma-no-rechisi-200-lu-e-se-pod-medicinski-nadzor/; https://www.kwongwah.com.my/20261008/%E4%BF%84%E4%BC%A0%E9%BC%A0%E7%96%AB%E6%AD%BB%E4%BA%A1%E6%A1%88%E4%BE%8B-%E6%B3%B0%E7%A7%BB%E6%B0%91%E5%B1%80%E7%8E%87%E5%85%88%E5%8A%A0%E5%BC%BA%E5%85%A5%E5%A2%83%E7%AE%A1%E6%8E%A7/; https://www.sinchew.com.my/news/20261008/international/7925288; https://www.kompas.com/cekfakta/read/2026/10/08/100100782/fakta-kematian-pekerja-di-lab-rusia-dan-isu-pandemi-baru-; https://yle.fi/a/7-10106553; https://www.thaipost.net/x-cite-news/1084242/,GREEK,animals; humans; vectors; environment,"- 28-year-old Daria Sipilova, a researcher at the Institute of Plague Research in Irkutsk, Siberia, died on 2 October from an unknown type of pneumonia, prompting a precautionary quarantine of about 200 people in contact with her. Nearly 5,000 lab tests found no plague infections among contacts, and Sipilova was vaccinated, suggesting immunity to dangerous pathogens she worked with. Russia's Rospotrebnadzor said on 8 October that there is no outbreak risk and began relaxing preventive measures. Unverified social-media rumors about causes circulated, including a lab spill of live bacteria, travel to Thailand or Moldova, or proximity to the Mongolia border; none are supported by public evidence. Pneumonia can have multiple causes; plague (Yersinia pestis) is possible but unconfirmed. Plague ha
- As of 8 October 2026, Russia halted preventive measures after Irkutsk region’s suspected pneumonic plague outbreak, with over 5,500 clinical analyses finding no health problems or dangerous pathogens. A 28-year-old employee of the Irkutsk and Far East Plague Research Institute died in Shelekhov; authorities have not confirmed plague, describing the case as pneumonia of unknown etiology. Two hypotheses under investigation: infection contracted in Thailand or an accidental laboratory exposure to pathogens at the workplace. The Kremlin welcomed US President Donald Trump’s offer of assistance but urged reliance on Russian health authorities as investigations proceed. Meanwhile, the U.S. issued a provisional alert regarding a possible pneumonic plague in the Siberian region. The situation cente
- In Irkutsk, Russia, 28-year-old Daria Shipilova, a technician at the Irkutsk Epidemiology Institute for Plague, died on October 2 from an illness officially listed as pneumonia of unknown etiology; by October 6 about 200 contacts were quarantined as investigators probe a possible pneumonic plague linked to the institute. Officials deny plague; experts doubt that breaking a test tube could cause infection, though containment includes hospital isolation and a three-week quarantine for contacts. Since October 1, ambulances transporting contacts have been escorted by the FSB. Independent reporting notes historical bioweapons concerns and a 21-day observation rule for exposed staff. Separately, Thai clairvoyant Mor Plai predicted a 2026 pandemic with origins in Russia, describing a mixed, lab-l
- Death of a laboratory worker in Russia's Irkutsk region on Oct 2 raises alarm over suspected pneumonic plague. WHO offered technical support to Russia and asked for more information to assess risk. Russia says no recent plague cases in Irkutsk and about 200 contacts have been quarantined. WHO seeks details on the deceased's lab tests, the progression of illness, the contacts' health status, and clarity on what prompted public health measures, and whether a second worker with pneumonia has been reported. Until full information is available, a full risk assessment is not possible. Russia has attributed death to pneumonia of unknown origin; concerns about laboratory origin and possible drug-resistant strain persist. WHO can deploy experts if requested, but cannot inspect without invitation. T
- Death of a laboratory worker at a plague research facility in Irkutsk, Siberia, on October 2, 2026, prompts immediate public health action. Daria Sipilova, 28, a technician at the Siberia and Far East Plague Research Institute, died under unexplained circumstances. About 200 contacts were quarantined; nearly 5,000 diagnostic tests were conducted, with 90% of the quarantined population released as negative for plague. Authorities stated Sipilova was vaccinated, indicating assumed immunity to pathogens studied at the institute. Officials announced no outbreak risk and began relaxing preventive measures. The official cause of death cited is pneumonia of unknown etiology. Unverified online theories circulated—including a lab incident or travel exposures (Thailand, Moldova) or border-area expos",Yes,Yes,不明,No,2,Yes,Yes,不明,不明,Yes,3,Yes,Yes,Yes,事件発生地はロシア（イルクーツク州）であり、本トリアージの対象国リストには含まれないためverified_locationsは空配列とした。ただし国際的関心（WHO・米国の関与）とペスト研究所という文脈から公衆衛生上の重大性が高く、続報の注視およびフルリスク評価への移行が妥当と判断した。タイ渡航歴の仮説は未確認情報であり、タイでの感染事例発生を示すものではない。,
local:3469034:6,11,PICKUP,ブラジルは麻疹排除国でありながらペルーからの輸入症例（乳児がICUで重篤）が確認され、国際的拡大と異常性の2基準を満たすためフルリスク評価が必要。,Measles,Playa de las Américas; São Paulo; Amazonas; Rio de Janeiro; Rio de Janeiro; São Paulo; Canary Islands; United States; Republic of Guatemala; Republic of Peru; Federative Republic of Brazil; Mexico; Kingdom of Spain; Canada; Acre; Madre de Dios; Brasiléia; Puerto Maldonado; Rio Branco; Tabatinga; Republic of Colombia,,"Measles spreads across the Americas, and Brazil reinforces vaccination.",2026-10-08T18:20:48+00:00,https://aquinoticias.com/viva-vida/saude-e-bem-estar/sarampo-avanca-nas-americas-e-brasil-reforca-vacinacao/,https://aquinoticias.com/viva-vida/saude-e-bem-estar/sarampo-avanca-nas-americas-e-brasil-reforca-vacinacao/; https://oaltoacre.com/acre-investiga-dois-casos-suspeitos-de-sarampo-vindos-do-peru-e-prepara-vacinacao-de-bloqueio/; https://ac24horas.com/2026/10/08/fiocruz-confirma-casos-de-sarampo-em-bebe-e-mulher-no-acre/; https://contilnetnoticias.com.br/destaque-2/em-nota-sesacre-diz-que-investigacao-epidemiologica-continua-em-casos-de-sarampo/; https://ac24horas.com/2026/10/08/saude-do-ac-monitora-pessoas-que-tiveram-contato-com-casos-suspeitos-de-sarampo/; https://contilnetnoticias.com.br/destaque-2/acre-prepara-bloqueio-vacinal-apos-casos-suspeitos-de-sarampo-vindos-do-peru/; https://contilnetnoticias.com.br/destaque/bebe-esta-em-estado-grave-com-suspeita-de-sarampo-no-acre-saude-investiga-dois-casos/; https://ac24horas.com/2026/10/08/acre-notifica-dois-casos-suspeitos-de-sarampo/; https://ac24horas.com/2026/10/08/sarampo-volta-a-preocupar-no-amazonas-9-dos-10-infectados-nao-estavam-vacinados/; https://dol.com.br/carajas/noticias/brasil/964950/sarampo-avanca-nas-americas-e-saude-alerta-para-risco-no-brasil; https://agenciabrasil.ebc.com.br/radioagencia-nacional/saude/audio/2026-10/ministerio-da-saude-alerta-para-risco-de-retorno-do-sarampo-ao-brasil,PORTUGUESE,humans; environment,"- Measles spreads across the Americas; Brazil strengthens vaccination and surveillance. As of October 5, 2026, Brazil reported 52 imported cases: São Paulo 41, Amazonas 10, Rio de Janeiro 1. In the US, 2026 measles activity reached the highest level in over 35 years, with more than 90% of cases unvaccinated or vaccination status unknown. Across the Americas, the US, Guatemala, Mexico, Peru and Canada account for >95% of confirmed cases in 2026 per PAHO. Brazil remains free of endemic measles transmission, a status reaffirmed by PAHO in November 2024 after losing it in 2019; 2023–2025 Brazil reported 85 cases with no deaths. Vaccination coverage improved: 2025 first-dose MMR 93.10% nationwide; São Paulo 94.39%; Amazonas 89.54%. Four major campaigns in 2026 (São Paulo: >3.8 million doses; Amaz
- Two suspected measles cases imported from Peru raise an Acre, Brazil health alert as of 2026-10-08. Patients from Puerto Maldonado traveled via Assis Brasil and Brasileia to Rio Branco, where they’re hospitalized: an 11‑month‑old infant in grave condition in the ICU and a 30‑year‑old woman also hospitalized but not critically ill. Initial RT‑PCR tests show detectable measles virus; samples are sent to Fiocruz for confirmatory analysis. Authorities plan ring vaccination in Brasileia and Rio Branco hospital units (Huerb and Into) for those indicated to receive the vaccine, aiming to reduce transmission if confirmed. Contact tracing is led by Cievs Acre, with teams in Rio Branco and Brasileia border region, and support from the Ministério da Saúde, Lacen, Renaveh, and Peruvian health authorit
- On 2026-10-08, Fiocruz, Brazil’s national reference lab, confirmed two measles cases in Acre state, following initial RT-PCR detection. Patients are an 11-month-old child and a 30-year-old woman, both residents of Puerto Maldonado, Peru, who were treated in Rio Branco after passing through Assis Brasil and Brasileia. Epidemiological investigation ongoing to identify likely infection source, exposures, and contacts; provisional indications point to infection outside Acre, but definitive classification as imported cases awaits investigation conclusions. Health authorities are monitoring contacts and potential local transmission, with no additional cases reported at this time.
- Fiocruz confirmed two measles cases in residents of Puerto Maldonado, Peru, who were treated in Acre, Brazil, on 2026-10-08. The patients are an 11-month-old child and a 30-year-old woman from Peru who passed through Assis Brasil and Brasileia before receiving care in Rio Branco. RT-PCR had already detected the virus, and the confirmatory Fiocruz analysis classifies both as measles. Epidemiological investigation continues to identify the probable infection site, exposures, and contacts; current information points to possible infection outside Acre territory, but final classification as imported cases awaits the investigation. Authorities are monitoring close contacts and exposed individuals as part of the response.
- Measles cases under investigation in Acre, Brazil, after two suspected cases involving residents of Puerto Maldonado, Peru. As of 8 October 2026, health surveillance monitors contacts. The patients are an 11-month-old child in intensive care and a 30-year-old woman hospitalized without severe symptoms; both were treated in Rio Branco after passing through Assis Brasil and Brasileia. RT-PCR initially detected measles virus; samples go to Fiocruz for confirmatory analysis, with investigation ongoing. Findings indicate importation, with possible exposure outside Acre; final classification depends on the investigation. Vaccination blocking measures are planned in Brasileia, at Huerb, and at Into, targeting indicated individuals. SESacre, Ministry of Health, Lacen, Renaveh, and municipal secret",Yes,Yes,Yes,No,3,Yes,Yes,Yes,Yes,No,4,Yes,Yes,Yes,米国・グアテマラ・メキシコ・ペルー・カナダでの症例増加も報告されているが、対象国リストにはブラジルのみ該当。ペルー（プエルト・マルドナード）からアクレ州への輸入症例が中心的事案。,
local:1643084:3,9,DISMISS,季節性インフルエンザAに関する一般的な予防啓発記事であり、異常な増加や重症例・死亡の報告はなく、通常の季節性動向の範囲内と判断される。,Influenza A; Influenza,Daerah Khusus Ibukota Jakarta; Jakarta; Republic of Indonesia; Taman Sari; Provinsi Bali; Denpasar,,"To Prevent Influenza A, Masks and Vaccination Become Options.",2026-10-08T16:57:02+00:00,https://leisure.harianjogja.com/r-1274270/cegah-influenza-tipe-a-masker-dan-vaksinasi-jadi-pilihan,https://leisure.harianjogja.com/r-1274270/cegah-influenza-tipe-a-masker-dan-vaksinasi-jadi-pilihan; https://lifestyle.sindonews.com/read/1758389/155/dosen-unika-atma-jaya-bagikan-5-langkah-sederhana-mencegah-penularan-influenza-a-1791454224; https://lifestyle.batampos.co.id/5-langkah-sederhana-cegah-penularan-influenza-a/; https://ameera.republika.co.id/berita/tmkr9f328/penggunaan-masker-bantu-kurangi-risiko-penularan-influenza-a; https://mediaindonesia.com/kesehatan/942038/masker-efektif-kurangi-risiko-penularan-influenza-tipe-a; https://koran-jakarta.com/2026-10-08/dokter-ingatkan-pakai-masker-untuk-kurangi-risiko-penularan-influenza-tipe-a; https://jatim.antaranews.com/berita/1105052/pakar-masker-bantu-kurangi-risiko-penularan-influenza-tipe-a; https://www.antaranews.com/berita/5776376/lima-langkah-sederhana-untuk-mencegah-penularan-influenza-a; https://tirto.id/influenza-a-terdeteksi-di-bali-apa-yang-perlu-diwaspadai-hDCA,INDONESIAN,humans,"- As of 8 October 2026, Indonesia emphasizes preventing Influenza A with masks and annual vaccination. In Jakarta, Dr. Andrew Adhytia Lieputra, Sp.MK, advises wearing masks in crowded or enclosed settings to reduce transmission and protect others by limiting respiratory particles. Vaccination is recommended yearly, especially for children and the elderly, with vaccine composition updated to match circulating strains; antibody protection wanes over time. The public should follow cough and sneeze etiquette—disposables tissues disposed after use; if unavailable, cover with the inside of the elbow. Hand hygiene is essential, via soap and water or alcohol-based sanitizer. Influenza A spreads through respiratory droplets; symptoms typically appear 1–4 days after exposure and include fever, chills,
- Influenza A activity is rising in Indonesia and Southeast Asia, with Jakarta reporting increased cases. Surveillance through early September 2026 places overall influenza activity in a medium range and showing seasonal upswings typical for Indonesia. The report quotes Unika Atma Jaya Medical lecturer Dr. Andrew Adhytia Lieputra, who notes Influenza A is caused by an influenza A virus and can occur year-round, with higher case numbers during certain periods. Common symptoms include fever, chills, sore throat, headache, muscle pains, and fatigue, often accompanied by cough and malaise. Transmission occurs via respiratory droplets emitted during coughing, sneezing, talking, or breathing, especially at close range. There is no mention of laboratory-confirmed case counts, fatalities, or importe
- Influenza A transmission in Indonesia can be reduced with five daily steps. In Jakarta, Dr. Andrew Adhytia Lieputra, Sp.MK, recommends: 1) healthy living—balanced nutrition, regular exercise, adequate sleep; 2) annual influenza vaccination, updated to match circulating strains, with waning antibody protection over time; 3) mask use in high‑risk or crowded enclosed settings; 4) proper cough and sneeze etiquette—tissues or elbow coverage and prompt disposal; 5) rigorous hand hygiene with soap and water or alcohol-based sanitizers. Flu spreads via respiratory particles at close range, with symptoms appearing 1–4 days after exposure: fever, chills, sore throat, headache, myalgia, fatigue, cough or runny nose. High‑risk groups include children under five, elderly, pregnant women, and those with
- Influenza A remains circulating in Jakarta, with ongoing community transmission. Mask use reduces shedding and inhalation of respiratory particles from infected individuals, especially in crowded or enclosed settings. Annual vaccination is recommended, particularly for high-risk groups such as children and the elderly, though vaccine composition is updated to match circulating strains and protection wanes over time. Cough and sneeze etiquette: cover with a tissue or the inside of the elbow, not the hand. Hand hygiene—washing with soap and water or using alcohol-based sanitizer—helps reduce transmission. Maintaining overall health through balanced nutrition, regular exercise, and adequate sleep supports immune function. Influenza spreads mainly via droplets from coughing, sneezing, talking,
- Influenza A transmission risk reduced by consistent mask use, according to Dr. Andrew Adhytia Lieputra, Sp.MK, a clinical microbiology specialist. In Jakarta (8 Oct), masks lessen respiratory droplets from sick individuals and offer added protection to bystanders, particularly in crowded or enclosed spaces with high transmission risk. Influenza A spreads via droplets during coughing, sneezing, or talking; symptoms often include fever, chills, sore throat, headache, muscle aches, and extreme fatigue, appearing 1–4 days after exposure. Annual vaccination remains crucial, especially for children under five, the elderly, pregnant women, and those with chronic diseases, with updates needed as the virus evolves and antibody protection wanes. Other measures: proper cough etiquette, hand hygiene w",No,No,No,No,0,No,不明,Yes,Yes,No,2,No,No,No,記事はジャカルタおよびインドネシア全体での季節性インフルエンザA流行に関する予防啓発情報であり、具体的な症例数・死亡者数・異常な増加傾向の記載はない。公衆衛生専門家による一般的な予防策（マスク、ワクチン接種、手指衛生等）の紹介が中心。,
local:3469034:3,7,DISMISS,本記事はブラジル産マラリアワクチン（Vivaxin）の第1相臨床試験承認に関する科学・規制ニュースであり、感染症の発生・流行を報じるものではないため、IHR/WPROのいずれの基準にも該当しない。,Malaria Non Falciparum; Malaria; Malaria Falciparum,Canary Islands; Playa de las Américas; Kingdom of Spain; Federative Republic of Brazil; Roraima; Pará; Tocantins; Amazonas; Amapá; Maranhão; Rondônia; São Paulo; São Paulo,,Urgent alert: Anvisa authorizes trials of Brazil's first malaria vaccine in humans.,2026-10-08T20:22:25+00:00,https://1news.correiobraziliense.com.br/noticia/893775/vida-e-saude/alerta-urgente-anvisa-libera-testes-da-1a-vacina-brasileira-contra-a-malaria-em-humanos-08102026,https://1news.correiobraziliense.com.br/noticia/893775/vida-e-saude/alerta-urgente-anvisa-libera-testes-da-1a-vacina-brasileira-contra-a-malaria-em-humanos-08102026; https://www.cnnbrasil.com.br/saude/anvisa-autoriza-testes-em-humanos-de-vacina-brasileira-contra-malaria/; https://www.infobae.com/america/agencias/2026/10/08/autorizan-el-inicio-de-las-pruebas-clinicas-de-una-vacuna-brasilena-contra-la-malaria/; https://www.elheraldo.co/mundo/2026/10/08/brasil-autoriza-ensayos-clinicos-de-su-primera-vacuna-contra-la-malaria/; https://jornalpanoramaminas.com.br/vacina-brasileira-contra-malaria-vivax-comeca-a-ser-testada-em-humanos/; https://www.diariodaamazonia.com.br/noticia/7/451740/; https://www.ocafezinho.com/2026/10/08/anvisa-autoriza-testes-em-humanos-de-vacina-da-ufmg-contra-malaria/,PORTUGUESE,vectors; humans,"- On 2026-10-08, Brazil's Anvisa authorized the first human trials of Vivaxin, a Plasmodium vivax–targeted malaria vaccine developed entirely in Brazil by UFMG, USP, and Cristália. The Phase 1 study will enroll 48 healthy adults (18–59) who have never had malaria, at Hospital das Clínicas da UFMG in Belo Horizonte. Participants will be randomized to receive varying doses of Vivaxin or placebo, with three injections at 28-day intervals and about a year of follow-up to assess safety, immunogenicity, and determine the optimal dose. Regulatory approval for clinical testing does not imply commercialization. Plasmodium vivax accounts for the majority of malaria cases in the Americas (over 63%), and transmission occurs via female Anopheles mosquitoes. The initiative underscores Brazil’s pharmacotec
- Vivaxin, a vaccine against Plasmodium vivax, received Anvisa authorization for first-in-human trials, published 7 October 2026 in the Diário Oficial da União. Phase 1 will enroll 48 healthy volunteers aged 18–59 with no malaria history, randomized to three vaccine doses versus placebo. Three-dose schedule at 28-day intervals with 360-day follow-up at the Clinical Research Center of Hospital das Clínicas da UFMG, Belo Horizonte. Developed by UFMG’s CTVacinas in partnership with USP and Cristália, Vivaxin aims to complement RTS,S/AS01 and R21/Matrix-M targeting P. falciparum. If safe and immunogenic, results could support malaria control and elimination in Brazil and Latin America. In Brazil, malaria concentrates in the Amazon region, with autochthonous cases mainly in Acre, Amazonas, Amapá,
- As of 8 October 2026, Brazil's Anvisa authorized phase 1 clinical trials of Vivaxin, a malaria vaccine developed by Brazilian scientists, enrolling 48 healthy volunteers aged 18–59 with no malaria history. The trial will be conducted at the Clinical Investigations Center of the Hospital das Clínicas of UFMG in Belo Horizonte. Vivaxin results from a collaboration between UFMG, USP, and Cristália, led by the CT-Vacinas center. The phase 1 study uses a three-dose regimen at 28-day intervals with a one-year follow-up to assess safety and immunogenicity; efficacy will not yet be determined. Current WHO-recommended vaccines target Plasmodium falciparum, while P. vivax remains prominent in Latin America and Asia. In 2024, vivax accounted for 63.1% of estimated malaria cases in the Americas and ab
- Brazil authorizes phase 1 trials of Vivaxin, its first malaria vaccine, after Anvisa approval. Vivaxin targets Plasmodium vivax, prevalent in Latin America and Asia, and results from a collaboration among UFMG, USP, and Cristália (CT-Vacinas). The study will enroll 48 healthy adults (18–59) with no malaria history at the Clinical Investigations Center, Hospital das Clínicas, UFMG, Belo Horizonte. Participants will receive three doses at 28-day intervals or placebo, with about a year of follow-up to assess safety, adverse events, and immunogenicity across dose levels; efficacy will be evaluated in later trials. WHO-approved vaccines RTS,S/AS01 and R21/Matrix-M target P. falciparum. In 2024, P. vivax accounted for 63.1% of malaria cases in the Americas; globally, about 9.9 million vivax case
- Vivaxin, a Brazilian vaccine candidate against malaria caused by Plasmodium vivax, received Anvisa authorization to begin first-in-human trials. Developed by UFMG in partnership with USP and Cristália, the phase 1 study will enroll 48 healthy adults (ages 18–59) to evaluate safety, adverse events, and the immune response, with 360 days of follow-up. The trial aims to establish immunogenicity and safety, not efficacy; upcoming phases will test larger groups for infection prevention. There is currently no vaccine available for vivax malaria. Malaria remains a challenge in Brazil, particularly in the Amazon region, which hosts the highest case load. In 2025, Brazil reported more than 118,000 locally acquired cases. If safety and immunogenicity are favorable, Vivaxin would proceed through furt",No,No,No,No,0,No,No,No,No,No,0,No,No,No,記事はマラリアワクチン（Vivaxin）のPhase 1臨床試験承認を報じる医療・科学ニュースであり、アウトブレイクや公衆衛生上の緊急事態に関する情報ではない。ブラジルのアマゾン地域における既存のマラリア流行状況への言及はあるが、これは背景情報であり新規発生イベントではない。,
local:2300660:0,7,PICKUP,ガーナ北西部で黄熱病の確定例を含む約450件の疑い例が報告され、国家迅速対応チームが展開されるなど、IHR基準・WPRO基準ともに複数該当し社会的関心も高いため、フルリスク評価が必要。,Yellow Fever,Republic of Ghana; Republic of Senegal; Accra; Greater Accra Region; Canary Islands; Africa; Playa de las Américas; Kingdom of Spain,,Ghana needs emergency health fund to respond swiftly to outbreaks - SEND Ghana,2026-10-08T21:21:36+00:00,https://www.myjoyonline.com/ghana-needs-emergency-health-fund-to-respond-swiftly-to-outbreaks-send-ghana/,https://www.myjoyonline.com/ghana-needs-emergency-health-fund-to-respond-swiftly-to-outbreaks-send-ghana/; https://www.myjoyonline.com/yellow-fever-outbreak-govt-must-prioritise-local-vaccine-manufacturing-send-ghana/; https://www.myjoyonline.com/fumigation-must-begin-immediately-to-contain-suspected-yellow-fever-send-ghana/; https://www.adomonline.com/govt-deploys-national-rapid-response-team-to-upper-west-over-yellow-fever-cases/; https://www.adomonline.com/health-minister-reveals-450-suspected-yellow-fever-cases-recorded-since-june/; https://www.myjoyonline.com/450-suspected-yellow-fever-cases-recorded-across-ghana-since-june-health-minister/; https://www.xinhuanet.com/20261008/3d0896c9c23e4974baa3ddc1d3240c10/c.html,ENGLISH,humans; vectors; environment,"- Ghana needs a dedicated public health emergency fund to enable rapid outbreak responses, says SEND Ghana. The fund would reduce bureaucratic delays in mobilising resources during emergencies, allowing swift interventions across the country. Authorities are managing suspected yellow fever cases nationwide, with about 450 suspected cases recorded between June and September 2026; 74 were recorded in the Upper West Region, of which three have been laboratory-confirmed as yellow fever. Health Minister Kwabena Mintah Akandoh notes the 2026 yellow fever activity. SEND Ghana also urges strengthening local vaccine manufacturing capacity, exploring partnerships with private producers to boost vaccine supply and secure isolation spaces. Overall, the calls emphasize preparedness and timely resource de
- Yellow fever in Ghana prompts calls for local vaccine manufacturing. As of June–September 2026, Ghana reports about 450 suspected yellow fever cases nationwide, with 74 suspected in the Upper West Region and 3 confirmed as yellow fever there. SEND Ghana's Harriet Nuamah Agyemang urges the government to prioritise domestic vaccine production to strengthen outbreak preparedness and reduce reliance on external sources. She calls for evaluating the vaccine manufacturing initiative and the activities of the vaccine institute established by the previous government, and for closer public–private collaboration to secure or produce vaccines quickly in emergencies. Health Minister Kwabena Mintah Akandoh noted the ongoing suspected cases as authorities respond to the situation across the country.
- Ghana faces suspected yellow fever with calls for immediate fumigation of affected communities to curb spread. Health Minister Kwabena Mintah Akandoh said about 450 suspected yellow fever cases were recorded nationwide from June to September 2026, including 74 in the Upper West Region, with three of those 74 laboratory-confirmed as yellow fever. Authorities emphasize suspected cases must undergo laboratory confirmation before attributing illness or deaths to yellow fever. The government has sent samples to Senegal for further testing and cannot officially declare a yellow fever outbreak until confirmation is received. SEND Ghana Director Harriet Nuamah Agyemang urged urgent fumigation and warned that delays could worsen fear and transmission. She criticized bureaucratic delays in releasing
- Yellow fever cases in Ghana trigger government response as a National Rapid Response Team is deployed to the northern regions, with emphasis on the Upper West Region after confirmed cases. Health Minister Kwabena Mintah Akandoh said designated sections of district hospitals in affected communities have been isolated to manage suspected and confirmed cases. Surveillance has been heightened and laboratories supplied with reagents to support testing and confirmation. As of yesterday, about 450 suspected cases were reported from June to September, including 74 suspected cases from Upper West and three confirmed cases in Upper West. The minister urged calm and public cooperation while noting that all necessary response measures are in place, aiming to contain transmission and prevent further sp
- Yellow fever activity in Ghana: Health Minister Kwabena Mintah Akandoh disclosed about 450 suspected yellow fever cases recorded from June to September 2026, with 74 suspected cases in the Upper West Region and 3 confirmed in that region as of 7 October 2026 (yesterday). Laboratory confirmation is required to attribute deaths to yellow fever. Authorities have intensified surveillance and response, especially in northern Ghana; laboratories have been supplied with testing reagents, and a National Rapid Response Team has been deployed to the Upper West Region following confirmations. Designated areas at district hospitals have been isolated to support management of suspected and confirmed cases. Officials urge the public and media not to panic while containment measures are activated.",Yes,Yes,Yes,不明,3,Yes,Yes,Yes,Yes,Yes,5,Yes,Yes,Yes,黄熱病は蚊媒介性で、ガーナ北西部（Upper West Region）で確定例が発生し、国家レベルでの対応（隔離、サーベイランス強化、検体をセネガルへ送付）が行われている。セネガルは検査協力先であり発生地ではないためverified_locationsから除外。,
local:3469034:4,6,WATCH,疥癬はIHR対象となる重篤・国際拡大リスクの高い疾患ではないが、学校閉鎖や複数自治体への拡大など社会的影響があり、続報を注視する必要がある。,Scabies,Minas Gerais; Lagoa Santa; Federative Republic of Brazil; Lavras; Itapecerica; Alfenas; Andradas,,"Human scabies outbreak closes schools and leaves more than 8,000 students without classes in Greater Belo Horizonte.",2026-10-08T18:23:19+00:00,https://noticias.r7.com/minas-gerais/balanco-geral-mg/video/surto-de-sarna-humana-fecha-escolas-e-deixa-mais-de-8-mil-alunos-sem-aula-na-grande-bh-08102026/,https://noticias.r7.com/minas-gerais/balanco-geral-mg/video/surto-de-sarna-humana-fecha-escolas-e-deixa-mais-de-8-mil-alunos-sem-aula-na-grande-bh-08102026/; https://aqui.uai.com.br/cidades/lagoa-santa-suspende-aulas-em-toda-a-rede-municipal-apos-surto-de-escabiose-atingir-241-casos/; https://www.hojeemdia.com.br/minas/sarna-humana-ja-provocou-surtos-em-sete-cidades-de-minas-saiba-onde-1.1136121; https://aqui.uai.com.br/cidades/surto-de-sarna-faz-escolas-da-grande-bh-suspenderem-aulas/; https://www.hojeemdia.com.br/minas/lagoa-santa-suspende-aulas-apos-registrar-mais-de-240-casos-de-sarna-1.1136120; https://n3news.com.br/2026/10/lagoa-santa-suspende-aulas-por-surto-de-sarna,PORTUGUESE,humans,"- Human scabies outbreak in Lagoa Santa, in the Belo Horizonte Metropolitan Region (Greater Belo Horizonte), Brazil, has led to municipal school closures. The outbreak has 241 notified cases with 50 new cases in recent days. About 8,000 students from 25 municipal units are missing classes on Oct 8 and 9, with return planned for Oct 19. No laboratory confirmation details or infection source are provided in the report, and there are no deaths noted. The situation underscores pediatric education disruption within the Belo Horizonte area due to the scabies outbreak. Overall, the incident underscores the impact of communicable skin infections on schooling in urban areas around Belo Horizonte. Public health officials are monitoring incidence and advising hygiene measures.
- Lagoa Santa, Região Metropolitana de Belo Horizonte, Minas Gerais, Brazil, reports a scabies outbreak now totaling 241 confirmed cases, with 50 new notifications in 24 hours. The first official case was identified on Sept 18 at Escola Municipal Mércia Margarida Lacerda in Moradas da Lapinha, from which the parasite spread. In response, authorities suspended all in-person classes across the municipal network on Oct 8–9, extending after parental pressure from the epicenter outbreak. A return to classes is planned for Oct 19, following a 12–15 October recess. Control measures include thorough cleaning, pest control (dedetização), and sanitization of desks, toys, mattresses, carpets, and water tanks; a temporary patient care post was set up at Moradas da Lapinha school, with daily epidemiologi
- Human scabies outbreaks have reached 241 cases in Lagoa Santa, in the Belo Horizonte metropolitan area, with 50 new cases in the previous 24 hours. Seven municipalities in Minas Gerais have reported outbreaks in 2026: Andradas, Lagoa Santa, Itapecerica, Lavras, Joaquim Felício, Coronel Xavier Chaves, and Alfenas. Lagoa Santa closed schools on Oct 8–9 as cases mounted. Scabies is not on Brazil's or Minas Gerais' official lists of notifiable diseases, so there is no consolidated state total; municipalities must report two or more linked cases to SES-MG via CIEVS-Minas or the responsible technical area. The SES-MG monitors the outbreaks, provides technical support, and advises on isolation periods, prevention, and control measures. Municipal health teams, with SES-MG support, coordinate with 
- Scabies (Sarcoptes scabiei) outbreak in Lagoa Santa, Belo Horizonte metropolitan region, Minas Gerais, Brazil, with 241 confirmed cases and 50 new notifications in the last 24 hours. Lagoa Santa closed all municipal schools for Oct 8–9, 2026; the precautionary closure aims to curb transmission, not a routine control step. Daily monitoring continues via a municipal Situation Room involving Health, Education, Social Welfare, Epidemiological Surveillance, and UBS management. Earlier, Oct 1–2, 2026, the municipality suspended classes at Escola Municipal Mércia Margarida Maria after 21 cases and one teacher. Transmission is mainly through prolonged direct contact and contaminated items. Symptoms: intense itching, especially at night, and skin lesions on hands, wrists, elbows, armpits, waist, bu
- As of 8 October 2026, Lagoa Santa in the Belo Horizonte metropolitan area, Minas Gerais, Brazil, reports 241 scabies cases, with 50 new cases in the last 24 hours, leading to school closures on 8–9 October as a precaution. The measure, not a routine recommendation for scabies management, aims to support transmission control, with health and education secretariats monitoring health units, the hospital, and families to ensure proper treatment and rapid case finding. Suspected cases should seek health assessment; households should clean clothes, bedding, towels, and personal items and avoid close contact to reduce transmission and reinfestation. Previously, Lagoa Santa closed Escola Municipal Mércia Margarida Maria on 1–2 October after 21 cases among students and a teacher. Minas Gerais SES-M",No,No,No,No,0,Yes,No,Yes,Yes,No,3,Yes,Yes,No,疥癬はブラジル・ミナスジェライス州の届出義務疾患に指定されておらず、州全体の集計データがない。死亡例なし、重症度は低いが、複数自治体（7市町）で発生し学校閉鎖が続いている点は注視すべき。,
local:1269750:5,5,PICKUP,ロシア・イルクーツクの研究所関連で肺ペスト（Yersinia pestis）疑いの死亡例が発生し、WHOが情報提供を要請、米国も対応を迫るなど国際的な関心・懸念が高まっているため、フルリスク評価に進むべき事案と判断。,Plague; Pneumonic Plague,State of Mahārāshtra; State of Gujarāt; Surat; Latur; Russian Federation; Republic of India; Irkutskaya Oblast’; Irkutsk; Central Africa; People's Republic of China; Goa; United States; Kyrgyz Republic; Republic of Kazakhstan; Republic of Uzbekistan,,"India's 1994 Plague Investigator Speaks To Times Now Digital On Russian Plague: 'Nothing To Really Fear, But We Must Be Vigilant'",2026-10-08T12:50:58+00:00,https://www.timesnownews.com/health/indias-1994-plague-investigator-speaks-to-times-now-digital-on-russian-plague-nothing-to-really-fear-but-we-must-be-vigilant-article-156298157,https://www.timesnownews.com/health/indias-1994-plague-investigator-speaks-to-times-now-digital-on-russian-plague-nothing-to-really-fear-but-we-must-be-vigilant-article-156298157; https://www.danas.rs/vesti/drustvo/plucna-kuga-simptomi/; https://www.livehindustan.com/national/what-the-indian-government-said-amidst-the-plague-in-russia-201791433980787.html; https://newstrack.com/world/russia-pneumonic-plague-lab-worker-death-who-us-india-impact-638221; https://newstrack.com/world/russia-pneumonic-plague-virus-india-risk-latest-update-638194,ENGLISH,animals; environment; humans; vectors,"- As of 2026-10-08, Dr N K Ganguly, who helped investigate India's 1994 plague outbreak, confirms Yersinia pestis as the cause. The outbreak originated in Maharashtra after the Latur earthquake, when migration and stored grain altered rodent populations, triggering an initial bubonic form that spread pneumonically in Surat during incubation. Lung samples and other specimens established the pathogen, with findings published in Nature. Researchers also detected small pockets of plague transmission in India and other countries, often where wild or feral animals sustain infections. The episode caused substantial economic damage through trade and travel disruptions, underscoring the need for robust surveillance. On Russia, Ganguly says there is no reason for India to panic; plague is not highly t
- Pneumonic plague has appeared in Russia, linked to the death of a young laboratory technician at Irkutsk's Institute of Plague. The WHO notes pneumonic plague is the most virulent form of Yersinia pestis infection, with incubation as short as 24 hours. It spreads via respiratory droplets and can be fatal if not diagnosed and treated promptly; survival improves when treatment starts within a day of symptoms. Principal symptoms are severe respiratory distress and coughing, often with blood-tinged sputum. The plague exists in three forms: bubonic (lymph nodes) and septicemic (blood) in addition to pneumonic. Global cases total about 1,000–3,000 annually, with bubonic most common in Central Africa, but cases have occurred in Russia, India, and China. Transmission routes include flea bites, con
- Plague-related concerns in Russia involve Indian nationals after Darya Shipilova potentially came into contact with plague bacteria while working at a plague prevention institute. At least five regional hospitals remain under surveillance, and roughly 200 people who had contact with Shipilova are being medically monitored as a precaution; reports indicate she has been quarantined. The article, dated 2026-10-08, also discusses how many Indians are currently in Russia and summarizes the Indian government’s statements in response to the plague risk. The piece centers on exposure risk, ongoing monitoring, and containment actions rather than confirmed cases or fatalities, noting that laboratory confirmation may be pursued. The infection source is linked to the plague prevention facility, with e
- Pneumonic Plague concerns rise in Siberia after the death of a 28-year-old woman at the Irkutsk Anti-Plague Research Institute, following severe pneumonia on October 2, potentially caused by Yersinia pestis. About 200 close contacts have been placed under medical surveillance, with thousands of tests conducted; Russia says no plague cases among contacts. WHO has requested detailed information, including lab tests on the deceased, contact investigations, and public health measures; they are awaiting a fuller picture before assessing outbreak risk. The U.S. administration has formally pressed Russia for information; the CDC rates current U.S. risk as very low but continues heightened monitoring of travelers from Siberia. Russia and European sources maintain no evidence of transmission beyond
- Russia’s Pneumonic Plague scare centers on a 28-year-old woman in the Irkutsk region (Shelekhov hospital) who reportedly died after exposure; some reports linked the death to pneumonic plague, while Russia’s Rospotrebnadzor states the death was due to pneumonia and no dangerous pathogen was found in tested samples. Despite conflicting accounts, authorities quarantined hospital staff and placed about 200 people under surveillance; new admissions were halted and several health centers temporarily closed. Public events were canceled and masks were mandated in some areas, with discussions of lockdown but officials urged calm. There is no confirmed spread to India as of 2026-10-08, and Russian officials deny a plague outbreak. Neighboring Central Asian countries—Kazakhstan, Uzbekistan, Kyrgyzst",Yes,Yes,Yes,不明,3,Yes,Yes,不明,Yes,不明,3,Yes,Yes,Yes,イベントの主要発生地はロシア・イルクーツク州（対象国リスト外）。インドは過去（1994年）の専門家コメントと在ロシア邦人への影響という文脈で言及されているのみで、インド国内での現行発生は『確認されていない』と明記されている。中国・中央アジア諸国も一般的言及に留まり、現行の対象国内発生は確認できないためverified_locationsは空とした。,
local:3469034:1,5,WATCH,ロシアの研究者の死亡例（肺ペスト疑い）についてWHOが調査中だが未確認であり、対象国（ブラジル・中国・DRC・タイ等）は自然感染巣としての背景情報として言及されているのみで、実際の患者発生は確認されていないため続報を注視する。,Pneumonic Plague; Plague,Ceará; Federative Republic of Brazil; Russian Federation; Africa; United States; Republic of Madagascar; Republic of France; Republic of Peru; People's Republic of China; Democratic Republic of the Congo; Mongolia; Plurinational State of Bolivia; Republic of Ecuador; Dominican Republic; Irkutskaya Oblast’; Shelekhov; Kingdom of Thailand,,"What is pneumonic plague, what are its symptoms, and why is it so dangerous?",2026-10-08T15:00:00+00:00,https://vtvnews.com.br/saude-e-bem-estar/peste-pneumonica-sintomas-transmissao-riscos-bs/,https://vtvnews.com.br/saude-e-bem-estar/peste-pneumonica-sintomas-transmissao-riscos-bs/; https://www.7sur7.be/sante/cette-alerte-est-inquietante-mais-y-a-t-il-un-risque-de-diffusion-de-la-peste-en-europe~abbf2f26/; https://www.infobae.com/republica-dominicana/2026/10/08/republica-dominicana-activa-vigilancia-sanitaria-ante-una-investigacion-por-peste-neumonica-en-rusia/; https://dominicantoday.com/dominican-republic-strengthens-health-surveillance-amid-plague-concerns-in-russia/; https://hoy.com.do/el-pais/republica-dominicana-atenta-brote-peste-neumonica_1104873.html,PORTUGUESE,humans; animals; vectors; environment,"- In Siberia, Russia, a 28-year-old researcher at an institute studying dangerous pathogens died under investigation for pneumonic plague, the most severe form caused by Yersinia pestis. The World Health Organization is monitoring the case, but the cause remains unconfirmed. Pneumonic plague attacks the lungs and can be fatal within 18–24 hours without treatment. Key symptoms include high fever with chills, headache and body aches, cough (potentially bloody), shortness of breath, chest pain, fatigue, nausea and vomiting. Transmission occurs via respiratory droplets between people and can also occur through contact with infected animals, with spread most likely when the patient is symptomatic. Early antibiotic therapy is critical and should begin within about 15 hours of symptom onset, even b
- No risk of plague spreading in Europe is reported by Dr. Anne-Sophie Le Guern, director of the Pasteur Institute’s National Reference Center for Plague, following the death of a Russian laboratory worker studying the disease. Plague is a wild rodent disease transmitted rodent-to-rodent via fleas, caused by Yersinia pestis circulating in animal reservoirs. The largest animal and human foci are in Africa: Madagascar is endemic with 100-500 human cases annually, and the Democratic Republic of the Congo reports 100-300 cases. Additional animal foci exist in wildlife in the Western United States, across South America including Peru and Brazil, with recent detections in Mongolia and China. The article emphasizes Europe’s lack of spread risk while highlighting the broader global distribution of r
- Dominican Republic strengthens health surveillance at airports, ports, and border crossings after information circulated about a possible death of a Russian research institute worker linked to pneumonic plague. As of October 7, there is no official confirmation that the Russian case was caused by pneumonic plague, and no cases or transmission detected in the Dominican Republic. The Ministry of Public Health aims to sustain early detection by screening travelers from areas under epidemiological surveillance, enabling timely assessment, reporting, and isolation if needed. Transmission risk focuses on close contact via respiratory droplets; early treatment with antibiotics reduces complications. The WHO is requesting additional information from Russian authorities and monitoring the case. The
- Dominican Republic strengthens epidemiological surveillance at airports, ports and land border crossings in response to a health event under investigation in Russia. As of October 7, there has been no public confirmation that a Russian research institute worker’s death was caused by pneumonic plague. WHO is monitoring the situation and has requested additional information from Russian authorities. Pneumonic plague, caused by Yersinia pestis, affects the lungs and spreads via respiratory droplets; it is treatable with antibiotics when treated promptly. The Dominican Republic is not an endemic plague country. PAHO notes natural plague foci in the Americas in Bolivia, Brazil, Ecuador, the United States and Peru, but this does not imply active outbreaks. The measures are preventive and routine
- Pneumonic plague concerns Dominican Republic, which has intensified epidemiologic surveillance at airports, seaports, and border crossings to quickly identify and notify any suspected cases among travelers from risk areas. The Ministry of Public Health emphasizes that plague is not endemic in the country. Internationally, a possible outbreak in Siberia, Russia, is being investigated after the death of a 28-year-old woman in Shélejov; two theories are considered—infection acquired in Thailand (Yersinia pestis) or a laboratory accident with a pathogen tube. The World Health Organization is monitoring the situation and has requested additional information from Russia. PAHO notes natural plague foci in Bolivia, Brazil, Ecuador, the United States, and Peru but does not indicate active outbreaks",不明,Yes,不明,No,1,Yes,不明,No,不明,不明,1,Yes,Yes,不明,記事の主たる事象はロシア・シベリアでの研究者死亡例（肺ペスト疑い、未確認）であり、ブラジル・中国・DRC・タイは自然感染巣や感染源仮説としての背景説明に過ぎず、実際の発生国とは確認できないため対象国リストからは除外した。,
local:3469034:5,5,DISMISS,ブラジル・セルバッハの裏庭養鶏での高病原性鳥インフルエンザ事例は、迅速な封じ込め対応により既に収束（closed）と宣言されており、人への感染や商業養鶏場への影響、輸出制限も発生していない。既知の病原体による通常規模の動物衛生事案であり、シグナルとしての優先度は低い。,Human Infection with Avian Influenza; Avian Influenza; Influenza; Highly Pathogenic Avian Influenza A H5N2; Highly Pathogenic Avian Influenza A H5N1; Highly Pathogenic Avian Influenza A H5N6; Highly Pathogenic Avian Influenza A H5N8; Highly Pathogenic Avian Influenza A H7N7; Highly Pathogenic Avian Influenza A H5N5,Rio Grande; Selbach; Santa Catarina; Piauí; Laguna; Garopaba; Rio Grande do Sul; Federative Republic of Brazil; Montenegro; São Paulo; Campinas,,Bird flu: is it safe to eat poultry meat and eggs? Understand the risks.,2026-10-08T14:40:08+00:00,https://www.webtvparacatu.com.br/noticias/20020-gripe-aviaria-e-seguro-consumir-carne-de-aves-e-ovos-entenda-os-riscos,https://www.webtvparacatu.com.br/noticias/20020-gripe-aviaria-e-seguro-consumir-carne-de-aves-e-ovos-entenda-os-riscos; https://www.webtvparacatu.com.br/noticias/20022-vistoria-no-foco-de-gripe-aviaria-em-ave-de-subsistencia-no-rs-e-finalizada; https://resumomt.com.br/foco-de-gripe-aviaria-e-encerrado-apos-inspecao-em-70-propriedades-no-rs; https://www.agrolink.com.br/noticias/gripe-aviaria-no-rs-nao-deve-afetar-exportacoes_519639.html; https://www.correiodopovo.com.br/not%C3%ADcias/rural/caso-de-gripe-aviaria-de-selbach-e-considerado-encerrado-1.1754501,PORTUGUESE,animals; humans,"- Bird flu (avian influenza) case confirmed in backyard poultry in Selbach, northern Rio Grande do Sul, Brazil, in early October. After confirmation, authorities inspected 70 rural properties within 3 km and a nearby commercial farm within 10 km; no birds housed there; the focus is considered closed by the DDA. Avian influenza is highly contagious, affecting wild and domestic birds and mammals; humans can be infected, though rarely. In 2025, a case at a Montenegro commercial farm led to export suspensions of Brazilian poultry. MAPA notes Selbach as the only active backyard-poultry focus in Brazil; Rio Grande do Sul regards it as closed. Three wildlife foci are under investigation: two in Santa Catarina (Garopaba and Laguna; sea lions) and one in Piauí (Coronel José Dias; a bird such as avoan
- Avian influenza focus in backyard poultry in Selbach, northern Rio Grande do Sul, Brazil, has been declared closed after a 3 km radius inspection. On Oct 7, 2026, DDA teams inspected 70 properties and a nearby commercial farm within 10 km where no poultry housing was found. DDA director Rosane Collares said the investigations found no suspicions or records, marking the focus as ended, though vigilance and routine inspections will continue locally. The new backyard poultry case in Selbach was laboratory-confirmed by the Federal Laboratory for Agricultural Defense (LFDA-SP) in Campinas on Oct 5; samples had been submitted Oct 1. Currently, Selbach is the only active backyard poultry focus in Brazil. Three other foci are under wildlife investigation—two in Santa Catarina (Garopaba and Laguna)
- Highly pathogenic avian influenza (HPAI) in Selbach, Alto Jacuí, Rio Grande do Sul, Brazil, was deemed closed after the Official Veterinary Service inspected 70 properties within a 3-km radius of the outbreak site. A commercial farm within 10 km was also inspected, but had no birds at the time. The emergency response related to the event concluded, though regional sanitary surveillance will continue under state teams. Laboratory confirmation came from the Federal Laboratory of Agricultural Defense (LFDA) in Campinas, on Oct 5, 2026, after a mortality notification on Oct 1, 2026. The virus was identified in backyard/domestic birds; no involvement of a commercial farm was confirmed. This follows a July 2026 IAAP focus in Coqueiros do Sul (subsistence birds) and the May 2025 Montenegro incide
- High-pathogenicity avian influenza (HPAI) was confirmed on Oct 5, 2026, in backyard poultry in Selbach, Alto Jacuí, Rio Grande do Sul, Brazil. The case is isolated and unlikely to immediately affect exports. Agronomist Juarez Morbini Lopes emphasized sanitary monitoring to identify additional infections and guide control measures. The SVO-RS will visit 68 properties within 3 km of the outbreak and conduct sanitary education. Samples were sent to LFDA-SP in Campinas, the OMSA reference laboratory, which confirmed the diagnosis. Under OMSA/WOAH rules, backyard HPAI does not alter the sanitary status of commercial poultry or suspend exports. Producers and residents should monitor for respiratory or neurological signs and sudden mortality, report suspicions to the nearest Inspectorate of Agric
- Avian influenza case in backyard poultry in Selbach, Alto Jacuí, Rio Grande do Sul, Brazil, is closed. The infection was confirmed by the Campinas Federal Agricultural Defense Laboratory (LFDA-SP) on Oct 5. Containment included culling the birds, disinfection, and tracing within a 3-km radius. Five field teams conducted farm inspections, with one team surveying agricultural supply sites. A total of 70 properties within the radius were visited; no clinical signs compatible with influenza were detected, including at a commercial poultry farm. Following review, containment activities are concluded, though local teams will maintain surveillance as part of routine monitoring and intensify checks at commercial poultry operations. The rapid, within-24-hours response reflects experience since the ",No,No,No,No,0,No,No,No,No,No,0,Yes,No,No,記事は一般消費者向けの食品安全性に関するQ&A記事であり、裏庭養鶏における鳥インフルエンザ事案は既に封じ込め・収束済み。商業養鶏場への感染はなく、輸出への影響もないと明記されている。他に野生動物（アシカ等）での3件の焦点が調査中だが、いずれも深刻な公衆衛生上の懸念には至っていない。,
local:3469034:12,5,WATCH,ブラジル国内で呼吸器系ウイルス（RSV、インフルエンザ、メタニューモウイルス、ライノウイルス等）によるSARI/SRAG症例が一部地域で増加傾向にあるが、全国的には安定ないし低水準であり、通常の季節性サーベイランス報告の域を出ない。,COVID-19; Influenza B; Respiratory Syncytial Virus (RSV) Infection; Influenza; Human Metapneumovirus Infection; Influenza A; Severe Acute Respiratory Syndrome (SARS),Alagoas; Roraima; Sergipe; Federative Republic of Brazil; Rio Grande; Aracaju; Acre; Rio Branco; São Luís; Maranhão; Santa Catarina; Espírito Santo; Vitória; Rio Grande do Sul; Goiás; São Paulo; São Paulo,,"Respiratory viruses are still on the rise in the country, Fiocruz warns.",2026-10-08T21:35:35+00:00,https://www.opovo.com.br/noticias/saude/2026/10/08/virus-respiratorios-ainda-estao-em-alta-no-pais-alerta-fiocruz.html,https://www.opovo.com.br/noticias/saude/2026/10/08/virus-respiratorios-ainda-estao-em-alta-no-pais-alerta-fiocruz.html; https://agenciabrasil.ebc.com.br/saude/noticia/2026-10/virus-respiratorios-ainda-estao-em-alta-no-pais-alerta-fiocruz; https://www.pontaporainforma.com.br/mato-grosso-do-sul-esta-em-alerta-para-casos-de-srag-aponta-fiocruz/; https://contilnetnoticias.com.br/noticia/alerta-casos-de-srag-por-rinovirus-aumentam-no-acre-aponta-boletim/; https://midiamax.com.br/cotidiano/2026/mato-grosso-sul-alerta-casos-srag-aponta-fiocruz/,PORTUGUESE,humans,"- Brazilian Fiocruz’s weekly InfoGripe bulletin (2026-10-08) reports rising activity of respiratory viruses nationwide. The population is urged to keep up to date with COVID-19 vaccination, and pregnant people should also be vaccinated against Respiratory Syncytial Virus (RSV). Nationally, there is a mild uptick in Severe Acute Respiratory Infection (SARI) cases among children and adolescents aged 2–14, with stabilization in other age groups. SARI cases caused by RSV and influenza B are declining, while influenza A–related hospitalizations remain at low, stable levels. Regionally, Alagoas, Roraima, and Sergipe exhibit SARI activity at alert, risk, or high-risk levels in the past two weeks, with signs of growth over the prior six weeks. The bulletin underscores continued vigilance for emergin
- Brazilian Severe Acute Respiratory Syndrome (SARS) cases from respiratory viruses rise for rhinovirus, human metapneumovirus, and SARS-CoV-2, while weekly COVID-19–related SARS remains low. Fiocruz InfoGripe (Oct 8, 2026) urges COVID-19 vaccination and RSV vaccination for pregnant women. Nationally, a mild uptick in SARS is observed among children and adolescents aged 2–14; other age groups stabilize. SARS due to RSV and influenza B decline; influenza A hospitalizations stay low. Regionally, Alagoas, Roraima, and Sergipe show alert/risk/high SARS in the last two weeks with growth in six weeks; in Alagoas and Sergipe, rises tie to metapneumovirus; Roraima data are insufficient. Five states (Maranhão, Mato Grosso, Mato Grosso do Sul, Rio Grande do Sul, Santa Catarina) and five capitals (Arac
- As of 2026-10-08, Mato Grosso do Sul is on alert for severe acute respiratory syndrome (SRAG) cases, per Fiocruz's InfoGripe bulletin. MS shows elevated SRAG alert levels, but no long-term uptrend; metapneumovirus detections are rising. Across Brazil, SRAG cases are stable or fluctuating over six weeks and increased in the last three weeks, with rhinovirus, metapneumovirus, and COVID-19 among growing viruses. RSV and influenza B SRAG cases are decreasing; influenza A remains steady and low. A slight rise in SRAG among children and adolescents aged 2–14 is noted. States with higher alert include Alagoas, Roraima, Sergipe; capitals Aracaju, Porto Alegre, Rio Branco, São Luís, and Vitória. In 2026 Brazil recorded 161,053 SRAG cases, with RSV, rhinovirus, and influenza A most detected. Under-2
- Rhinovirus-related severe acute respiratory infection (SARI) cases are rising in Acre, Brazil, according to Fiocruz’s InfoGripe bulletin released 2026-10-08. Nationally, SARI due to rhinovirus shows an increasing trend, with metapneumovirus and SARS-CoV-2 also rising. In Acre, the capital Rio Branco is at alert level with a 75% probability of case growth; it appears among cities with alert activity alongside Aracaju, Porto Alegre, São Luís, and Vitória. COVID-19–related severe cases show a slight uptick in Acre, Mato Grosso, Goiás, Distrito Federal, and São Paulo, though still at low incidence. By state, Alagoas, Roraima and Sergipe have SARI incidence at alert/risk/high risk with growth signals in the last two to six weeks (to Epidemiological Week 39). Metapneumovirus SARI cases are incre
- Severe Acute Respiratory Syndrome (SRAG) alert in Mato Grosso do Sul, Brazil, per Fiocruz InfoGripe bulletin released Oct 8, 2026. MS is among states at SRAG alert level, though no long-term rise; metapneumovirus cases are increasing there. Nationally, SRAG remains stable or fluctuating over six weeks, with increases in the last three; rhinovirus, metapneumovirus, and Covid-19 are growing. RSV and influenza B SRAG cases are declining, while influenza A remains stable and low. The bulletin notes a slight uptick among children and adolescents 2-14; higher alert levels in Alagoas, Roraima, Sergipe due to pediatric increases. Capitals Aracaju, Porto Alegre, Rio Branco, Sao Luis, Vitoria also show rising SRAG. In 2026 Brazil has 161,053 SRAG cases; RSV, rhinovirus, and influenza A are most freq",No,No,No,No,0,No,No,Yes,Yes,No,2,No,Yes,No,Fiocruz InfoGripeによる定期的な呼吸器系ウイルスサーベイランス報告であり、特定の州（Alagoas、Roraima、Sergipe、Mato Grosso do Sul、Acre等）で警戒レベルの上昇が見られるが、これは季節性の呼吸器感染症の通常変動と考えられる。国際的な公衆衛生上の脅威としての性質は低い。,
local:1327865:0,5,PICKUP,"バングラデシュで32,000人超の疑い例、250人超の死亡、21,000人超の入院という深刻な麻疹アウトブレイクが発生し、ワクチン調達政策の失敗という異常な背景とともに社会的・政治的関心も高いため、フルリスク評価に進むべき案件。",Rubella; Measles,Union of Burma; Bangladesh,,Measles spiraled out of control in Bangladesh; experts blamed the government's vaccine procurement policy | Measles crisis exposes cracks in Bangladesh's health system: Report (File image).,2026-10-08T12:22:13+00:00,https://www.bhaskarhindi.com/other/hindi-bangladesh-measles-outbreak-worsens-as-experts-blame-govts-vaccine-procurement-failure-20261008165434-1373289,https://www.bhaskarhindi.com/other/hindi-bangladesh-measles-outbreak-worsens-as-experts-blame-govts-vaccine-procurement-failure-20261008165434-1373289; https://www.newsnationtv.com/hindi-wire-detail/hindi-bangladesh-measles-outbreak-worsens-as-experts-blame-govts-vaccine-procurement-failure--20261008165434-20261008172252/; https://www.punjabkesari.com/world-news/hindi-bangladesh-measles-outbreak-worsens-as-experts-blame-govts-vaccine-procurement-failure/; https://www.thehansindia.com/news/international/bangladesh-measles-outbreak-worsens-as-experts-blame-govts-vaccine-procurement-failure-1130331; https://asianlite.com/2026/top-news/vaccine-delays-fuel-bangladesh-measles-outbreak/,HINDI,humans,"- Measles outbreak in Bangladesh intensifies from mid-March, with over 32,000 suspected cases and more than 250 deaths reported through early October 2026. The surge began in Rohingya refugee camps near the Myanmar border and spread to 58 of Bangladesh’s 64 districts, resulting in more than 21,000 hospitalizations. Government vaccine procurement policy, notably a September 2025 halt on UNICEF-facilitated purchases via an open-tender process, is blamed for vaccine shortages and disruptions to routine immunization. Procurement resumed through UNICEF in April 2026 and emergency vaccination campaigns were launched, yet transmission remains hard to curb. Routine first-dose measles-rubella vaccination coverage fell from 88.6% in 2019 to 86% in 2023, while second-dose coverage declined from 89% to 
- Bangladesh faces a severe measles outbreak with more than 32,000 suspected cases and over 250 deaths since March, spanning 58 of 64 districts and prompting over 21,000 hospitalizations. The surge is blamed on the interim government's 2025 decision to halt UNICEF-facilitated vaccine purchases via an open-tender process, delaying supply and weakening routine immunization after years of reliance on UNICEF funding from Gavi and other donors. Measles-Rubella first-dose coverage fell from 88.6% in 2019 to 86% in 2023, while second-dose coverage dropped from 89% to 80.7%, below the commonly cited 95% target. The outbreak began near the Myanmar border in Rohingya refugee camps in January and has since spread nationwide. Vaccination procurement resumed via UNICEF in April and emergency campaigns we
- Measles has spiraled in Bangladesh, with more than 32,000 suspected cases and over 250 deaths since mid-March. As of 8 October 2026, the outbreak is blamed on the interim government's September 2025 decision to suspend UNICEF-facilitated vaccine purchases and delays from an open-tender process, disrupting routine immunization. The Daily Star reports warnings that vaccine supply would falter. The outbreak began in January in Rohingya refugee camps near the Myanmar border and has spread to 58 of 64 districts, hospitalizing over 21,000. Official data showed 2025 first-dose measles-rubella vaccination at 59% coverage (later removed), and second-dose at 80.7% (down from 89%), below the ~95% typically required. Vitamin A campaigns have also failed since 2024, weakening immunity. In April, purcha
- Bangladesh’s measles outbreak has intensified, with over 32,000 suspected cases and more than 250 deaths (mostly children) since mid-March, and more than 21,000 hospitalisations. The outbreak began in January in Rohingya refugee camps near the Myanmar border and has spread to 58 of 64 districts. It follows the interim government’s September 2025 decision to halt vaccine procurement via UNICEF in favor of an open tender, a process later delayed, causing vaccine shortages and faltering routine immunisation. Procurement through UNICEF was reinstated in April, alongside an emergency vaccination drive, but authorities warn containment will be slow given rapid transmission. Only 59% of eligible children received measles vaccines in 2025 before figures were removed from official sites. Vitamin A 
- Measles outbreak in Bangladesh began January in Rohingya refugee camps near the Myanmar border, spreading to 58 of 64 districts with over 32,000 suspected cases and more than 250 deaths (predominantly children) and over 21,000 hospitalisations since mid-March. The crisis accelerated after September 2025 when the interim government halted UNICEF vaccine procurement for measles-rubella, shifting to open tender, causing procurement delays and weakened routine immunisation; Bangladesh reinstated UNICEF procurement in April and launched an emergency vaccination campaign. 2025 first-dose MR vaccination coverage was reported at 59% of eligible children (data later removed). 2023 first-dose MR coverage fell to 86% and second-dose to 80.7%, below the 95% threshold generally needed to interrupt tran",Yes,Yes,No,不明,2,Yes,Yes,Yes,Yes,Yes,5,Yes,Yes,Yes,発生地域にMyanmarが付与されているが、記事の主題はバングラデシュ国内（ロヒンギャ難民キャンプ含む58/64地区）でのアウトブレイクであり、ミャンマー国内での発生は記載されていないため除外。バングラデシュ自体は対象国リストに含まれないため verified_locations は空配列とした。,
local:1814991:13,4,PICKUP,ケニアでDRC由来とみられるエボラ(ブンディブギョ株)の輸入症例が確認され死亡、国際機関・各国からの緊急支援が動いておりIHR基準を複数満たす。,Ebola,Republic of Kenya; People's Republic of China; Nairobi; Nairobi; United States; Democratic Republic of the Congo; Republic of Uganda,,"China gives Kenya Sh259m for Ebola, drought preparedness",2026-10-08T16:20:06+00:00,https://www.businessdailyafrica.com/bd/corporate/health/china-gives-kenya-sh259m-for-ebola-5624940,https://www.businessdailyafrica.com/bd/corporate/health/china-gives-kenya-sh259m-for-ebola-5624940; https://www.kbc.co.ke/china-extends-2-million-support-to-kenya-for-ebola-preparedness-drought-relief/; https://www.kenyans.co.ke/news/127710-kenya-receives-ksh-259m-china-grant-drought-and-ebola-response; https://capitalfm.africa/china-gives-kenya-2-million-for-drought-relief-ebola-preparedness/,ENGLISH,humans; environment,"- Kenya confirmed its first imported Ebola case, prompting international support for preparedness. China provided a total of $2 million (Sh259.5 million) as a cash grant to Kenya’s National Treasury, with Sh129.5 million allocated to Ebola preparedness and a similar amount to drought response. The grant was handed over by Chinese Ambassador Guo Haiyan. The Ebola allocation aims to strengthen preparedness in light of the imported case; no case counts or fatalities are reported in the article. This assistance highlights ongoing Kenya-China cooperation to bolster public health capacity and emergency readiness for Ebola, and to support drought response, as of 8 October 2026.
- Kenya receives a $2 million (Ksh 260 million) grant from China to boost Ebola virus disease preparedness and drought relief. Of the total, $1 million funds Ebola preparedness, targeting counties identified as very high-risk and high-risk with enhanced surveillance, laboratory and diagnostic capacity, infection prevention and control, and health facilities equipped to detect and manage suspected Ebola cases. The remaining $1 million supports drought relief interventions. The funds were handed over in Nairobi by Chinese Ambassador Guo Haiyan to National Treasury Principal Secretary Chris Kiptoo, with Public Health Principal Secretary Mary Muthoni in attendance. The grant reinforces Kenya’s public health readiness and humanitarian response, aligned with Forum on China-Africa Cooperation (FOCA
- Kenya received a USD 2 million (Ksh 259 million) grant from China to strengthen Ebola detection and response, handed over to National Treasury on 8 October 2026 by Chinese Ambassador Guo Haiyan. Of the grant, Ksh 129.5 million will support drought mitigation, and the remaining Ksh 129.5 million will bolster preparedness and response to Ebola outbreaks. The move followed Kenya’s report of its first imported Ebola case on 6 October; the patient, a Kenyan man who had lived in the Democratic Republic of Congo, traveled to Nairobi via Uganda, was isolated at Nairobi Hospital and died and was buried. Kenya sought USD 400 million emergency funding from the World Bank’s Rapid Response Option and is mobilising Ksh 70 billion for outbreak containment, with initial Ksh 2.6 billion set aside and a fur
- On Oct 8, 2026, China granted Kenya US$2 million, with US$1 million for drought mitigation and US$1 million for Ebola preparedness. Handover occurred at the National Treasury with Chinese Ambassador Guo Haiyan; Kenya's National Treasury Principal Secretary Dr. Chris Kiptoo and Public Health and Professional Standards Principal Secretary Mary Muthoni attended. The Ebola component follows Kenya confirming its first imported Bundibugyo Ebola case, underscoring the need to detect, isolate, and respond to high-risk diseases. The drought funding will bolster climate resilience and protect livelihoods and food security in vulnerable areas. The grant reinforces the Kenya-China partnership across infrastructure, development, health, and socioeconomic sectors in response to climate-related emergenci",Yes,Yes,Yes,不明,3,Yes,Yes,不明,Yes,Yes,4,Yes,Yes,Yes,記事の主題はケニアにおける輸入エボラ症例と中国からの支援であり、対象国リストにケニアは含まれない。患者はDRCに居住歴があったが、発症・診断・死亡はケニアで発生しており、DRCでの発生事例として扱う根拠は本文からは確認できないため除外した。,
local:895949:1,4,PICKUP,DRCから輸入されたエボラ（ブンディブギョ株）感染例がケニアで確認され死亡、57名の接触者調査や複数国からの渡航者への検疫強化が行われており、IHR基準（深刻性・異常性・国際拡大・渡航制限）を複数満たすためフルリスク評価が必要。,Ebola; Machupo,Nairobi; Nairobi; United States; Republic of the Sudan; Republic of Angola; Central African Republic; Federal Democratic Republic of Ethiopia; Republic of Zambia; Republic of Rwanda; Democratic Republic of the Congo; Republic of Kenya; United Republic of Tanzania; Republic of Burundi; Republic of Uganda; United Kingdom of Great Britain and Northern Ireland; Wajir; Habaswein; Busia; Busia,,Kenya Tightens Ebola Checks at Nairobi Airport on 7 October,2026-10-08T15:03:00+00:00,https://www.riotimesonline.com/kenya-ebola-screening-nairobi-airport-us-travellers-2026/,https://www.riotimesonline.com/kenya-ebola-screening-nairobi-airport-us-travellers-2026/; https://www.kenyans.co.ke/news/127697-kenya-reassures-tourists-investors-ebola-case-triggers-travel-warnings; https://www.kenyans.co.ke/news/127687-kenyan-isolated-viral-hemorrhagic-fever-after-drc-travel; https://www.the-star.co.ke/health/2026-10-08-kenya-puts-travellers-from-10-countries-under-tighter-ebola-screening,ENGLISH,humans; environment,"- Kenya tightened Ebola screening at Nairobi’s Jomo Kenyatta International Airport after confirming its first imported case on 6 October. Arrivals from 10 African countries—DRC, Uganda, Rwanda, Burundi, South Sudan, Ethiopia, Angola, Zambia, Tanzania and the Central African Republic—are now processed at Gate 16, with verified health details and disclosure of medicines taken in the prior month. The patient, a Kenyan citizen who had lived in the Democratic Republic of Congo, traveled via Uganda to Nairobi on Jambojet flight 8523 (3 October) and died at The Nairobi Hospital. Bundibugyo ebolavirus is involved; Congo’s outbreak had 8,665 confirmed cases and 4,178 deaths by 5 October. By 8 October, 57 contacts were identified (including 23 passengers and 4 crew), with 10 in quarantine. Kenya has 2
- Ebola case imported into Kenya from the Democratic Republic of Congo; a traveler died in Kenya after contracting Ebola, confirmed Oct 6. Fifty-seven contacts identified, with 10 in quarantine as tracing continues. Health Cabinet Secretary Aden Duale said the single imported case does not indicate an outbreak and Kenya remains open to travellers, with response guided by verified epidemiological data and public health protocols. The government has intensified surveillance, set up emergency response structures, and designated isolation, treatment and quarantine facilities with a combined capacity of 241 beds. To date, 268 samples have been tested, with results in 6–12 hours. Enhanced screening at JKIA targets arrivals from 10 countries, including the DRC, Uganda, Tanzania, Ethiopia, Angola, Z
- Kenya is assessing a suspected imported viral hemorrhagic fever case in Habaswein, Wajir South, after a 20-year-old cargo truck driver who travelled from the Democratic Republic of Congo (DRC) via Uganda and other Kenyan routes arrived on September 20. He developed severe illness with fever, headache, cough, and severe anaemia (hemoglobin 4 g/dL), initially treated for pneumonia/septicaemia at Hilac Medical Clinic before transfer to Albadar Nursing Home. A sample has been collected and sent to the National Health Virology Laboratory for testing; Ebola is not yet confirmed. Kenya previously confirmed its first imported Ebola Bundibugyo virus case and has since tightened border measures and intensified screening. Authorities identified 57 contacts, with 10 in quarantine as tracing continues.
- Kenya tightened Ebola screening after confirming its first imported Ebola case and death, involving a traveller who arrived from the Democratic Republic of Congo on October 3. The patient was admitted to Nairobi Hospital and died after. Travellers from the DRC, Uganda, Tanzania, Rwanda, Burundi, Angola, Zambia, Ethiopia, South Sudan and the Central African Republic will undergo screening at JKIA Gate 16, with health declaration forms and symptom checks. Five hospitals are designated to treat confirmed Ebola patients: Kenyatta National Hospital (8 beds), Moi Teaching and Referral Hospital (50), National Police Hospital (49), Portreitz (4), and Nairobi Hospital (130). Isolation centres include Malaba Health Centre, Busia Border, Kocholia; Alupe Sub District Hospital is under renovation. A Sh",Yes,Yes,Yes,Yes,4,Yes,Yes,Yes,Yes,No,4,Yes,Yes,不明,"記事の主題はケニアでの輸入症例（ケニアは対象国リスト外のためverified_locationsから除外）だが、背景として言及されているDRCでの大規模エボラ流行（8,665例確認、4,178死亡）は実際に進行中の事象として記載されているためDRCを含めた。ケニア国内では自力対応中で国際支援要請の有無は記事に明記されていない。",
local:1643084:2,3,DISMISS,インドネシア・バンドンの一飲食店における食中毒事案（24名、局所的）であり、病原体も未確定。国際的拡大や渡航制限のリスクはなく、現地保健当局が対応中のため見送り。,Paratyphoid; Typhoid; E. coli,Ohio; United States; Republic of Indonesia; Jawa Barat; Bandung,,"Salmonella Is More Dangerous Than Ordinary Diarrhea, Here Are the Reasons and Its Complications.",2026-10-08T14:05:27+00:00,https://jawapos.com/kesehatan/2610080397/salmonella-lebih-bahaya-dari-diare-biasa-ini-alasan-dan-komplikasinya,https://jawapos.com/kesehatan/2610080397/salmonella-lebih-bahaya-dari-diare-biasa-ini-alasan-dan-komplikasinya; https://food.detik.com/berita-boga/d-8697503/viral-dugaan-kasus-keracunan-makanan-di-88-seoul-bandung-begini-faktanya; https://health.detik.com/diet/d-8697328/viral-dugaan-keracunan-resto-korea-di-bandung-kenali-sumber-sumber-kontaminasi-makanan,INDONESIAN,animals; humans; environment,"- Reported by JawaPos (Indonesia), citing The Ohio State University, Salmonella infection is more dangerous than ordinary diarrhea and can cause fever, abdominal cramps, nausea, vomiting, headaches, and possibly bloody diarrhea. The bacterium resides in the intestines of humans and animals and spreads mainly through contaminated food and water, including undercooked poultry, eggs, pork, raw fruits (melons and berries), sprouts, peanut butter, frozen processed foods, and even flour that wasn’t heated. Transmission can occur via hands after touching infected animals or their waste. Most people recover without antibiotics within four to seven days, but dehydration from heavy diarrheal loss requires medical care. Higher-risk groups are the elderly and immunocompromised, who may develop serious c
- In Bandung, Indonesia, the 88 Seoul restaurant in the Paskal area faced an alleged food-poisoning incident after patrons dined on October 2–3, 2026. By October 6, Bandung City Health Office reported 24 people with gastrointestinal symptoms—diarrhea, nausea, vomiting, abdominal pain, and fever—some requiring medical care; one case involved appendicitis surgery. The restaurant temporarily closed for cleaning and a review of hygiene SOPs; authorities are investigating hygiene and food-handling standards. Early information points to possible microbial contamination; common agents include Salmonella and Escherichia coli, often linked to raw meat, dairy, or fresh produce. Patrons with similar symptoms are urged to report to local health facilities. First aid emphasizes oral rehydration with wate
- Suspected food poisoning linked to 88 Seoul restaurant in Bandung, Indonesia, with diners experiencing diarrhea, nausea, vomiting, abdominal pain, and fever after meals. Bandung City Health Office is investigating the contamination source; no specific menu item or microorganism identified yet. Early findings point to hygiene and sanitation gaps: inadequate food separation, proximity of cleaners to foods, tight workspace, and unclear implementation of FIFO/FEFO, labeling with intake, opening, and expiry dates, zoning, and temperature monitoring. While storage temperatures have not been confirmed as noncompliant, temperature monitoring remains crucial to control microbial growth. Potential pathogens discussed include Bacillus cereus from rice (which can cause vomiting and diarrhea); Salmonel",No,No,No,No,0,No,Yes,No,No,No,1,No,Yes,No,記事はサルモネラに関する一般的健康情報と、バンドン市内の特定レストランでの食中毒事案（24名、うち1名虫垂炎手術）についての報道。原因病原体は未確定（Salmonella、E.coli、Bacillus cereusなどが疑われる）。米国オハイオ州は一般情報の引用元であり、実際の発生地ではない。,
local:1269750:18,3,DISMISS,本記事はテレビドラマの紹介であり、1831年の歴史的コレラ流行を題材にしたフィクション作品についての内容で、現実の感染症発生事案ではない。,Cholera,Land Berlin; Berlin; Federal Republic of Germany; Bangladesh; Republic of India; Prague; Hlavní město Praha; Czechia,,"Season five premieres in December: ARD's new ""Charité"" season tackles cholera in Berlin, 1831.",2026-10-08T15:09:03+00:00,https://www.zeit.de/news/2026-10/08/ard-neue-charit-staffel-behandelt-cholera-in-berlin-1831,https://www.zeit.de/news/2026-10/08/ard-neue-charit-staffel-behandelt-cholera-in-berlin-1831; https://www.welt.de/regionales/berlin/article6ac7b0926e0a564ee52e985a/ard-neue-charite-staffel-behandelt-cholera-in-berlin-1831.html; https://www.tagesspiegel.de/berlin/dpa-staffel-funf-kommt-im-dezember-ard-neue-charite-staffel-behandelt-cholera-in-berlin-1831-16142191.html,GERMAN,humans; environment,"- Cholera outbreak in Berlin in 1831 is the focal setting of Charité season five (streaming December 18, 2026; TV December 22, 2026). The historical drama follows Overath, a young assistant physician who is actually a woman, as Berlin grapples with cholera and the public health response. Cholera is a highly infectious diarrheal disease caused by Vibrio cholerae. Transmission is mainly via water contaminated with feces or vomit, and contaminated food; severe dehydration and electrolyte loss can cause death within hours if not rapidly rehydrated. In the 19th century, cholera spread globally from the Ganges Delta in India, with multiple pandemics; outbreaks worsen after natural disasters or conflicts that disrupt water supplies. The season returns to historical storytelling after a science-fict
- Cholera, caused by Vibrio cholerae, is a highly infectious diarrheal disease spread mainly through drinking water tainted with feces or vomit of patients and contaminated food. In severe cases, rapid loss of fluids and salts can cause death unless treated with prompt rehydration and electrolyte replacement. Historically, the 19th‑century Berlin outbreak (1831) followed the Ganges delta spread, fueling pandemics that killed millions; cholera remains a risk after disasters or conflicts when water systems fail. The ARD series Charité, supported by Berlin University Medical Center, returns for a fifth season, returning to history with a Berlin 1831 setting during the cholera outbreak. Hegel is noted as having died in that period. Filming occurred near Prague; streaming launches December 18, wi
- Season five of the ARD series Charité is set in Berlin in 1831 amid a cholera outbreak, with filming around Prague. Streaming starts December 18, and TV broadcast is planned for December 22. The narrative centers on Underarzt Overath, a junior doctor who is secretly a woman, as the arrival of her former fiancé at the Charité intersects with the citywide crisis and the challenge of stopping and treating the disease. Cholera is described as a highly contagious diarrheal illness caused by Vibrio cholerae, transmitted via contaminated drinking water and food. Severe dehydration can kill within hours; rapid fluid and electrolyte replacement is essential. Historically, cholera spread from the Ganges Delta and recurs after disasters or conflicts. Cast includes Marlene Burow, Philip Froissant, Ida",No,No,No,No,0,No,No,No,No,No,0,No,No,No,記事はドイツのテレビドラマ『Charité』シーズン5の紹介記事であり、1831年のベルリンにおける歴史的コレラ流行を背景設定とするフィクション。現在進行中の実際の感染症イベントではないため、トリアージ対象外。インドやバングラデシュへの言及は歴史的背景説明のみで、現実の発生国ではない。,
local:203312:6,3,WATCH,既知のDRCエボラ流行（2026年5月発生）に関連する司法判決の続報であり、新規の疫学的拡大情報はないが、対応妨害という流行管理上のリスク要因が継続している点で注視が必要。,Ebola,Komanda; Mungamba; Ituri; Bunia; Democratic Republic of the Congo; Irumu,,Ebola in Mungamba: three people sentenced to 30 months for obstructing the response - ACP.,2026-10-08T12:49:46+00:00,https://acp.cd/province/ebola-a-mungamba-trois-personnes-condamnees-a-30-mois-pour-entrave-a-la-riposte/,https://acp.cd/province/ebola-a-mungamba-trois-personnes-condamnees-a-30-mois-pour-entrave-a-la-riposte/; https://fr.allafrica.com/stories/202610080308.html; https://www.prensa-latina.cu/2026/10/08/tres-personas-condenadas-por-ataques-a-centro-de-ebola-en-rdc/,FRENCH,humans,"- Three people were sentenced to 30 months' imprisonment for obstructing the Ebola response in Mungamba, Komanda health zone, Ituri Province, Democratic Republic of the Congo. On 8 October 2026, Bunia's High Court convicted three defendants for malicious destruction of a jeep belonging to the Komanda health zone and for inciting civil disobedience during the Ebola response. Two others were acquitted due to insufficient charges. The convicted allegedly urged residents to ignore barrier measures decreed by health and political-administrative authorities in the Ebola response. Judge Romain Mulenga, president of the Bunia TGI, noted the hearing was conducted in Mungamba and stressed that justice will continue to handle cases of acts likely to hinder Ebola operations.
- Three people in Ituri Province, Democratic Republic of the Congo, were sentenced to 30 months in prison for civil disobedience after the August 2026 looting of the Ebola Treatment Center in Mungamba, a known Ebola hotspot about 80 km south of Bunia. Five suspects had been charged; two were acquitted for lack of evidence on charges of theft and malicious destruction. The on-site trial, held October 5, 2026, aims to deter hostility toward public health responders battling Ebola. The ruling by the Ituri High Court emphasizes protecting teams delivering Ebola response activities. The lawyers for the defendants said they will appeal. The incident underscores ongoing tensions around health interventions in the region during an Ebola outbreak response.
- Three men were convicted by the Ituri Provincial High Court in the Democratic Republic of Congo for inciting disobedience and assaulting Ebola response facilities and personnel in Mungamba, Ituri province. The August 2026 attacks occurred in Mungamba, a focus of the Ebola outbreak in Irumu territory about 80 km south of Bunia. The convicted are Dieuonné Katembo Kaniki, Trésor Kambale Lieke, and Javan Musubao Kavale, who received 30 months of hard labor. Five suspects stood trial; charges of theft and malicious destruction were not proved, and the others were acquitted. The trial, held in Mungamba, was presided by Judge Romain Mulenga Kasongo. All three defendants’ counsel said they will appeal. Authorities note the Ebola outbreak began May 15, 2026, with attacks on centers and staff contin",Yes,No,不明,不明,1,Yes,Yes,Yes,Yes,Yes,5,Yes,Yes,不明,本記事は2026年5月15日に始まったDRCイトゥリ州のエボラ流行に対する治療センター襲撃・対応妨害事件の司法判決についての続報。流行自体の新規情報（症例数・死亡者数等）は含まれていないが、対応への暴力的妨害が継続している点はヒト-ヒト感染拡大やアウトブレイク管理の困難さを示唆する。,
local:1562822:0,3,PICKUP,ベトナムDak Lak省で前年比25%増・死亡2例を伴うデング熱の大規模流行が継続しており、長雨によるAedes aegypti繁殖と住民の対策不十分が流行拡大リスクを高めているため、フルリスク評価への移行が妥当と判断した。,Dengue,Kaohsiung; Taiwan; Pingtung City; Kaohsiung; Socialist Republic of Vietnam; Republic of Indonesia; Malaysia; Republic of the Philippines; Taiwan; Tỉnh Hà Tĩnh; Long An; Tân An,,"Pingtung's first locally transmitted dengue fever case of the year! Woman in her 40s infected with dengue virus serotype 4, hospitalized; no overseas travel history.",2026-10-08T06:35:00+00:00,https://health.ltn.com.tw/article/breakingnews/5599777,https://health.ltn.com.tw/article/breakingnews/5599777; https://suckhoedoisong.vn/ha-tinh-ghi-nhan-o-dich-sot-xuat-huyet-voi-9-ca-mac-169261008104810145.htm; https://vov.vn/xa-hoi/dak-lak-moi-ngay-co-tren-100-ca-mac-sot-xuat-huyet-post1339382.vov,CHINESE,vectors; humans; environment,"- Taiwan’s Pingtung County reports this year’s first locally transmitted dengue fever case: a woman in her 40s in Pingtung City diagnosed with dengue virus serotype 4 after onset in early October and hospitalized. She has no overseas travel history, and her household contacts show no suspected symptoms. The investigation expanded to 39 nearby residents, with initial results negative by noon today, while the case’s sample undergoes sequencing to identify the infection source. Pingtung County hosts Aedes aegypti, prompting emergency chemical control, mosquito density surveys, and environmental risk assessments around the residence. Nationally this year, 188 dengue cases have been confirmed, including 13 locally acquired (Kaohsiung City 10, Changhua County 2, Pingtung County 1) and 175 imported
- Dengue fever outbreak in Ha Tinh Province, Vietnam, with 9 laboratory-confirmed cases in Vinh Loc hamlet, Cam Trung Commune. The first patient, L.T.V.A. (born 2009), developed fever on Sept 28 with fatigue, headaches, and body aches. An NS1 antigen rapid test was positive on Oct 3 at Ha Tinh General Hospital. From Oct 2–5, eight additional cases were identified in Vinh Loc; all nine samples tested positive for dengue. No deaths reported as of Oct 7. Ha Tinh CDC, in coordination with local authorities, conducted case surveillance, vector inspections, and environmental sanitation; planned insecticide spraying within 200 meters of affected homes to control transmission. Residents were advised to sleep under nets, including during the day, and to seek medical care early rather than self-treat.
- Dak Lak province in Vietnam is experiencing a dengue fever surge, with more than 100 new cases daily. By Oct 7, 2026, the province had 8,433 dengue cases, up 25% from the same period last year, with recent days over 100 cases per day. Two dengue deaths have occurred this year, in Tan An ward and Quang Phú commune; the second death is a 58-year-old woman from Ea Máp, Quang Phú. High-risk areas with transmission include Buon Ma Thuot city wards Buon Ma Thuot, Tan Lap, Tan An, Ea Kao, and the communes Ea H’leo, Hoa Phu, Tan Tien, Krông Pắk, Ea Tul, Cu M’gar; Thanh Nhất ward and Ea Knuech, Pong Drang, Ea Drông, Ea Na, Ea Drăng are also high risk. Prolonged rain has fostered Aedes aegypti breeding; some control efforts are reported as challenged and public complacency persists. CDC Dak Lak is d",No,No,No,No,0,No,Yes,Yes,Yes,不明,3,不明,Yes,不明,"台湾屏東県の症例は散発的な年次報告であり、デング熱は同地域で季節性に発生するため特段の異常性はない。一方ベトナムDak Lak省では8,433例・死亡2例と大規模流行が継続しており注視が必要。台湾・インドネシア・マレーシア・フィリピンは発生地域リストに含まれるが記事本文での言及がないため除外した。",
local:1562822:4,3,DISMISS,アフリカ豚コレラ(ASF)は家畜感染症でありヒトへの健康影響はなく、本件は食品安全法違反の刑事事件としての報道であり公衆衛生上の緊急性は低い。,African Swine Fever,Tỉnh Quảng Ngãi; Xã Kha Sơn; Tân Khanh; Tỉnh Thái Nguyên; Socialist Republic of Vietnam; Tỉnh Khánh Hòa; Tỉnh Lạng Sơn; Tân Khánh; Hiệp Lực,,Indictment in the case of transporting pigs positive for African swine fever in Thai Nguyen,2026-10-08T11:33:54+00:00,https://vov.vn/phap-luat/tin-nong/khoi-to-vu-van-chuyen-lon-duong-tinh-voi-dich-ta-chau-phi-o-thai-nguyen-post1339555.vov,https://vov.vn/phap-luat/tin-nong/khoi-to-vu-van-chuyen-lon-duong-tinh-voi-dich-ta-chau-phi-o-thai-nguyen-post1339555.vov; https://suckhoedoisong.vn/khoi-to-vu-an-van-chuyen-tieu-thu-lon-nhiem-dich-ta-chau-phi-169261008143747189.htm; https://www.xaluannews.com/modules.php?name=News&file=article&sid=3750591,VIETNAMESE,animals,"- On Oct 8, 2026, Thai Nguyen Province police indicted a case for violation of food safety regulations after discovering 16 pigs infected with African swine fever virus, totaling about 1.5 metric tons. The investigation centered in Linh Son Ward, Thai Nguyen City. Earlier, in Kha Son commune, Economic Police found a truck, plate 88C-261.93, driven by N.Q.T. (born 1993, resident of Tan Khanh commune), transporting many pigs showing disease signs. A check revealed 26 pigs weighing about 2.7 tonnes. According to initial statements, these pigs were purchased by Trung in Hiep Luc to be sold to local households, including D.V.G. (born 1979, Linh Son Ward). Lab tests confirmed 16 pigs positive for ASF; one of these had died. The case remains under investigation; authorities urge the public to buy f
- On 8 October 2026, Thai Nguyen Provincial Police's Economic Crime Division indicted a case under Article 317 for violating food safety rules after uncovering a truck, plate 88C-261.93, driven by Nguyen Quang Trung transporting pigs showing signs of African swine fever (ASF). The vehicle, found on 17 September 2026, carried 26 pigs totaling about 2.7 tonnes, bought in Hiep Luc and bound for local traders, including Dang Van Giang in Linh Son ward. At Giang's facility, 16 pigs (~1.5 tonnes) tested positive for ASF, with one dead. Investigators issued indictments, arrest warrants for the suspects, and are expanding the probe to clarify roles. The case highlights risks from moving and selling animals with suspected ASF and urges consumers to seek clearly sourced foods and report violations to 
- On 8 October 2026, Thái Nguyên's Economic Police announced a criminal indictment for 'Food Safety Violations' under Article 317 in Linh Sơn ward, Thái Nguyên Province, related to transporting pigs with signs of African swine fever (ASF). Earlier, on 17 September 2026, truck 88C-261.93, driven by Nguyễn Quang Trung from Tân Khánh commune, was found carrying many pigs with ASF signs. The vehicle held 26 pigs, weighing about 2.7 tons; the animals were purchased in Hiệp Lực commune and destined for sale to local households and traders, including Đặng Văn Giang in Linh Sơn. At Giang’s facility, 16 pigs, totaling roughly 1.5 tons, tested positive for ASF virus; one pig died. Investigators have charged the implicated individuals and are expanding inquiries to establish responsibility. The case un",No,No,No,No,0,No,No,No,No,No,0,No,No,No,本件はヒトに感染しない家畜疾病(ASF)の密輸・違法流通に関する刑事事件であり、公衆衛生上のシグナルとしての重要性は低い。ASFはベトナムで既に地域流行している既知の動物疾病。,
local:1643084:5,2,DISMISS,バリ島における個別のサル咬傷事例であり、適切な曝露後治療（PEP）が実施されている。検査確認もなく、公衆衛生上の深刻な影響や国際的拡大リスクは認められない。,Rabies,Provinsi Bali; Ubud; Republic of Indonesia; Jawa Barat; Wanagiri; Kecamatan Buleleng; Sukasada,,"In one of Bali's villages, the first case of a human being bitten by monkeys was reported.",2026-10-08T07:00:45+00:00,https://aif.ru/incidents/v-odnoy-iz-dereven-bali-zayavili-o-pervom-sluchae-ukusa-cheloveka-obezyanami,https://aif.ru/incidents/v-odnoy-iz-dereven-bali-zayavili-o-pervom-sluchae-ukusa-cheloveka-obezyanami; https://bali.tribunnews.com/video/606574/video-siswa-kelas-iii-sd-di-wanagiri-buleleng-bali-digigit-monyet-liar-saat-hendak-ke-toilet,RUSSIAN,humans,"- On 8 October 2026, Banagiri village, Bali, Indonesia reported the first human bite by a group of about 35 long-tailed macaques (Macaca fascicularis). A 9-year-old boy was attacked while walking to a school toilet, sustaining arm and lower-back wounds; he received sutures and rabies post-exposure vaccination. Authorities note this is the first such bite in the village, though the macaques have previously caused property damage. Bali’s conservation agency head Ratna Hendratmoko said measures will regulate the monkeys' numbers within their natural habitat. Earlier, a 12-year-old girl was bitten by a monkey in a park in Ubud, Bali. No laboratory confirmation is reported in the article.
- A nine-year-old, in the third grade at SD Negeri 2 Wanagiri, Sukasada, Buleleng, Bali, was bitten by a wild monkey at school on 7 October 2026. The hand wound was categorized as Category III; treatment included 15 minutes of wound cleansing with soap, two sutures, and tampon application. The patient received the first dose of rabies vaccine (VAR) and will be reviewed for a wound check on Friday. Local health officials, including Buleleng Dinas Kesehatan head Dr. Sucipto, confirmed the incident. Wanagiri has a long-standing presence of monkeys that have disrupted facilities; authorities are coordinating with BKSDA and a local foundation to mitigate conflicts. Officials suggest drought-related food scarcity may drive increased monkey activity near settlements, with initial public health meas",No,No,No,No,0,No,No,Yes,No,No,1,不明,No,No,干ばつによる食料不足でサルの活動範囲が人里に拡大している可能性が指摘されているが、個別の咬傷事例であり狂犬病の検査確認はされていない。継続的なモニタリングは不要と判断。,
local:1643084:6,2,PICKUP,ロシア・イルクーツクの抗ペスト研究所職員が原因不明の重症肺炎で死亡し、肺ペストが疑われている。複数国が国境検査・監視を強化しており、国際的拡大リスクと渡航制限の両方が確認されるためフルRRAへ進める。,Pneumonic Plague; Plague,Provinsi Bali; Irkutskaya Oblast’; Irkutsk; Kyrgyz Republic; Republic of Armenia; Republic of Indonesia; Mongolia; Republic of Kazakhstan; Republic of Uzbekistan; Russian Federation,,Alert! More and more countries are taking border measures after suspicions of plague in Russia. Where travelers are being screened.,2026-10-08T17:32:00+00:00,https://a1.ro/news/actualitate/alerta-tot-mai-multe-tari-iau-masuri-la-granite-dupa-suspiciunile-de-ciuma-din-rusia-unde-sunt-verificati-calatorii-id1163935.html,https://a1.ro/news/actualitate/alerta-tot-mai-multe-tari-iau-masuri-la-granite-dupa-suspiciunile-de-ciuma-din-rusia-unde-sunt-verificati-calatorii-id1163935.html; https://lifestyle.sindonews.com/read/1758171/155/dugaan-wabah-pes-di-rusia-kemenkes-pastikan-pengawasan-di-pintu-masuk-indonesia-diperkuat-1791429020,ROMANIAN,humans; environment,"- As of 8 October 2026, Irkutsk, Siberia, reports the death of a 28-year-old employee at the Institute of Antiplague Research after severe pneumonia. Officials say the pneumonia is of unknown cause and no plague cases have been confirmed in the Irkutsk region, though pneumonic plague is suspected pending laboratory results; about 200 people who had contact with the woman are under surveillance or in quarantine. Border controls have been intensified across several countries: Kazakhstan and Kyrgyzstan increased screening; Uzbekistan and Mongolia raised surveillance; Indonesia tightened checks at entry points including Bali. Armenia is considering enhanced entry screening and has created an inter-ministerial group led by the health minister to coordinate measures. The World Health Organization 
- Suspected plague outbreak in Russia prompts Indonesia's Ministry of Health to strengthen surveillance at entry points. A tube allegedly containing Yersinia pestis, the bacterium that causes plague, was linked to a laboratory worker's death in Russia on September 25, 2026. Indonesia's health authorities, including the Health Quarantine Center, hospitals, public health laboratories, and regional health offices, are increasing preparedness and vigilance in response to the developing situation. However, there has been no formal notification through International Health Regulations, the National Focal Point, or the WHO Event Information Site regarding a heightened alert. The Indonesian response focuses on monitoring and readiness rather than reporting any confirmed imported cases, as of the pub",Yes,Yes,Yes,Yes,4,Yes,Yes,不明,Yes,不明,3,Yes,Yes,不明,疑い例の発生地はロシア（対象国リスト外）。インドネシアは国境監視強化のみで、確定・疑い症例の発生国ではないためverified_locationsから除外した。WHOへの正式通報（IHR）は記事時点で未確認。,
local:1643084:7,2,DISMISS,動物の口蹄疫に関する予防的ワクチン接種の推進に関する記事であり、ヒトへの健康影響や異常な拡大は報告されておらず、公衆衛生上の緊急性は低い。,Foot And Mouth Disease,Pasarseluma; Mukomuko; Kabupaten Bengkulu Tengah; Propinsi Bengkulu; Bengkulu; Republic of Indonesia,,"Prevent the Spread of Foot-and-Mouth Disease (FMD), Bengkulu Tengah Regency Government Accelerates Livestock Vaccination.",2026-10-08T07:07:00+00:00,https://koran-jakarta.com/2026-10-08/hindari-penyebaran-pmk-pemkab-bengkulu-tengah-akselerasi-vaksinasi-pada-ternak,https://koran-jakarta.com/2026-10-08/hindari-penyebaran-pmk-pemkab-bengkulu-tengah-akselerasi-vaksinasi-pada-ternak; https://bengkulu.antaranews.com/berita/481616/pemkab-bengkulu-tengah-akselerasi-vaksinasi-ternak-guna-cegah-pmk,INDONESIAN,animals,"- Foot-and-mouth disease (FMD), locally PMK (Penyakit Mulut dan Kuku), vaccination accelerates in Bengkulu Tengah Regency, Bengkulu Province, Indonesia, targeting 4,000 livestock (cattle, buffalo, goats). Five mobile teams will vaccinate on-site at farms to broaden coverage, with a completion target by late October 2026. FMD is caused by Aphthovirus (genus Picornaviridae); symptoms include high fever, mouth/tongue blisters, excessive saliva, and lesions on feet. In April 2026, the central government allocated 19,500 PMK vaccine doses to Bengkulu Province, up from 15,450 doses in 2025; distribution prioritizes districts with larger livestock populations and those previously affected or at risk, notably Seluma, Mukomuko, and Bengkulu Tengah. This vaccination drive is a preventive control measu
- Foot-and-mouth disease (FMD) vaccination accelerates in Bengkulu Tengah Regency, Bengkulu Province, Indonesia, targeting 4,000 livestock (cattle, buffalo, goats). Five field teams will conduct on-site vaccination across all areas, with completion targeted by the end of October 2026. PMK is caused by Aphthovirus (genus Picornaviridae) and presents with high fever, mouth or tongue blisters, excessive drooling, and hoof lesions. In April 2026, the central government allocated 19,500 PMK vaccine doses to Bengkulu Province, up from 15,450 in 2025, distributed based on need and livestock population. Provinces prioritize districts with high cattle/ buffalo populations or prior or at-risk PMK cases, notably Seluma, Mukomuko, and Bengkulu Tengah. The effort serves as prevention and control against ",No,No,No,No,0,No,No,No,No,No,0,No,Yes,No,動物疾患（口蹄疫）であり、ヒト感染症ではない。地方政府による予防的ワクチン接種事業の通常報道。,
local:1643084:12,2,WATCH,家禽における鳥インフルエンザ（H5、クレード2.3.2）の発生が確認されたが、ヒトへの感染報告はなく、動物影響カテゴリのみのため現時点ではPICKUPに至らない。ただし家禽移動や闘鶏活動による拡大リスクがあり経過観察が必要。,Human Infection with Avian Influenza; Avian Influenza,Sinjai; Kecamatan Sinjai Utara; Provinsi Sulawesi Selatan; Republic of Indonesia,,"2,800 Chickens Die Suddenly in Sinjai Positive for H5 Avian Flu, Ministry of Agriculture: Tighten Biosecurity.",2026-10-08T15:40:00+00:00,https://koran-jakarta.com/2026-10-08/2800-ayam-mati-mendadak-di-sinjai-positif-flu-burung-h5-kementan-perketat-biosekuriti,https://koran-jakarta.com/2026-10-08/2800-ayam-mati-mendadak-di-sinjai-positif-flu-burung-h5-kementan-perketat-biosekuriti; https://makassar.tribunnews.com/sulsel/1853567/ternak-mati-wajib-dikubur-lalu-lintas-hewan-di-sinjai-diperketat-imbas-dugaan-serangan-flu-burung,INDONESIAN,animals,"- 2,800 chickens died suddenly in Sinjai Utara, Sinjai Regency, South Sulawesi, between 23 September and 6 October 2026. Laboratory testing by Balai Besar Veteriner Maros confirmed Avian Influenza, H5 subtype clade 2.3.2. The Ministry of Agriculture rapid response reinforced biosecurity, surveillance, epidemiological tracing, and cleaning/disinfection at affected premises after a report received on 23 September via iSIKHNAS. RT-PCR confirmation underpinned control measures. Investigations identified risk factors including routine activities that bring fighting cocks from multiple areas in Lappa Kelurahan, with some birds sourced from outside Sinjai; poultry movement highlighted as a key factor, though not yet the sole source. Farmers are urged to report sudden deaths immediately; communities
- Avian influenza outbreak in Sinjai Utara, South Sulawesi, Indonesia, has caused 2,303 poultry deaths since reports began on 29 September 2026. By 5 October 2026, 2,297 of the deaths were chickens and 6 were ducks. Affected birds showed pale combs, blue- or dark-toned areas, lethargy, drowsiness, and dyspnea. Laboratory confirmation by Balai Besar Veteriner (BBVet) Maros identified avian influenza as the cause. Disnakkeswan Sulsel dispatched field teams to monitor livestock and tighten movement controls across districts to prevent spread. Head of Disnakkeswan Sulsel, Taufiq, urged stricter livestock traffic management and cautioned residents not to dispose of dead poultry improperly; burial is required. The authorities aim to contain the outbreak in Sinjai Utara as cases continue to be repo",No,No,不明,不明,0,No,No,Yes,Yes,No,2,不明,Yes,No,ヒト感染例の報告はなく、影響カテゴリも動物（animals）のみ。家禽の移動や闘鶏活動が感染拡大の一因として指摘されており、今後の人獣境界での感染拡大や新規症例の有無を継続的に注視する必要がある。,
local:1605651:1,2,WATCH,ロシアの検査施設職員の死亡を受けた一般的な肺ペストの解説記事であり、タイ疾病管理局が注意喚起を行っているのみで、対象国内での実際の症例発生は確認されていないため、続報を注視する。,Pneumonic Plague; Plague; Bubonic Plague,Bangkok; Africa; Playa de las Américas; Canary Islands; Central Africa; United States; Russian Federation; Kingdom of Thailand; Kingdom of Spain,,"Pneumonic plague, the disease that can progress at lightning speed. How it is transmitted, what symptoms it has, and why it is so dangerous.",2026-10-08T13:48:10+00:00,https://click.ro/sanatate/ciuma-pneumonica-boala-care-poate-evolua-2562726.html,https://click.ro/sanatate/ciuma-pneumonica-boala-care-poate-evolua-2562726.html; https://www.thebangkokinsight.com/news/politics-general/general/1705816/,ROMANIAN,environment; animals; humans; vectors,"- Pneumonic plague, caused by Yersinia pestis, is the most aggressive form, affecting the lungs and can progress within 24 hours of infection. The World Health Organization has sought information from Russia after the death of a laboratory worker at a plague-research facility; contacts tested negative for pneumonic plague. Transmission occurs via respiratory droplets from an infected person; the bacterium also persists in animal reservoirs. Symptoms include cough, chest pain, shortness of breath, and sometimes coughing blood. Although pneumonic plague is rarer than bubonic, its rapid progression and potential for human-to-human spread heighten risk. Reservoirs span the Americas, Eurasia, and Africa, with rodents playing a key role; most human cases are bubonic and concentrated in Central Afr
- Plague (Yersinia pestis) warning from Thailand's Department of Disease Control after a death in Russia prompts awareness. Plague is primarily transmitted by fleas from infected rodents, but can spread via direct contact with infected animals, laboratory exposure, or through respiratory droplets in pneumonic form. Incubation is 1–7 days. Three clinical forms: bubonic plague (fever, headache, chills, weakness, and lymph nodes); septicemic plague (fever, chills, severe weakness, abdominal pain, shock, bleeding under skin causing tissue necrosis and blackening of fingers, toes, or nose); and pneumonic plague (most severe, with fever, headache, pneumonia, shortness of breath, chest pain, cough with clear or blood-tinged sputum, and person-to-person transmission). Prevention focuses on eliminati",不明,Yes,不明,No,1,Yes,不明,No,不明,No,1,不明,Yes,No,実際の発生はロシアの研究施設職員の死亡事例であり対象国外。タイは注意喚起を発したのみで、国内での実症例発生は記事中で確認できない。接触者の検査は陰性。,
local:1605651:2,2,DISMISS,本記事はアフリカ豚熱(ASF)対策のための研究資金・国際共同研究プロジェクトの発表であり、新規発生や症例急増等の公衆衛生上のイベントを報じるものではない。ASFはヒトに感染しないため公衆衛生上の深刻な影響もない。,African Swine Fever,Sarawak; Kingdom of Thailand; Malaysia; United Kingdom of Great Britain and Northern Ireland; Kuching,,Sarawak Infectious Diseases Centre joins international research project after receiving £3.4 million in funding to combat African swine fever.,2026-10-08T11:10:00+00:00,https://www.orientaldaily.com.my/news/east-malaysia/2026/10/08/853527,https://www.orientaldaily.com.my/news/east-malaysia/2026/10/08/853527; https://www.thestar.com.my/news/nation/2026/10/08/sarawak-joins-international-research-project-to-tackle-african-swine-fever,CHINESE,animals,"- Sarawak Infectious Diseases Centre has joined a UK Research and Innovation–funded international project to understand, predict and prevent African swine fever (ASF) in Sarawak, Southeast Asia, and the United Kingdom. The project, led by Professor Peter Dodds of the University of Sheffield, is titled “Data-driven approach to understand, predict and prevent ASF in the UK and Southeast Asia.” UKRI announced 18 projects on October 7, with £3.4 million awarded. SIDC will collaborate with the University of Sheffield, University of Liverpool, BIOTEC Thailand, and the Sarawak Veterinary Department. ASF is a highly contagious virus affecting domestic and wild pigs; it poses no risk to humans but devastates pig populations and farmer livelihoods. The study aims to use whole-genome sequencing to esta
- SIDC in Kuching, Sarawak, is partnering with the University of Sheffield, University of Liverpool, Thailand's National Center for Genetic Engineering and Biotechnology, and Sarawak's Department of Veterinary Services on a UK Research and Innovation-funded project to tackle African swine fever (ASF) in Sarawak, Southeast Asia and Britain. Led by Prof Peter J Dodd, the £3.4 million grant supports whole-genome sequencing to position SIDC as a regional genomic reference centre, informing vaccine strategies, harmonising practices, and promoting regional collaboration. SIDC chief executive Assoc Prof Ivan Yap says the project recognises Sarawak's scientific capabilities; Deputy Education, Innovation and Talent Development Minister Datuk Dr Annuar Rapaee calls it a milestone for Sarawak's researc",No,No,No,No,0,No,No,No,No,No,0,No,No,No,記事はASF研究への資金提供・国際連携に関する発表であり、タイはBIOTEC Thailandとして研究パートナーとして言及されているのみで、タイ国内でのASF発生を報じるものではないため verified_locations には含めない。マレーシア（サラワク）は対象国リストに含まれない。,
local:1269750:1,2,WATCH,インドのプネー市で季節性のデング熱・チクングニヤ症例が増加しているが、重症度や死亡についての記載がなく、国際的拡大・渡航貿易制限のリスクも認められないため、フルRRAには至らないが継続的な動向観察が必要。,Chikungunya; Malaria; Dengue,State of Mahārāshtra; Pune; Republic of India,,PMC Issues Notices to Four Ward Officers After Surge in Dengue Cases - Pune Times Mirror,2026-10-08T07:54:18+00:00,https://punemirror.com/news/pmc-issues-notices-to-four-ward-officers-after-surge-in-dengue-cases/,https://punemirror.com/news/pmc-issues-notices-to-four-ward-officers-after-surge-in-dengue-cases/; https://www.hindustantimes.com/cities/pune-news/pmc-issues-notices-to-four-ward-malaria-officers-over-dengue-chikungunya-surge-101791396044396.html,ENGLISH,humans; vectors,"- 2,391 dengue cases in Pune year-to-date and 106 chikungunya cases from Jan to Sep. PMC issued show-cause notices to four ward malaria officers (Kothrud; Nagar Road-Wadgaonsheri; Aundh-Baner; Dhankawadi-Sahakarnagar) for insufficient containment; officers must explain case rise, actions taken, and daily ground work. Dengue surge concentrated in last four months: June 166, July 518, August 751, September 956. Wardwise dengue counts: Kothrud 229; Nagar Road-Wadgaonsheri 222; Aundh-Baner 212; Dhankawadi-Sahakarnagar 139; Yerawada-Kalas-Dhanori 137. Chikungunya peaked in July (51), then 39 in August and 16 in September; Aundh-Baner led with 19. Outbreak-control measures urged: house-to-house checks within a 5-km radius, water-container surveys, fever surveys, spraying, fogging, and collecting b
- PMC issues show-cause notices to four ward malaria officers amid a dengue and chikungunya surge in Pune. MOs of Kothrud, Nagar Road-Wadgaonsheri, Aundh-Baner, and Dhankawadi-Sahakarnagar wards must explain the surge, actions taken, and daily activities; they were summoned to submit action-taken reports. Between Jan 1 and Sep 30, 2026, Pune logged 2,391 dengue and 106 chikungunya cases, with dengue rising from 166 in June to 956 in September (Sept ~40% of nine-month total). Dengue ward counts: Kothrud 229, Nagar Road-Wadgaonsheri 222, Aundh-Baner 212, Dhankawdi-Sahakarnagar 139, Yerawada-Kalas-Dhanori 137; chikungunya peaked in July (51), falling to 16 in September, with Aundh-Baner reporting 19. The department outlined outbreak-control measures (5-km house-to-house inspections, container s",不明,No,No,No,0,No,不明,Yes,Yes,No,2,Yes,Yes,No,プネー市（マハーラーシュトラ州）における季節性のデング熱・チクングニヤ流行で、市当局が地区担当官に対策不備で通知を出した事案。重症度や死亡例の記載はなく、国内の公衆衛生対応の範疇にとどまる。,
local:1269750:3,2,DISMISS,主たる発生国であるバングラデシュは対象国リストに含まれておらず、記事中のインドへの言及はワクチン接種率統計（NFHS-6）に関するものであり、実際の発生事例ではないため、対象国における該当事例が確認できない。,Measles,Dhaka; Dhaka Division; Republic of Guatemala; United States; Bangladesh; Republic of India; State of Mahārāshtra; National Capital Territory of Delhi; Delhi; Pennsylvania; State of Gujarāt; Madhya Pradesh; New York,,"Bangladesh surpasses 200,000 suspected measles cases in the world's largest active outbreak.",2026-10-08T12:31:40+00:00,https://www.infobae.com/america/agencias/2026/10/08/banglades-supera-200000-casos-sospechosos-de-sarampion-en-el-mayor-brote-activo-del-mundo/,https://www.infobae.com/america/agencias/2026/10/08/banglades-supera-200000-casos-sospechosos-de-sarampion-en-el-mayor-brote-activo-del-mundo/; https://www.indiatoday.in/health/story/measles-outbreak-us-global-vaccine-gaps-india-second-dose-risks-3011848-2026-10-08,SPANISH,humans,"- Bangladesh reports the world’s largest active measles outbreak, with over 200,000 suspected cases and more than 1,100 deaths or deaths under suspicion, according to U.S. CDC. Dhaka and nationwide health authorities logged 201,625 suspected cases and 22,116 laboratory-confirmed infections; 104 deaths confirmed and 1,040 deaths suspected linked to measles. In the last 24 hours, 1,332 suspected cases, 96 laboratory-confirmed, and four new deaths were recorded as linked to measles. Since mid-March, 178,927 patients with compatible symptoms have been hospitalized, with over 171,000 discharged. A national vaccination push launched in late September targets 3.4 million children, including 2.4 million previously missed and 1 million newly eligible. Bangladesh leads current CDC-listed active measle
- Measles outbreaks surge in the US and worldwide, driven by vaccination gaps. In the United States, 3,887 confirmed cases as of Oct 1, 2026, with Pennsylvania over 1,000 cases and five deaths, and New York declaring a disaster emergency amid outbreaks in under-immunised rural areas. Globally, WHO/UNICEF warn that measles remains highly contagious and coverage is far below the 95% two-dose target: 84% first dose, 76% second. Bangladesh reports 1,134 suspected or confirmed measles deaths this year and about 175,000 hospitalisations since March. Europe/Central Asia saw nearly 34,000 cases in 2025, down from 2024, but 19 countries still have endemic transmission. The Americas exceed 47,000 cases by July 2026. In India, second-dose coverage is 71.8% and full immunisation 87.1% (NFHS-6), with poc",Yes,Yes,Yes,No,3,Yes,Yes,Yes,Yes,不明,4,Yes,不明,Yes,記事はバングラデシュ（対象国外）の麻疹大流行と、米国・欧州・インドを含む世界的なワクチン接種率低下の文脈を扱っている。インドは接種率統計（第2回接種率71.8%等）としてのみ言及され、インド国内の実際の流行事例ではないため verified_locations には含めない。,
local:1269750:6,2,DISMISS,水痘はワクチン予防可能な一般的な疾患で、ケララ州の大学キャンパス内での局所的な流行にとどまり、国際的拡大や渡航・貿易制限のリスクは認められないため見送りと判断。,Varicella,State of Kerala; Kalamassery; Republic of India,,Cusat shifts classes online amid surge in chickenpox cases,2026-10-08T17:11:55+00:00,https://www.thehindu.com/news/national/kerala/cusat-shifts-classes-online-amid-surge-in-chickenpox-cases/article71560081.ece,https://www.thehindu.com/news/national/kerala/cusat-shifts-classes-online-amid-surge-in-chickenpox-cases/article71560081.ece; https://www.thehindu.com/news/national/kerala/cusat-suspends-offline-classes-amid-rising-chickenpox-cases/article71558549.ece,ENGLISH,humans,"- Chickenpox has prompted the Cochin University of Science and Technology (Cusat) to suspend offline classes at its Thrikkakara and Marine campuses in Kerala, moving to online delivery through Oct 16 after two hostel cases last week and a regional surge this week. Infected students have vacated hostels and some examinations have been postponed. The decision followed health authorities' directives and department heads' requests; seven-to-14-day protocol shaped the extension. There are over 4,000 students on campus, with cleaning, spraying and fogging conducted to curb spread. District records show 48 chickenpox cases this month; the state tallies 589 this month and 31,318 cases in the year, with nine deaths. Kalamassery municipal chairperson Jamal Manakadan urged decisive measures to prevent 
- Chickenpox has triggered a campus-wide shutdown at Cochin University of Science and Technology (CUSAT) in Kerala, affecting the Thrikkakara and Marine campuses. Classes are online through October 16 after two cases were reported in the Thrikkakara hostel last week and cases have surged this week; infected students have left the campus and examinations have been postponed. The decision followed health authorities’ directions and input from department heads. The Thrikkakara hostels house most of the campus’s 4,000+ students, prompting campus-wide cleaning, spraying, and fogging by Kalamassery municipality to curb spread. Officials say there is no cause for alarm and precautions are in place. Online learning was already in effect before the extension, which adheres to a 7–14 day protocol. Pub",No,No,No,No,0,No,No,Yes,Yes,No,2,No,Yes,No,"水痘は季節的に流行する一般的疾患であり、大学寮という閉鎖環境での感染拡大に対して地元自治体と大学が独自に対応（オンライン化・消毒・隔離）している。州全体で年間31,318例・9死亡と報告されているが、致死率は低く深刻な公衆衛生危機とは評価されない。",
local:1269750:9,2,PICKUP,"西ベンガル州でデング熱症例が約9,000件に達し、州政府が緊急会議を開き新たな予防・診断ガイドラインを発出するなど行政の関心が高く、媒介動物による持続的曝露や流行の可能性が認められるため。",Dengue; Scrub Typhus; Leptospirosis,West Bengal; Kolkata; Republic of India; Āsansol; Siliguri; Durgapur,,"Dengue High-Risk Period: Before Puja, Dengue's High-Risk Period, Strict Measures by the State Health Department! Learn the New Guideline.",2026-10-08T10:07:16+00:00,https://bengali.news18.com/news/kolkata/dengue-high-risk-period-puja-before-state-health-department-emergency-meeting-rc-2922199.html,https://bengali.news18.com/news/kolkata/dengue-high-risk-period-puja-before-state-health-department-emergency-meeting-rc-2922199.html; https://www.sangbadpratidin.in/kolkata/elisa-test-now-mandatory-after-five-days-of-fever-health-department-takes-strict-measures-to-combat-dengue/pid/1375937/,BANGLA,humans; vectors,"- Dengue remains the focus as West Bengal health authorities prepare for the Puja season. Following an emergency meeting led by the health minister, the state announced new dengue prevention measures: 1) an SOP for Puja pandals to curb dengue transmission; 2) a metro rail public-awareness campaign to raise dengue vigilance among city residents; 3) in Howrah Municipal Ward 29, where a nursing school has reported several infected students, heightened surveillance and a targeted dengue drive; 4) hospitals are ordered to treat dengue patients strictly according to the health department guidelines. The department also advises heightened scrutiny for fever lasting beyond ten days, to check for co-infections beyond dengue rather than attributing prolonged fever to dengue alone. These steps aim to s
- As of 8 October 2026, West Bengal reports 3,700 dengue tests with 128 positives and 256 currently hospitalized; total infections near 9,000. Murshidabad remains the epicenter, followed by Kolkata, North 24 Parganas, South 24 Parganas, and Hooghly. A virtual meeting chaired by Health Minister Dr. Shardwata Mukhopadhyay and attended by commissioners from Kolkata, Howrah, Siliguri, Bidhannagar, Durgapur, and Asansol, plus six municipalities, six corporations, medical colleges, and district magistrates, issued new dengue guidelines. Key measures: diagnose dengue in the first five days with NS-1 antigen ELISA; after day five, use IgM testing. If fever lasts beyond 10 days, evaluate for Leptospirosis or Scrub Typhus and consider hospital-acquired infection in inpatients. Do not panic over platel",No,No,No,No,0,No,No,Yes,Yes,No,2,Yes,Yes,No,季節性のデング熱流行であり国際的な拡大リスクは低いが、州保健省による緊急対応と新ガイドライン発出など行政・社会的関心が高いため、続報確認のためピックアップと判断。重症度や死亡者数など詳細情報は記事に記載がなく不明。,
local:1269750:17,2,DISMISS,これは疾病アウトブレイクではなく、抗菌治療技術に関する研究発表記事であり、公衆衛生上の緊急性や感染症発生の報告はない。,E. coli,Uttar Pradesh; Varanasi; Republic of India,,India News | IIT BHU Scientists Develop Novel Green Light-activated Technology to Fight Bacterial Infections,2026-10-08T16:56:23+00:00,https://www.latestly.com/agency-news/india-news-iit-bhu-scientists-develop-novel-green-light-activated-technology-to-fight-bacterial-infections-7637825.html,https://www.latestly.com/agency-news/india-news-iit-bhu-scientists-develop-novel-green-light-activated-technology-to-fight-bacterial-infections-7637825.html; https://www.aninews.in/news/national/general-news/iit-bhu-scientists-develop-novel-green-light-activated-technology-to-fight-bacterial-infections16020261008202836/,ENGLISH,humans; environment,"- Varanasi, Uttar Pradesh, India-based IIT BHU researchers publish in Communications Chemistry on green-light-activated Os(II) metallophotoantibiotics for antibacterial therapy and infected wound healing. The interdisciplinary study by chemistry and biomedical engineering groups introduces Os1, Os2, Os3, activated by green light to generate reactive oxygen species that inhibit bacterial growth and disrupt biofilms. In vitro tests against Escherichia coli, Staphylococcus aureus and Bacillus subtilis show Os1 as the most promising; green-light exposure yields about 85% inhibition of biofilm formation for E. coli and B. subtilis. The compounds also accelerated healing of infected wounds in rat models, indicating potential against antimicrobial resistance challenges. Published October 8, 2026, t
- Varanasi’s IIT (BHU) researchers report green-light-activated Os(II) metallophotoantibiotics that inhibit bacterial growth, disrupt biofilms, and accelerate infected-wound healing. Published in Communications Chemistry (Nature Portfolio) on 8 October 2026, the work from Dr. Samya Banerjee and Dr. Sudip Mukherjee, with Apurba Mandal and colleagues, describes three Os(II) compounds—Os1, Os2, Os3—that become bactericidal under green light by generating reactive oxygen species. In tests against Escherichia coli, Staphylococcus aureus, and Bacillus subtilis, Os1 was the most promising. Notably, Os1 under green light achieved about 85% inhibition of biofilm formation in E. coli and Bacillus subtilis, addressing biofilm-associated persistence on surfaces and medical devices. In rat models, the co",No,No,No,No,0,No,No,No,No,No,0,No,No,No,記事は実際の感染症アウトブレイクではなく、抗菌治療のための新技術（光活性化金属抗生物質）に関する学術研究の報告である。,
local:203312:2,2,PICKUP,DRCで続く第17次エボラ流行（死者約4000人）に関する国際的関心と資金支援表明があり、IHR基準・WPRO基準ともに複数該当するためフルRRAへの移行が妥当。,Ebola,Bunia; Democratic Republic of the Congo; Republic of France; Paris,,"DRC: The head of French diplomacy Jean-Noël Barrot on a visit to Bunia, epicenter of the Ebola outbreak.",2026-10-08T10:25:39+00:00,https://fr.allafrica.com/stories/202610080218.html,https://fr.allafrica.com/stories/202610080218.html; https://actualite.cd/2026/10/08/ebola-7-millions-deuros-supplementaires-de-la-france-pour-appuyer-la-riposte,FRENCH,humans,"- Jean-Noël Barrot, France’s minister for diplomacy, visited Bunia in northeastern Democratic Republic of the Congo, epicenter of the Ebola outbreak that has killed more than 4,000 people. The one-day trip began with a tour of the Rwampara Ebola treatment center on Bunia’s outskirts, operated by French NGO ALIMA. Rwampara houses ALIMA’s transparent bubble facility, allowing major medical procedures—including deliveries—while protecting staff. The center is also hosting prophylaxis trials to prevent infection in people who have already been exposed. Barrot’s program concludes with a planned tour of the National Institute of Biomedical Research (INRB) laboratory, where director Prof. Jean-Jacques Muyembe, a leading Ebola expert, participates in the visit.
- France pledges 7 million euros to strengthen the Ebola response in the Democratic Republic of Congo, bringing total French support to 23 million euros this year. French Foreign Affairs Minister Jean-Noël Barrot announced at the seventh National humanitarian conference in Paris that Bunia remains the outbreak epicenter of the 17th and deadliest Ebola epidemic in the DRC, with about 4,000 deaths, including roughly 1,000 children under five. The funding will back the Congolese National Biomedical Research Institute (INRB) and, with the Agence Française de Développement, bolster measures to curb transmission. France and DRC also plan a project leveraging local and international NGOs to ensure access to justice for survivors of conflict-related sexual violence. The conference gathered over 300 ",Yes,Yes,不明,不明,2,Yes,Yes,Yes,Yes,Yes,5,Yes,Yes,Yes,記事はフランスの外交訪問・資金拠出に関する内容だが、背景にあるDRCの第17次エボラ流行（死者約4000人、子供約1000人含む）は深刻かつ継続中の公衆衛生危機であり、既存の監視対象イベントとしてフルリスク評価の継続が必要。フランス・パリは発生地ではなく除外。,
local:203312:7,2,PICKUP,スペインでの院内感染による死亡例とアンゴラでの継続的な人-人感染拡大（乳児感染含む）があり、IHR基準・WPRO基準ともに複数該当するためフルRRAへ進めるべき。,Mpox; Mpox Clade I; Mpox Clade II,Comunidad de Madrid; Madrid; Republic of the Sudan; Republic of Chad; Democratic Republic of the Congo; Kingdom of Spain; Republic of Burundi; Cazombo; Cuanza Norte Province; Republic of Angola,,"In Spain, a man died of monkeypox after a possible hospital-acquired infection.",2026-10-08T18:58:00+00:00,https://www.republika.rs/svet/svet/776587/muskarac-preminuo-od-majmunskih-boginja,https://www.republika.rs/svet/svet/776587/muskarac-preminuo-od-majmunskih-boginja; https://fr.allafrica.com/stories/202610080224.html,SERBIAN,humans; animals,"- In the Basque Country, Spain, a 61-year-old man with cancer died this week at Donostia/San Sebastián Hospital from monkeypox, with hospital transmission suspected after sharing a room with another patient later confirmed to have mpox; the other patient was isolated and discharged with home isolation. This is the first mpox death recorded in the Basque Country. More than 30 people, mostly healthcare workers who had contact with patients, have been vaccinated and are under health surveillance; officials say the risk of new infections is very small. Monkeypox is an Orthopoxvirus transmitted mainly through close skin-to-skin contact, especially with lesions; symptoms include rash, mucosal changes, fever, headaches, muscle and back pain, fatigue, and lymphadenopathy, with death possible in seve
- As of 8 October 2026, Mpox (monkeypox) is spreading in eastern Angola’s Moxico East Province, with Luau municipality as the epicenter and Cazombo reporting. Since June, 204 cases have been recorded; 192 patients have recovered and 12 remain active in various health facilities. Among active cases, six were reported in the last 24 hours in Cazombo and Luau, including a 21‑day‑old infant infected by his mother. About 582 people are under surveillance and vaccination due to exposure. Vaccination campaigns and community awareness activities continue to strengthen prevention. A mobile screening and vaccination team has been deployed at the Angola–DR Congo border to curb importations. Mpox is a viral disease transmitted by close contact with infected people or animals; symptoms include fever, bod",Yes,Yes,Yes,不明,3,Yes,Yes,Yes,Yes,不明,4,Yes,Yes,不明,記事の主題はスペイン（院内感染死亡例）とアンゴラ（Moxico East州での流行、204症例）であり、いずれも対象国リストに含まれない。DRCはアンゴラ国境での移動検疫チーム配置の文脈でのみ言及されており、記事の主題国ではないため verified_locations から除外した。,
local:1814991:1,2,WATCH,ロシア・イルクーツクの抗ペスト研究所職員が重症肺炎で死亡し、肺ペストの疑いがあるとされるが、WHOは最近の確定ペスト症例はないとしており、詳細な疫学情報（感染経路・接触者・確定診断）が不足しているため、続報を注視する必要がある。,Plague; Pneumonic Plague,Irkutskaya Oblast’; Irkutsk; Türkiye; People's Republic of China; Commonwealth of Australia; New Zealand; Russian Federation,,"Russia's ""pneumonia of unknown origin"" incident escalates as the stock market's pharmaceutical sector fluctuates.",2026-10-08T12:09:38+00:00,https://news.china.com/socialgd/10000169/20261008/49783118.html,https://news.china.com/socialgd/10000169/20261008/49783118.html; https://tw.stock.yahoo.com/news/%E4%BF%84%E7%BE%85%E6%96%AF%E9%BC%A0%E7%96%AB%E7%97%85%E4%BE%8B%E6%B6%88%E6%81%AF%E5%BD%B1%E9%9F%BF-%E7%97%85%E5%8E%9F%E6%AA%A2%E6%B8%AC%E5%8F%8A%E6%8A%97%E6%84%9F%E6%9F%93%E6%A6%82%E5%BF%B5%E8%82%A1%E4%B8%8A%E6%BC%B2-023242547.html,CHINESE,humans,"- Russia reports a case of pneumonia of unknown origin in Irkutsk Oblast, involving a staff member at the Irkutsk Siberia and Far East Anti-Plague Research Institute; the patient died on October 2 after severe pneumonia. WHO says there are no recent plague cases in Irkutsk region and no high-threat contacts, with comprehensive anti-epidemic measures in place as WHO follows the situation. In China, the A-share pharmaceutical sector on October 8 shows volatile moves as vaccines, antibiotics, and diagnostic reagents attract funds; Daan Gene, North China Pharmaceutical, Run Du Shares, and Weilan Bio briefly hit limits or opened higher before retreating. YaHong Medicine signs a conditional exclusive license with Theramex for APL-1702 in Europe, Australia, New Zealand, and Turkey; rights elsewhere
- Suspected pneumonic plague case in Siberia, Russia has sparked gains in Chinese pathogen-detection and anti-infection concept stocks as markets reopen after the National Day holiday. On Thursday local time 10:03, Huabei Pharmaceutical (600812 CH) rose 10%; DaAn Gene (002030 C2) advanced 2.8%, after briefly hitting the daily limit; LuKang Medicine (600789 CH) gained 3.3%. The investment reaction follows foreign press reports about the Siberian case and heightened concerns over plague risks. The World Health Organization urged Russia to disclose more information as the risk posed by the suspected plague remains undetermined. No confirmed case counts or infection sources are provided in the report; it cites market activity and regulatory commentary rather than epidemiological details.",Yes,Yes,不明,No,2,Yes,Yes,不明,不明,不明,2,Yes,Yes,不明,記事の主題はロシア（イルクーツク州）での疑いペスト（肺炎）死亡例であり、対象国リストにロシアは含まれない。中国での言及は製薬株市場の反応に限定され、実際の疾病発生国ではないため verified_locations には含めない。確定診断やWHOの正式な症例分類が未発表であり、情報不足のためWATCHと判定。,
local:1814991:3,2,DISMISS,記事はイルクーツクでのペスト流行の噂を否定する内容であり、実際の感染症流行は確認されていない。対象国での具体的な発生事例もない。,Plague; Bubonic Plague,Altayskiy Kray; Respublika Tyva; Irkutskaya Oblast’; Irkutsk; Mongolia; Russian Federation; Republic of Madagascar; People's Republic of China; Africa; Misto Kyyiv; Kyiv; Ukraine,,About the 'plague' in Irkutsk.,2026-10-08T09:18:26+00:00,https://www.putin-today.ru/archives/264565,https://www.putin-today.ru/archives/264565; https://fishki.net/5115660-pro-chumu-v-irkutske.html,RUSSIAN,animals; vectors; humans; environment,"- Claims of a plague outbreak in Irkutsk are unfounded; there is no ongoing plague. A young lab technician who worked at an anti-plague research institute died; the institute denies any incidents with plague samples, while bloggers allege concealment. Globally, plague persists with hundreds of cases annually and extended natural foci in Russia (Altai, Tuva, Caucasus), Mongolia, China, and some post-Soviet republics. Madagascar’s 2017 outbreak infected about 2,400 people and caused 210 deaths (roughly 9%). Modern measures limit spread; outbreaks are quickly detected, patients isolated, and treated. Historical notes recall WWII-era Unit 731 attempts to cause plague epidemics by dropping plague bombs on Chinese cities, yielding about 700 deaths over four years. Enemies overestimate risk; the pl
- Irkutsk is not experiencing a bubonic plague outbreak despite enemy rumors; a young lab technician died at an anti-plague institute, with the institute denying any plague incidents and bloggers alleging a cover-up. The article notes plague persists globally with hundreds of cases annually and natural foci in Russia (Altai, Tuva, Caucasus) as well as in Mongolia, China, and some former USSR republics, though less active than in Africa. Modern sanitation and rapid isolation limit spread; Madagascar’s 2017 outbreak involved about 2,400 people and 210 deaths (~9%). It recalls WWII Unit 731 attempts to spread plague with bombs, causing around 700 deaths over four years. Overall, Irkutsk remains unlikely to face an epidemic; plague is portrayed as a relic, threatening wildlife (ground squirrels ",No,No,No,No,0,No,不明,No,No,No,0,Yes,不明,No,記事はロシア・イルクーツクでのペスト流行の噂を否定するプロパガンダ的内容。研究所職員の死亡はペストサンプルとの関連を研究所が否定しており、実際の症例確認はない。中国・モンゴル・マダガスカル等は歴史的・地理的背景として言及されているのみで、現在進行中の発生地ではないため対象国として含めない。,
local:1814991:10,2,DISMISS,新規の異常な感染症発生事象ではなく、東アフリカのマラリア根絶に向けた政策・戦略を中国の成功事例と比較して論じる解説記事であるため、シグナルには該当しない。,Malaria,Nairobi; Nairobi; Republic of Mozambique; Republic of Kenya; People's Republic of China; Africa,,East Africa: China's Malaria Success Offers Lessons for East Africa's 2030 Elimination Push | South Africa Today,2026-10-08T17:00:25+00:00,https://southafricatoday.net/africa-news/east-africa/kenya/east-africa-chinas-malaria-success-offers-lessons-for-east-africas-2030-elimination-push/,https://southafricatoday.net/africa-news/east-africa/kenya/east-africa-chinas-malaria-success-offers-lessons-for-east-africas-2030-elimination-push/; https://capitalfm.africa/chinas-malaria-success-offers-lessons-for-east-africas-2030-elimination-push/,ENGLISH,humans,"- East Africa has four years to deliver on its 2030 malaria elimination ambition, urging a shift from broad control to a targeted system built around finding, investigating, and responding to every case. The piece draws lessons from China's seven-decade journey: malaria burden once neared 30 million cases annually in the 1940s; indigenous transmission was eliminated in 2017, and the World Health Organization certified China malaria-free in 2021. For East Africa, the emphasis is on rapid case detection, strict investigation, and swift response to interrupt transmission chains. The article uses Nairobi as a regional anchor and contrasts the long-term success in China with the region’s shorter timeline, framing the push as an accelerated, case-centered approach rather than general control to hi
- As East Africa approaches 2030, four years remain to eliminate malaria, drawing lessons from China’s seven-decade journey. Nairobi hosted the 2nd East African Community Malaria Stakeholders Meeting to discuss shifting from broad control to rapid, case-focused surveillance. China eliminated indigenous transmission by 2017 and was certified malaria-free by the WHO in 2021 after reporting, investigating, and responding to each confirmed case within a 24-hour, 3-day, 7-day timeline. The elimination shift treats every remaining case as an emergency, not just increasing population coverage. Mass drug administration can reduce morbidity but cannot alone deliver elimination. East Africa faces climate change, population growth, drug and insecticide resistance, and weak surveillance, with Africa acc",No,No,No,No,0,No,不明,No,No,No,0,No,No,No,記事は中国のマラリア撲滅成功事例を参考に東アフリカ（ケニア、モザンビークなど）の2030年根絶戦略を論じる政策解説記事。中国は過去の成功事例として比較言及されているのみで、現在進行中の感染症イベントの主題ではないため対象国から除外。東アフリカ諸国（ケニア、モザンビーク）も対象国リストに含まれない。,
local:1562822:1,2,DISMISS,単一小児例の臨床的合併症に関する啓発記事であり、アウトブレイクや異常な公衆衛生事象を示すものではない。,Human Infection with Swine Influenza A H3N2; Influenza; Human Infection with Swine Influenza A H1N1; Influenza A; Unknown Encephalitis; Human Infection with Avian Influenza A H7N9; Human Infection with Avian Influenza A H5N1,Ho Chi Minh City; Ho Chi Minh City; Tỉnh Bà Rịa-Vũng Tàu; Vũng Tàu; Socialist Republic of Vietnam; Tỉnh Hà Tĩnh; Van Dan,,Warning: Serious neurological complications in children with influenza A.,2026-10-08T04:58:52+00:00,https://baodautu.vn/canh-bao-bien-chung-than-kinh-nghiem-trong-o-tre-mac-cum-a-d716433.html,https://baodautu.vn/canh-bao-bien-chung-than-kinh-nghiem-trong-o-tre-mac-cum-a-d716433.html; https://suckhoedoisong.vn/dau-hieu-canh-bao-viem-phe-quan-phoi-sau-cum-a-169261007194921595.htm,VIETNAMESE,humans,"- Influenza A can trigger serious neurological complications in children. A 10-year-old in Ho Chi Minh City, resident of Ward Vung Tau, initially presented with high fever, productive cough, and vomiting; diagnosed with influenza A and started on antivirals. On day two he suddenly lost consciousness, his head turned to the right, limbs stiffened, and he had a ~3-minute seizure; en route to hospital he showed delirium with mild seizures. Evaluation included lumbar puncture, EEG, and brain MRI; electrolyte tests showed hyponatremia (128 mmol/L) and hypocalcemia; chest X-ray indicated bronchitis. Diagnosed with influenza A and non-specific seizures; clinicians caution that fever and electrolyte disturbance can accompany seizures, but influenza can cause severe CNS complications such as encephal
- Influenza A can lead to bronchitis or bronchopneumonia, even after fever and sore throat subside. After apparent recovery, some patients develop renewed cough, fever, or shortness of breath, indicating possible respiratory complications rather than simple post-viral effects. Key warning signs include persistent or worsening cough with sputum, fever relapse, dyspnea, chest tightness, fatigue, and changes in sputum; in children, rapid breathing and poor feeding require medical evaluation. The illness may predispose to secondary infection due to airway mucosal injury and excess secretions, with higher risk in young children, the elderly, or those with underlying conditions. Advice emphasizes rest, fluids, nutrition, ventilating living spaces, avoiding self-prescribed antibiotics or cough/anti",No,No,No,No,0,No,No,No,No,No,0,No,不明,No,本記事はベトナム・ホーチミン市在住の10歳児における季節性インフルエンザA型の神経学的合併症（発作等）を扱う単一症例報告・医療啓発記事。鳥インフルエンザ（H5N1等）や集団発生を示す内容ではなく、公衆衛生上のシグナルとしての該当性は低い。,
local:1562822:3,2,DISMISS,本記事はベトナム・ハティン省沿岸での養殖魚の大量死に関する調査報告であり、RSIVウイルスやVibrio属細菌（V. parahaemolyticusを含む）が検出されたものの、ヒトへの感染や健康被害は報告されていない。公衆衛生上の懸念は現時点で確認されない。,Vibrio Parahaemolyticus Infection; Vibriosis,Tỉnh Nghệ An; Yên Hòa; Tỉnh Hà Tĩnh; Cẩm Trung; Socialist Republic of Vietnam,,Several agents—viruses and bacteria—that can cause disease in fish have appeared in the coastal waters of Hà Tĩnh.,2026-10-08T08:59:27+00:00,https://nhandan.vn/xuat-hien-mot-so-tac-nhan-la-virus-vi-khuan-co-the-gay-benh-cho-ca-tai-vung-bien-ha-tinh-post993709.html,https://nhandan.vn/xuat-hien-mot-so-tac-nhan-la-virus-vi-khuan-co-the-gay-benh-cho-ca-tai-vung-bien-ha-tinh-post993709.html; https://www.vietnamplus.vn/thong-tin-ket-qua-phan-tich-vu-ca-chet-bat-thuong-tai-bo-bien-ha-tinh-post1140720.vnp,VIETNAMESE,animals; environment,"- In Hà Tĩnh’s coastal waters (Vũng Áng and Thiên Cầm), water samples analyzed by Oct 7, 2026 remained within permitted limits under Vietnam's QCVN 10:2023/BTNMT; fish mortality prompted investigation after deaths reported Sept 29, 2026 in Yên Hòa, Thiên Cầm and Cẩm Trung. Lab tests on aquaculture and wild fish found RSIV (Red Sea Bream Iridovirus) in 2/2 farmed cá giò from Vũng Áng; one of two also showed Trichodina sp. on gills; VNN, fungi and bacteria not detected in these farmed samples. For wild fish from Thiên Cầm, Vibrio spp. detected in 3/6 cá bơn and 3/5 cá mỏ neo — including V. parahaemolyticus, V. fluvialis, V. alginolyticus; no fungi or parasites reported. Authorities caution results are preliminary; RSIV not yet confirmed as the direct cause. Recommendations include heightened h
- Unusual fish-kill along Hà Tĩnh coast, Vietnam, prompted chemical- and biology-based analyses. Water samples from Thiên Cầm and Vũng Áng, collected in late September, show seawater within normal limits per QCVN 10:2023/BTNMT; no pollution detected. Fish samples from cage-culture in Vũng Áng: 2/2 grouper (cá giò/cá bớp) tested positive for Red Sea Bream Iridovirus (RSIV); 1/2 samples showed Trichodina sp. In Thiên Cầm coastal area, Vibrio spp. bacteria (V. parahaemolyticus, V. fluvialis, V. alginolyticus) were found in 3/6 grouper and 3/5 other fish samples. These bacteria are common in marine environments and may cause opportunistic illness, but current data are insufficient to confirm Vibrio or RSIV as direct causes of the die-off. Authorities advise fish farmers to monitor health, adjust",No,No,No,不明,0,No,No,不明,No,No,0,不明,Yes,No,本件は水産・環境分野の動物衛生イベントであり、ヒト感染症の発生は報告されていない。Vibrio parahaemolyticusはヒトに食中毒を引き起こす可能性があるが、本記事では魚類の大量死原因調査に限定されており、ヒト症例の言及なし。今後、食品安全や漁業関連のヒト健康影響が報告されれば再評価が必要。,
local:895949:2,2,DISMISS,本事案はナミビアにおける口蹄疫（動物疾病）の発生とそれに伴うEUの貿易措置に関するものであり、対象国（ザンビア等）での発生ではなく、人の公衆衛生への直接的影響も確認されないため見送りと判断。,Foot And Mouth Disease,Karas; West Bank; Khārās; Karasburg; Republic of South Africa; Republic of Botswana; Republic of Namibia; Republic of Mozambique; Republic of Zambia; Palestine; Republic of Zimbabwe; Kingdom of Lesotho; Eswatini,,EU Temporarily Suspends Namibian Meat Imports After Foot-and-Mouth Disease Outbreak,2026-10-08T11:27:39+00:00,https://www.ecofinagency.com/news-industry/0810-59566-eu-temporarily-suspends-namibian-meat-imports-after-foot-and-mouth-disease-outbreak,https://www.ecofinagency.com/news-industry/0810-59566-eu-temporarily-suspends-namibian-meat-imports-after-foot-and-mouth-disease-outbreak; https://www.agenceecofin.com/actualites-agro/0810-142234-l-ue-suspend-temporairement-l-entree-de-viande-namibienne-apres-un-foyer-de-fievre-aphteuse,ENGLISH,animals,"- Foot-and-mouth disease outbreak in Namibia’s Karas region (Karasburg district) prompted EU to suspend imports of fresh Namibian beef, sheep and goat meat on Oct 5, 2026, after initial detection on Sept 23. The outbreak has spread to 11 farms in the Kharas region; some processed meat shipments face restrictions, with only high-risk-reduction products allowed. Namibia’s EU market is the largest, absorbing over 80% of beef exports; the ban threatens about 300 million Namibian dollars (≈$18 million) in monthly export revenue and thousands of jobs tied to European sales. The livestock sector contributes about 3% of GDP. Some pre-Sept 23 shipments may enter within 90 days under conditions, subject to border controls. Containment requires limiting spread, movement controls, enhanced surveillance 
- Foot-and-mouth disease outbreaks in Namibia trigger an EU ban on fresh beef, mutton, and goat meat, plus certain processed products, effective after the October 5, 2026 decision. The outbreak began September 23 in Karasburg, Karas region, and has affected 11 farms. Only processed meats with the strictest sanitary risk-reduction treatment may enter EU; some shipments certified before Sept 23 may enter within 90 days with controls. Namibia's EU market accounts for over 80% of beef exports, so the ban risks about 300 million NAD ($18 million) in monthly sales. The EU ambassador warned roughly 25% of about 40,000 direct EU-bound jobs could be affected. Reopening depends on containment, controlled animal movements, enhanced surveillance, and robust traceability. Namibia is now among Southern Af",No,No,不明,Yes,1,No,No,不明,Yes,不明,1,No,不明,不明,発生地域にZambia等が含まれるが、記事の主題はナミビア（Karas地域）での口蹄疫発生であり、対象国リストに該当しないためverified_locationsは空とした。また本件は動物衛生・貿易影響が中心で、人の感染症リスクとしての直接的な公衆衛生インパクトは記載なし。,
local:1694008:0,2,WATCH,ロシア・イルクーツクの研究所職員が肺ペスト疑いで死亡したとの報告があるが、確定診断や人-人感染の証拠はなく、WHOはリスクを低いと評価している。フィリピンは誤情報対策として言及されているのみで、実際の発生国ではないため続報を注視する。,Pneumonic Plague; Plague; Bubonic Plague,Irkutskaya Oblast’; Irkutsk; Republic of the Philippines; Russian Federation,,PNP warns public against spreading false info on pneumonic plague,2026-10-08T04:55:24+00:00,https://tribune.net.ph/2026/10/08/pnp-warns-public-against-spreading-false-info-on-pneumonic-plague,https://tribune.net.ph/2026/10/08/pnp-warns-public-against-spreading-false-info-on-pneumonic-plague; https://www.philstar.com/headlines/2026/10/08/2561778/pneumonic-plague-spread-ph-highly-unlikely-says-health-expert,ENGLISH,humans; animals; vectors; environment,"- As of 2026-10-08, Philippine authorities urge caution over misinformation about pneumonic plague after reports from Irkutsk, Siberia, where a laboratory worker died at an anti-plague research institute. Russian authorities say no plague cases are confirmed, and the World Health Organization is seeking more information, with the overall risk deemed low. The Department of Health is closely monitoring developments and is prepared to respond, while the Bureau of Quarantine continues traveler screening and surveillance for rodents and their fleas on incoming cargo and vessels. PNP chief Gen. Jose Melencio Nartatez Jr. calls for responsible social media use, warning that unverified claims can provoke public fear. The public is advised to rely on government agencies and credible sources, noting t
- On Oct 8, 2026, Philippine infectious-disease expert Rontgene Solante said the international spread of pneumonic plague to the Philippines is extremely unlikely. The caution follows concerns after a Russian lab technician suspected to have died from pneumonic plague due to a broken test tube; WHO reports low risk and no outbreak signs in Russia. Pneumonic plague, caused by Yersinia pestis, is a rare, more fatal form of bubonic plague that affects the lungs and transmits via respiratory droplets, unlike flea-borne bubonic plague. Symptoms include fever, cough, and difficulty breathing; mortality is high but the disease is treatable with available medicines. Russia is conducting tests and quarantines as part of the response. Solante emphasized zero likelihood of the Philippines' involvement ",不明,Yes,No,No,1,Yes,不明,No,不明,No,1,Yes,Yes,No,実際の疑い事例はロシア・イルクーツクで発生しており、対象国リストに含まれない。フィリピンの記事は誤情報対策・国内監視体制の強化に関するものであり、同国内での発生ではない。ロシア側の検査結果・WHOからの続報待ち。,
local:1694008:4,2,WATCH,局地的なA型肝炎アウトブレイクで重症例・死亡報告はないが、感染源調査が継続中であり、学生間での拡大や衛生状態の問題から今後の推移を注視する必要がある。,Hepatitis A,Province of Bukidnon; NIA Valencia; Northern Mindanao; Republic of the Philippines,,Philippines: Dozens of suspect hepatitis A cases monitored in Bukidnon's Valencia City,2026-10-08T10:58:46+00:00,https://outbreaknewstoday.substack.com/p/philippines-dozens-of-suspect-hepatitis,https://outbreaknewstoday.substack.com/p/philippines-dozens-of-suspect-hepatitis; https://newsinfo.inquirer.net/2320061/bukidnons-valencia-city-logs-73-suspected-hepatitis-a-cases,ENGLISH,humans; environment,"- 73 suspected Hepatitis A cases in Barangay Lurugan, Valencia City, Bukidnon, with 13 confirmed. Testing is underway and results pending; two cases reported in neighboring Barangay San Carlos. Most patients are students aged 10–19. The City Health Office has ordered temporary closure of eateries and other food establishments in the barangay while investigators determine the source. Laboratory confirmation is ongoing. Hepatitis A is a highly contagious, vaccine-preventable liver infection caused by the hepatitis A virus; illness ranges from mild to severe and can progress to liver failure or death. Transmission occurs via ingestion of the virus from contaminated food, drink, or surfaces, and through close personal contact. At-risk groups include people who use drugs (injection or non-injecti
- Valencia City, Bukidnon, is monitoring 73 suspected Hepatitis A cases, with confirmed infections in Barangay Lurugan rising from 6 to 14 and two cases in neighboring Barangay San Carlos. Most affected individuals are students aged 10–19. Hepatitis A spreads through food or water contaminated with the virus, especially in areas with poor sanitation; the precise source is under investigation, with ongoing case surveillance. In response, ambulant food vending in the affected area has been temporarily suspended pending sanitation inspections. The city government is dispatching two clean-water tanks to supply water for sanitation, specifically for school restrooms. City Health Officer Dr. Michael Escalante urged the public to rely on official updates from the Valencia City Government and the CH",No,No,No,No,0,No,No,Yes,Yes,No,2,Yes,Yes,No,感染源（食品・水）の特定調査が進行中。市当局は飲食店の一時閉鎖や給水対応など地元レベルで対応しており、現時点で国際的な拡大や渡航制限の懸念は低い。,
local:1643084:0,1,DISMISS,通常のマラリア対策プログラム（蚊帳調査・データ収集）の活動報告であり、異常な流行や公衆衛生上の緊急性を示す情報はない。,Malaria,Yamua Khunov; Dukwia; Grand Bassa County; Manipur; Republic of Liberia; Independent State of Papua New Guinea; Republic of Indonesia; Republic of India,,Curb Malaria at the Border: Malaria Cadres in Keerom Intensify Data Collection Using a Digital Application,2026-10-08T00:25:03+00:00,https://papua.tribunnews.com/pemkab-keerom/130460/tekan-malaria-di-batas-negara-kader-juru-malaria-di-keerom-gencar-pendataan-pakai-aplikasi-digital,https://papua.tribunnews.com/pemkab-keerom/130460/tekan-malaria-di-batas-negara-kader-juru-malaria-di-keerom-gencar-pendataan-pakai-aplikasi-digital,INDONESIAN,humans; vectors,"Malaria cadres in Keerom Regency, Papua, Indonesia, intensify border malaria control by conducting door-to-door Mass Mosquito Net Survey and recording results via the digital ONA app for real-time central monitoring. The effort targets 16 villages along the Indonesia–Papua New Guinea border within the Arso Barat health district and runs from October 5 to October 15, 2026. By October 8, three sites—Kampung Sanggaria, Yamua, and Dukwia—had been completed. Dukwia village cadre Sukarti reported high-precision data collection; in about four hours, 18 households were surveyed in detail, capturing family size, sleeping arrangements, number of nets distributed previously, and the current condition and use of nets. Cadres also educated residents on maintaining nets to prevent Anopheles mosquito bites. Community reception has been positive, though some bed nets were found damaged or unusable.}",No,No,No,No,0,No,不明,No,No,No,0,No,No,No,"記事はインドネシア・パプア州クロム県における定例的なマラリア予防活動（蚊帳調査とデジタル記録）の報告であり、症例急増や新規アウトブレイクの報告はない。発生地域に含まれるLiberia, Papua New Guinea, Indiaは記事の主題ではないため除外。",
local:1643084:1,1,DISMISS,症例数、発生場所、アウトブレイクの時期など疫学的情報が一切なく、治療法を解説する一般的な健康情報動画であるため、シグナルとしての基準を満たさない。,Influenza A; Influenza,Republic of Indonesia,,"What is Type A influenza, whose cases are currently increasing?",2026-10-08T00:27:06+00:00,https://video.kompas.com/watch/1959742/apa-itu-influenza-tipe-a-yang-kasusnya-sedang-meningkat,https://video.kompas.com/watch/1959742/apa-itu-influenza-tipe-a-yang-kasusnya-sedang-meningkat,INDONESIAN,humans,"Influenza A is described as different from ordinary flu. The Indonesian video notes several treatment options; viewers should watch the video for full guidance. As of 2026-10-08, the article notes Influenza A management options are discussed in video format. Authorship credits include Intan Maharani (writer), Darojatun Athoilah (script, narration, and video editing), and Pythag Kurniati (producer). The piece is tagged with Health, Disease, EvergreenLab, Influenza Type A, and influenza symptoms. It does not provide case counts, geographic locations, or outbreak timing in the text; the video is intended to outline treatment approaches and the associated symptoms. The article remains concise, focusing on treatment rather than epidemiology.",No,No,No,No,0,No,不明,不明,不明,不明,0,No,No,No,記事はインドネシア語の一般向け健康情報動画で、インフルエンザAの症状・治療法を解説する内容。具体的な症例数や発生地域の言及がなく、インドネシアでのアウトブレイクを示す根拠はない。,
local:1643084:4,1,WATCH,デング熱はインドネシアで季節性流行する既知の疾患であり国際的な異常性は低いが、死亡例・入院例が報告されており今後の季節性増加（雨季）を注視する必要がある。,Dengue,Daerah Khusus Ibukota Jakarta; Jakarta; Republic of Indonesia,,Five People Died From Dengue Hemorrhagic Fever in East Jakarta Through August 2026,2026-10-08T03:02:07+00:00,https://megapolitan.kompas.com/read/2026/10/08/10020771/5-orang-meninggal-akibat-dbd-di-jaktim-hingga-agustus-2026,https://megapolitan.kompas.com/read/2026/10/08/10020771/5-orang-meninggal-akibat-dbd-di-jaktim-hingga-agustus-2026,INDONESIAN,humans; environment,"Five people died from dengue fever (DBD) in East Jakarta from January–August 2026, across Pulogadung (2 deaths), Cakung (1), Ciracas (1), and Matraman (1). In August 2026, 48 dengue cases were recorded, with 11 hospitalizations during August 20–26. The Jakarta Timur Health Office notes that dengue trends rise during the dry-to-rainy-season transition, with earlier peaks around May–June and declines in April–May and July–August 2026. Cakung has the highest total dengue cases in the district (360). Matraman has the highest incidence rate at 141.68 per 100,000 people, with 259 cases. Environmental conditions are cited as a risk factor for transmission; officials anticipate possible case increases as the rainy season approaches year-end.",No,No,No,No,0,No,Yes,Yes,Yes,No,3,不明,Yes,No,地域的な季節性デング熱の流行報告であり、年末の雨季に向けた症例増加の可能性が言及されている。行政（保健局）が状況を監視中。,
local:1643084:8,1,DISMISS,これは特定の刑務所内で実施された定例的なHIV・梅毒スクリーニング活動の報告であり、異常な発生や公衆衛生上の緊急事態を示すものではない。,Syphilis; HIV,Metro; Provinsi Lampung; Republic of Indonesia,,"Early Detection of Infectious Diseases, Metro Class IIA Prison Holds VCT Screening for Dozens of Inmates",2026-10-08T07:13:32+00:00,https://lampung.viva.co.id/berita/10343-deteksi-dini-penyakit-menular-lapas-kelas-iia-metro-gelar-skrining-vct-bagi-puluhan-warga-binaan,https://lampung.viva.co.id/berita/10343-deteksi-dini-penyakit-menular-lapas-kelas-iia-metro-gelar-skrining-vct-bagi-puluhan-warga-binaan,INDONESIAN,humans,"Metro Class IIA Prison in Kota Metro, Lampung, conducted voluntary HIV and syphilis screening for 76 inmates on 7 October 2026. The screening, a collaboration between Lapas Kelas IIA Metro and Puskesmas Iringmulyo, was carried out in the prison Aula by the Puskesmas Iringmulyo VCT team with internal medical staff. The process included registration, data collection, pre-test counseling, education on HIV/AIDS, and post-test counseling, with strict confidentiality for all results. The initiative aims for early detection and to curb transmission in the crowded prison environment, where infection risk is higher. Lapas Metro Director Tetra Destorie underscored inmates’ right to quality health services and gratitude for the partner’s support, noting that referrals would be arranged if medical indications arise. An inmate representative, JM, said counseling provided calm and improved understanding of health maintenance.""",No,No,No,No,0,No,No,No,No,No,0,No,No,No,本記事はインドネシア・ランプン州メトロ市の刑務所で行われた自主的なVCT（自発的カウンセリング・検査）スクリーニング活動を報じるものであり、感染症の急増やアウトブレイクを示す内容ではない。通常の公衆衛生プログラムの一環と判断される。,
local:1643084:9,1,DISMISS,季節性インフルエンザの軽微な増加に関する通常の注意喚起であり、重症度・異常性ともに低く、社会的関心の高まりも確認されない。,Influenza,Republic of Indonesia,,"Influenza Looms, Pekalongan City Health Office Urges Residents to Strengthen Immunity.",2026-10-08T08:13:28+00:00,https://jateng.tribunnews.com/jawa-tengah/1268903/influenza-mengintai-dinkes-kota-pekalongan-dorong-warga-perkuat-imun,https://jateng.tribunnews.com/jawa-tengah/1268903/influenza-mengintai-dinkes-kota-pekalongan-dorong-warga-perkuat-imun,INDONESIAN,humans,"Influenza remains a concern in Pekalongan City as the dry season continues, though current activity is controllable. The City Health Office notes influenza is a viral respiratory infection presenting with fever, dry cough, sore throat, muscle and joint pain, fatigue, and headaches. Cases are fluctuating with a slight uptick but not large, and health officials emphasize prevention through strengthening immunity and strict adherence to clean and healthy living behaviors (PHBS). Preventive measures include mask use, especially for symptomatic individuals or in dusty environments, avoiding crowds when ill, frequent handwashing, nutritious meals, adequate fluids, and regular physical activity. For symptoms, patients can seek care at primary health facilities; if no improvement after more than three days, they should visit the nearest health facility (including puskesmas). Ongoing, health referrals are provided in a stepped system.",No,No,No,No,0,No,No,No,No,No,0,No,No,No,記事は季節的な乾季に伴うインフルエンザ様症状の軽微な増加と予防啓発を伝える内容で、制御可能とされている。,
local:1643084:10,1,WATCH,マラリアとデング熱の症例数増加という既知の流行病の長期的傾向を報じる研究記事であり、急性の異常事態ではないが、罹患者数の増加傾向は注視に値する。,Malaria; Dengue,Republic of Indonesia,,Climate Change Could Make Mosquito-Borne Diseases More Difficult to Control.,2026-10-08T09:12:04+00:00,https://www.suara.com/health/2026/10/08/161204/perubahan-iklim-bisa-bikin-penyakit-yang-ditularkan-nyamuk-makin-sulit-dikendalikan,https://www.suara.com/health/2026/10/08/161204/perubahan-iklim-bisa-bikin-penyakit-yang-ditularkan-nyamuk-makin-sulit-dikendalikan,INDONESIAN,vectors; environment; humans,"Climate change risks making mosquito-borne diseases harder to control in Indonesia, where malaria cases surged 69% from about 418,000 in 2023 to 706,000 in 2025, and dengue fever sickened roughly 161,937 people in 2025 (57.02 per 100,000). The study by Monash University researchers, published in Science Advances, links warming temperatures and shifting rainfall patterns to expanded habitat for Anopheles and Aedes mosquitoes, the vectors for malaria and dengue, respectively. While both diseases are transmitted by female mosquitoes, their propagation patterns differ and may respond differently to climate and regional conditions. Lead researcher Dr. Toby Cumming of the Health and Climate Initiative notes understanding these interacting climatic, environmental, health, and socioeconomic factors is essential to design targeted prevention strategies, including mosquito control, vaccination, treatment, and emission reductions, to curb the growing mosquito-borne disease burden.",不明,No,No,No,0,No,不明,Yes,Yes,不明,2,不明,不明,不明,"本記事は学術研究（Monash University, Science Advances誌）に基づく気候変動とベクター媒介性疾患の関連性に関する報道であり、突発的な公衆衛生イベントではない。マラリア症例数が2023年から2025年にかけて69%増加している点は継続的なモニタリングが必要。",
local:1643084:11,1,DISMISS,特定のアウトブレイクではなく、水道インフラ改善による公衆衛生予防策を紹介する記事であり、IHR・WPRO基準のいずれにも該当しない。,E. coli,Surakarta; Provinsi Jawa Tengah; Republic of Indonesia,,Drinking-water scheme in Surakarta reduces the risk of E. coli and stunting.,2026-10-08T09:47:43+00:00,https://www.antaranews.com/berita/5777085/skema-air-minum-di-surakarta-tekan-risiko-e-coli-dan-stunting,https://www.antaranews.com/berita/5777085/skema-air-minum-di-surakarta-tekan-risiko-e-coli-dan-stunting,INDONESIAN,humans; environment,"Drinking-water scheme in Surakarta, Central Java, reduces risk of Escherichia coli contamination and supports stunting reduction in Margorejo, Kelurahan Gilingan. Coca-Cola Foundation Indonesia (CCFI) with PDAM Toyo Wening launched the Master Meter program, piping main water lines directly into homes at a subsidized rate of Rp2,850 per cubic meter. Shallow wells in the area have high Escherichia coli contamination, contributing to child undernutrition and stunting at this locality. Previously, residents relied on public hydrants requiring manual water collection, limiting safe in-home access. Over the past year, about 50 households have gained reliable access to clean water for cooking and daily consumption, bolstering sanitation and health outcomes. Expansion has been slowed by administrative land-ownership issues with PT KAI, but stakeholders urge continued government support and community-managed networks to broaden coverage.",No,No,No,No,0,No,No,No,No,No,0,No,No,No,記事はアウトブレイクではなく、インドネシア・スラカルタでの水道インフラ改善プロジェクト（Master Meter program）に関する内容であり、感染症イベントとしてのシグナルには該当しない。,
local:1643084:13,1,WATCH,確定症例はまだ報告されておらず、検査機器不足により診断体制に課題があるが、現時点で深刻な公衆衛生上の影響や異常な拡大は確認されていない。,Influenza A; Influenza,Republic of Indonesia,,"Muhammad Zein Regional General Hospital, East Belitung Lacks Detection Equipment; Influenza A Case Not Yet Diagnosed.",2026-10-08T09:26:29+00:00,https://belitung.tribunnews.com/lokal/218199/rsud-muhammad-zein-belitung-timur-tak-punya-alat-deteksi-kasus-influenza-tipe-a-belum-terdiagnosis,https://belitung.tribunnews.com/lokal/218199/rsud-muhammad-zein-belitung-timur-tak-punya-alat-deteksi-kasus-influenza-tipe-a-belum-terdiagnosis,INDONESIAN,humans,"Influenza Type A is under surveillance in East Belitung Regency, Indonesia, where no laboratory-confirmed cases have been reported yet. Doctors at RSUD Muhammad Zein Belitung Timur warn that, while suspected cases may arise, formal confirmation cannot be made due to the absence of dedicated virus detection equipment at the hospital. Clinically, Influenza A is described as a 'super flu' with high and variable fevers, severe body aches, marked fatigue, red and teary eyes, pale tongue with a bitter taste, and heavy cough and nasal symptoms; in some patients, symptoms can extend to diarrhea, abdominal pain, nausea/vomiting, and skin rashes, depending on age and comorbidities. Given children are most vulnerable, parents should monitor for dangerous fever. Treatment pathways vary by age: under 18 treated in Pediatric Clinics; adults may be referred to Internal Medicine or Pulmonology if respiratory distress is present. No confirmed cases as of 2026-10-08.",不明,No,不明,No,0,No,不明,不明,Yes,Yes,2,不明,不明,不明,インフルエンザAは季節性疾患として一般的であり、確定症例もまだないため、診断機器の不足という医療体制上の課題として続報を注視する。,
local:1643084:14,1,DISMISS,結核に関する一般的な医学解説記事であり、特定の国での異常な発生や急性のアウトブレイクを報告するものではない。,Tuberculosis; HIV,Islamic Republic of Pakistan; Republic of Indonesia; People's Republic of China; Democratic Republic of the Congo; Bangladesh; Republic of India; Republic of the Philippines; Federal Republic of Nigeria,,Pulmonary tuberculosis: How is it transmitted? And who is most at risk of contracting it?,2026-10-08T11:04:21+00:00,https://www.masrawy.com/howa_w_hya/health/details/2026/10/8/3059852/%D8%A7%D9%84%D8%AF%D8%B1%D9%86-%D8%A7%D9%84%D8%B1%D8%A6%D9%88%D9%8A-%D9%85%D8%A7-%D9%87%D9%88-%D9%88%D9%85%D8%A7-%D9%85%D8%AF%D9%89-%D8%AE%D8%B7%D9%88%D8%B1%D8%AA%D9%87-%D9%88%D8%A7%D9%86%D8%AA%D8%B4%D8%A7%D8%B1%D9%87-%D8%AD%D9%88%D9%84-%D8%A7%D9%84%D8%B9%D8%A7%D9%84%D9%85-,https://www.masrawy.com/howa_w_hya/health/details/2026/10/8/3059852/%D8%A7%D9%84%D8%AF%D8%B1%D9%86-%D8%A7%D9%84%D8%B1%D8%A6%D9%88%D9%8A-%D9%85%D8%A7-%D9%87%D9%88-%D9%88%D9%85%D8%A7-%D9%85%D8%AF%D9%89-%D8%AE%D8%B7%D9%88%D8%B1%D8%AA%D9%87-%D9%88%D8%A7%D9%86%D8%AA%D8%B4%D8%A7%D8%B1%D9%87-%D8%AD%D9%88%D9%84-%D8%A7%D9%84%D8%B9%D8%A7%D9%84%D9%85-,ARABIC,humans,"Pulmonary tuberculosis (TB) is infection of the lungs by Mycobacterium tuberculosis, transmitted via airborne particles from someone with active pulmonary TB, especially in poorly ventilated indoor spaces. Many infections are latent, with bacteria persisting without symptoms and non-contagious, but activation can occur if immunity weakens. Active pulmonary TB presents with a cough lasting three weeks or more, chest pain, sputum or blood, fever, night sweats, weight loss, fatigue, and sometimes shortness of breath. Risk factors for progression include HIV, diabetes, kidney disease, malnutrition, immunosuppressive therapy, and silicosis. TB is curable with anti-TB drugs, but adherence is essential to prevent drug resistance. Globally, TB remains a major challenge: about 10.7 million cases and 1.23 million deaths in 2024, with 150,000 HIV co-infected. Thirty high-burden countries drive most cases; eight—India, Indonesia, Philippines, China, Pakistan, Nigeria, DR Congo, Bangladesh—together account for roughly one-third of global cases. Seek evaluation for persistent cough or systemic symptoms.",No,No,No,No,0,No,No,No,No,No,0,No,No,No,記事は結核の病態・感染経路・リスク因子に関する一般的な啓発記事で、世界のTB高負担国（インド、インドネシア、フィリピン、中国、パキスタン、ナイジェリア、DRコンゴ、バングラデシュ）を統計的文脈で言及しているに過ぎず、特定国での新規発生・アウトブレイクの報告ではないため、対象国リストに該当する国があっても主題イベントとしては扱わずverified_locationsは空とした。,
local:1643084:15,1,WATCH,グヌンキドゥルの風土病地域で皮膚炭疽の単発例が確認されたが、重症度は低く国際的拡大リスクもない。ただし伝統的な屠殺・分配慣習（Brandu）により今後も散発的発生が続く可能性があるため経過観察とする。,Inhalational Anthrax; Cutaneous Anthrax; Anthrax; Gastrointestinal Anthrax,Daerah Istimewa Yogyakarta; Yogyakarta; Republic of Indonesia,,"Brandu Tradition Returns, Causing Anthrax Transmission in Gunungkidul",2026-10-08T11:07:33+00:00,https://yogyakarta.kompas.com/read/2026/10/08/180733578/tradisi-brandu-kembali-sebabkan-penularan-antraks-di-gunungkidul,https://yogyakarta.kompas.com/read/2026/10/08/180733578/tradisi-brandu-kembali-sebabkan-penularan-antraks-di-gunungkidul,INDONESIAN,animals; environment; humans,"New anthrax case reported in Kalurahan Mulusan, Kapanewon Paliyan, Gunungkidul Regency, DI Yogyakarta. On Sept 29, 2026, a resident developed hand lesions consistent with cutaneous anthrax; local DPP Gunungkidul collected soil samples, with laboratory results returning positive for anthrax. Authorities could not locate the suspected infected goat, which had been slaughtered and distributed under the Brandu traditional practice. Compensation under Perbup No. 10/2025 for depopulated or culled animals is available, funded from the APBD’s Unforeseen Expenditures (BTT). Residents are urged not to slaughter sick or dead livestock; owners should report sudden livestock deaths to Puskeswan to access compensation and preventive actions. Ismono, Head of the Health Office, did not respond to requests for comment. The report highlights ongoing anthrax surveillance in the region and potential risks associated with traditional animal-sharing practices.",No,No,No,No,0,No,No,Yes,Yes,No,2,不明,Yes,No,インドネシア・グヌンキドゥルは炭疽の風土病地域として知られ、伝統的な病死家畜の分配・消費慣習（Brandu）による散発的な皮膚炭疽感染が過去にも報告されている。今回は1例の皮膚炭疽で、感染源とされるヤギは特定・回収できていない。地方自治体による補償制度や監視体制は機能している模様。,
local:1643084:16,1,DISMISS,通常の結核対策プログラム（接触者追跡・早期発見活動）であり、異常事態や公衆衛生上の深刻な影響を示す情報はない。,Tuberculosis,Provinsi Sumatera Barat; Republic of Indonesia,,"The West Pasaman Regency Government conducts TB contact tracing for 5,700 people",2026-10-08T13:59:10+00:00,https://sumbar.antaranews.com/berita/782077/pemkab-pasaman-barat-lakukan-tracking-tbc-terhadap-5700-orang,https://sumbar.antaranews.com/berita/782077/pemkab-pasaman-barat-lakukan-tracking-tbc-terhadap-5700-orang,INDONESIAN,humans,"West Pasaman Regency, West Sumatra, launched TB contact tracing for 5,700 people across 57 locations, integrated with free health checks (CKG), from August 13 to October 6, 2026. Health teams include specialists, primary-care physicians, nurses/midwives, lab staff, TB program officers, and health office workers. In addition to health screening, sputum smear tests are performed to detect tuberculosis, along with TB education. Early detection is emphasized to halt transmission. The program will extend TB tracing integrated with CKG to 90 nagari across the district, with direct community health checks providing education and follow-up based on results. Officials urge residents to participate at Puskesmas clinics or during CKG to facilitate prevention.",No,No,No,No,0,No,不明,No,No,No,0,No,Yes,No,地方自治体による通常の結核対策・早期発見プログラムの報道であり、感染症危機シグナルとしての緊急性は認められない。,
local:1605651:3,1,WATCH,マレーシア・クランタン州における狂犬病対策（ワクチン未接種犬の殺処分）に関するルーティンな地方政策のニュースであり、対象国での具体的な発生は確認できないが、タイとの国境を越えた感染リスクが言及されているため経過観察とする。,Rabies,Kelantan; Kedah; Kubang Pasu; Bachok; Kingdom of Thailand; Malaysia,,Kelantan warns: Dogs without anti‑rabies vaccination tags may be culled,2026-10-08T10:17:43+00:00,https://www.malaymail.com/news/malaysia/2026/10/08/kelantan-warns-dogs-without-antirabies-vaccination-tags-may-be-culled/238280,https://www.malaymail.com/news/malaysia/2026/10/08/kelantan-warns-dogs-without-antirabies-vaccination-tags-may-be-culled/238280,ENGLISH,animals; humans,"Kelantan's Bachok district warns that dogs lacking anti-rabies vaccination tags or not vaccinated after April may be culled to curb rabies transmission. The Kelantan Anti-rabies Vaccination Order requires vaccination between January and April annually, with vaccinated dogs issued numbered metal identification tags before local council licensing. Dogs without tags or not vaccinated since April face action, including culling. The policy aims to mitigate cross-border rabies risk from neighboring Thailand, as Kelantan borders Thailand and dog movements could cross the border. A rabies-related death in Kubang Pasu, Kedah last month and a Kelantan stray-dog attack on a child earlier this month highlight the danger. Local councils, with the Department of Veterinary Services, conduct stray-dog operations; two of five identified dogs have been culled. In Bachok this year, 21 dogs have been vaccinated and samples from another 20 have been submitted for rabies testing. Owners are urged to vaccinate, license, and confine pets.",No,No,不明,No,0,No,No,Yes,Yes,No,2,不明,Yes,No,記事の主題はマレーシア・クランタン州およびケダ州での狂犬病対策であり、タイは国境を越えた犬の移動によるリスク要因として言及されているのみで、タイ国内での発生事例は記載されていないため、タイは対象国リストに該当するが verified_locations には含めない。,
local:1605651:4,1,WATCH,洪水後の一般的な公衆衛生啓発記事であり、特定のアウトブレイクや異常事態の報告ではないが、デング熱・レプトスピラ症など季節性感染症リスクの注意喚起として経過観察対象とする。,Leptospirosis; Dengue,Kingdom of Thailand,,"Back home after the flood recedes: six diseases and one imminent danger, prevention tips.",2026-10-08T09:48:21+00:00,https://www.thaipbs.or.th/news/content/563032,https://www.thaipbs.or.th/news/content/563032,THAI,humans; environment,"Thailand faces six post-flood health risks and one imminent danger as floodwaters recede (as of 2026-10-08). Dengue fever risk rises from residual standing water; eliminate standing water, cover water containers, and seek medical care for high fever, severe headache, or bleeding signs; avoid NSAIDs due to bleeding risk. Conjunctivitis follows contaminated water; wash hands, avoid sharing personal items, seek care for red, itchy eyes. Trench foot from prolonged immersion; wear waterproof boots, dry feet, wash with soap. Respiratory infections from dust and mold; ventilate spaces, wear an N95 during cleaning, seek care for fever, cough, or breathing difficulties. Leptospirosis from water/soil contact; wear boots and gloves, seek medical care for fever, headache, muscle pain. Gastrointestinal infections from contaminated water/food; drink clean water, eat freshly cooked foods, use oral rehydration salts, seek care if dehydration. Electrical hazards: avoid wet cords, shut off power and consult an electrician; if someone is shocked, do not touch and call emergency.",不明,No,No,No,0,No,不明,Yes,Yes,No,2,不明,不明,No,本記事は洪水後の一般的な健康啓発情報であり、具体的な症例数や発生状況の報告ではない。デング熱・レプトスピラ症の季節的リスク増加に関する注意喚起として位置づけられる。,
local:1269750:0,1,PICKUP,ケララ州で在来感染によるマラリア死亡例が増加し、公衆衛生当局が監視強化や移民スクリーニングを呼びかけるなど社会的・行政的関心が高まっているため、WPRO基準複数該当かつ社会的関心ありと判断。,Malaria,State of Kerala; Republic of India,,Malaria infections worrying public health experts in Keralam,2026-10-08T00:40:00+00:00,https://www.thehindu.com/news/national/kerala/malaria-infections-worrying-public-health-experts-in-keralam/article71552716.ece,https://www.thehindu.com/news/national/kerala/malaria-infections-worrying-public-health-experts-in-keralam/article71552716.ece,ENGLISH,humans; vectors; environment,"Malaria infections worry public health experts in Keralam as indigenous and imported cases rise. As of October 5, 2026, four indigenous and 974 imported confirmed cases have been recorded, with one indigenous death and six deaths from imported cases this year; last year saw no indigenous deaths and two imported deaths. The uptick follows 2021’s spike (252 imported cases and one indigenous death). Indigenous cases have been highest in Malappuram, Kozhikode, and Kannur, while Kollam is in a recovery phase. Officials attribute mosquito abundance and constant traveler influx to transmission, and call for strengthened surveillance, migrant screening, and intensive testing of asymptomatic fever cases. Plans include insecticide-treated bed nets in homes in regions reporting indigenous cases to curb endemicity. Public health experts warn climate change and domestic worker mobility could expand malaria to new areas, noting delayed detection worsens indigenous spread.",Yes,不明,No,No,1,Yes,Yes,Yes,Yes,No,4,Yes,Yes,No,マラリアはインドで既知の風土病だが、ケララ州での在来感染増加と死亡例の上昇が専門家の懸念を呼んでおり、気候変動や人の移動による拡大リスクも指摘されている。国際的拡大や渡航制限のリスクは低いが、国内公衆衛生対応の強化が求められている状況。,
local:1269750:2,1,PICKUP,バングラデシュで1日1000人超の感染者と多数の死者が発生する深刻なデング熱流行があり、政府がワクチン緊急輸入を検討するなど社会的・行政的関心が高いため。,Dengue,Bangladesh; Republic of India,,Qdenga vaccine set for approval to tackle dengue,2026-10-08T02:39:20+00:00,https://www.agamirsomoy.com/en/bangladesh/health/1pwc6heb6z7v,https://www.agamirsomoy.com/en/bangladesh/health/1pwc6heb6z7v,ENGLISH,humans; vectors,"Bangladesh faces a severe dengue outbreak, with more than 1,000 infections daily and several deaths; the past 24 hours saw 8 additional deaths and 1,860 hospital admissions. Amid the surge, the government is considering importing the Qdenga dengue vaccine for individual use, after its July approval in India and WHO prequalification. No Bangladesh trial is planned, and officials say a local study is unnecessary given international data, though public health experts warn that a short local trial would help address safety perceptions and guide age-targeting and future rollout. Qdenga, developed by Takeda, protects against four dengue serotypes (DENV-1 to DENV-4) and requires two doses 3 months apart; it is in use in more than 40 countries. India’s market has not yet stocked Qdenga, with entry expected in 2027. Vector control remains essential to curb transmission.",Yes,No,No,No,1,No,Yes,Yes,Yes,不明,3,Yes,Yes,不明,発生国であるバングラデシュは対象国リストに含まれないため verified_locations は空配列。インドはワクチン承認・市場展開の文脈でのみ言及されており、デング熱発生国としては記載されていないため除外。,
local:1269750:8,1,DISMISS,これは野生動物の感染症検出技術に関する研究開発の報道であり、実際の感染症アウトブレイクの発生を報告するものではないため、トリアージ基準に該当しない。,Human Infection with Avian Influenza; Avian Influenza,State of Karnataka; Vellore; Uttar Pradesh; Kanpur; State of Tamil Nādu; Republic of India,,Kanpur: A biosensor and infrared device built for rapid detection of infections in wildlife.,2026-10-08T07:03:23+00:00,https://hindi.news18.com/news/uttar-pradesh/kanpur-sensor-based-device-developed-quickly-detect-diseases-and-infections-in-wildlife-local18-ws-l-10894514.html,https://hindi.news18.com/news/uttar-pradesh/kanpur-sensor-based-device-developed-quickly-detect-diseases-and-infections-in-wildlife-local18-ws-l-10894514.html,HINDI,animals,"Kanpur-based zoology professor Alok Srivastava and team have developed a compact biosensor and infrared-based device for rapid detection of infections in wildlife, now patented by the Government of India for both the instrument and its design. The field-ready device aims to speed diagnosis in forests, national parks, and zoos by activating near a sick animal to identify infection signals, reducing reliance on lab tests. It also houses pathogen-related data to support physiological assessments and guide immediate care. Bandipur National Park in Karnataka served as the initial testing site, with deer and multiple bird species yielding rapid preliminary results, suggesting potential for early intervention in outbreaks. The project notes prior bird flu concerns at Kanpur Zoo as context. The team seeks affordability for public and institutions; Dr. J. Corthiga of Vellore College of Engineering and Technology contributed to the work.",No,No,No,No,0,No,No,No,No,No,0,No,No,No,記事は過去のカンプール動物園での鳥インフルエンザ懸念に言及しているが、現在進行中のアウトブレイク報告ではなく、検出技術開発に関する記事であるため対象国の実際の発生地域として計上しない。,
local:1269750:10,1,DISMISS,既知の地域流行疾患（結核）に対するスクリーニングプログラムの成果報告であり、異常事態や新規の公衆衛生リスクを示すものではない。,Tuberculosis,National Capital Territory of Delhi; Delhi; Republic of India,,"AI chest x-ray screening flags 18,000, confirms 877 TB cases in slum clusters",2026-10-08T07:47:54+00:00,https://dailypioneer.com/news/ai-chest-xray-screening-flags-18000-confirms-877-tb-cases-in-slum-clusters,https://dailypioneer.com/news/ai-chest-xray-screening-flags-18000-confirms-877-tb-cases-in-slum-clusters,ENGLISH,humans,"AI chest X-ray screening in Delhi's urban slums flagged 18,377 people for TB testing from a 168,568-resident cohort, with molecular tests confirming 877 TB cases. The study, published Aug 23, 2026 in the Indian Journal of Tuberculosis, used Qure.ai to analyze digital chest X-rays and identify images suggestive of TB. Flagged individuals underwent sputum collection; 16,866 (91.7%) completed molecular testing, with results showing 877 bacteriologically confirmed TB cases (5.2% of those tested; 0.52% of the total screened). From July 2025–March 2026 across 349 urban slum clusters in six Delhi districts (population ~1.83 million), the programme detected 520 bacteriologically confirmed cases per 100,000 screened; 192 screenings were needed to identify one case. The approach targets asymptomatic TB gaps, aligning with National TB Prevalence findings that over 40% of confirmed TB cases lacked typical symptoms. Community mobilisation via ASHAs and accessible testing sites aided uptake.",No,No,No,No,0,No,No,No,No,No,0,No,No,No,結核はインドで既知の流行疾患であり、本記事はAIを活用した検診プログラムの成果報告。新規アウトブレイクや異常事態ではないためDISMISS。,
local:1269750:11,1,DISMISS,ハンセン病はインドで既知の風土病であり、本記事は国家プログラムの定期的な統計報告であって、異常な集団発生や新規の公衆衛生上の脅威を示すものではない。,Leprosy,West Bengal; State of Mahārāshtra; State of Bihār; State of Odisha; Uttar Pradesh; Republic of India,,"3,832 Children With Leprosy: Is India on Track for 2027?",2026-10-08T00:00:00+00:00,https://www.medindia.net/news/healthwatch/3832-children-with-leprosy-is-india-on-track-for-2027-225521-1.htm,https://www.medindia.net/news/healthwatch/3832-children-with-leprosy-is-india-on-track-for-2027-225521-1.htm,ENGLISH,humans,"India recorded 91,783 new leprosy cases from April 2025 to March 2026, including 3,832 children (4.18%). Thirty-seven children had Grade 2 disability at diagnosis, signaling delayed detection. Child cases signal ongoing transmission; interruption of transmission requires five consecutive years without locally acquired child cases. In 2025–26, 148 districts were provisionally identified as having reached this stage (pending field verification). The five states with the most child cases—Maharashtra, Bihar, Jharkhand, West Bengal and Odisha—together accounted for 2,565 child cases (≈67%). Maharashtra had 810 child cases (4.29% of its new cases); Uttar Pradesh had >11,000 total cases with 1.43% children; Bihar 702 (7.06%). Nine states/UTs reported >5% child share. Leprosy is curable with free government treatment; early detection prevents disability. Globally, about 174,087 new cases annually, with children ~6%; India contributes a large share.",No,No,No,No,0,No,No,Yes,No,No,1,No,Yes,No,ハンセン病は治療可能な慢性感染症であり、インド国内の既存の排除プログラムの進捗報告。新規の緊急事態ではなく、フルRRAの対象には該当しない。,
local:1269750:12,1,DISMISS,一般向け健康啓発記事であり、具体的な発生拡大や異常事象の報告はないため、シグナルとしての該当性は低い。,Malaria; Dengue,Republic of India,,Dengue or Malaria? 7 Signs to Watch When Your Child Has a High Fever,2026-10-08T10:07:42+00:00,https://www.medindia.net/health/lifestyle/dengue-or-malaria-7-signs-to-watch-when-your-child-has-a-high-fever.htm,https://www.medindia.net/health/lifestyle/dengue-or-malaria-7-signs-to-watch-when-your-child-has-a-high-fever.htm,ENGLISH,humans; vectors,"Dengue is a virus transmitted mainly by Aedes aegypti; malaria is caused by Plasmodium parasites transmitted by Anopheles. In children, early symptoms overlap: high fever, headache, body aches, nausea/vomiting, fatigue, and abdominal symptoms, particularly during and after the monsoon in India. Fever patterns can help: malaria may show periodic fever with chills/rigors; dengue may present as acute high fever with severe body pain; but a rash can occur in dengue and its absence doesn’t rule it out. Indian pediatric studies note dengue commonly presents with fever, vomiting, rash, headache, myalgia, and abdominal pain; malaria commonly with fever and chills/rigors. A study of 90 Indian children with laboratory-confirmed malaria found fever to be the most common complaint. Because symptoms overlap, laboratory evaluation and clinical assessment are essential. Mosquito protection is important for both day and night.",No,No,No,No,0,No,No,No,No,No,0,No,No,No,記事はデング熱とマラリアの症状比較に関する一般的な健康情報記事であり、特定の流行や発生状況の報告ではない。,
local:1269750:13,1,DISMISS,動物のみに影響する家畜感染症（LSD）であり、ヒトへの公衆衛生リスクはなく、既に沈静化傾向にあるため見送りと判断。,Lumpy Skin Disease,State of Himāchal Pradesh; Republic of India,,Kangra: Havoc of Lumpy Skin Disease! The cow's eye pupil protruded; the cattle owner is concerned.,2026-10-08T11:07:40+00:00,https://himachal.punjabkesari.in/himachal-pradesh/news/lumpy-virus-in-kangra-2387547,https://himachal.punjabkesari.in/himachal-pradesh/news/lumpy-virus-in-kangra-2387547,HINDI,animals; vectors,"As of October 8, 2026, Kangra district's Gangath area reports renewed Lumpy Skin Disease (LSD) in cattle. In Khadol village of Rappad Panchayat, a cow developed severe LSD signs, with large body nodules, heavy swelling of legs, and one eye's pupil protruding outward with the eye turning white, causing partial vision loss. Gangath veterinary teams are treating the affected animal; overall, about 60–70 LSD cases have been reported across 14 dispensaries under Gangath Hospital, with the situation now reportedly under control and the spread slowed. Authorities urge continued vigilance: keep stalls clean and protect livestock from flies, mosquitoes, and ticks; suspected LSD animals should be isolated and reported to the nearest veterinary facility.",No,No,No,No,0,No,No,No,No,No,0,No,No,No,Lumpy Skin Diseaseは牛などの家畜に感染するウイルス性疾患でヒトには感染しない人獣共通感染症ではないため、ヒト公衆衛生上のシグナルとしては対象外。地域はインド・ヒマーチャル・プラデーシュ州だが、人間への感染症ではないためverified_locationsは空とした。,
local:1269750:14,1,DISMISS,動物疾患(PPR)であり人への公衆衛生影響はなく、既存の国家予防接種計画の一環として通常運用されている内容のため見送り。,Peste Des Petits Ruminants,Madhya Pradesh; Indore; Republic of India,,Alert in Indore over suspected goat plague; PPR vaccination of more than 8 lakh animals.,2026-10-08T12:20:00+00:00,https://ghamasan.com/india/madhya-pradesh/alert-in-indore-over-suspected-goat-plague-over-8-lakh-animals-vaccinated-against-ppr-677660,https://ghamasan.com/india/madhya-pradesh/alert-in-indore-over-suspected-goat-plague-over-8-lakh-animals-vaccinated-against-ppr-677660,HINDI,animals,"An alert in Indore, Madhya Pradesh, about suspected goat plague underscores ongoing Peste des Petits Ruminants (PPR) control under the NADCP. Free PPR vaccination for sheep and goats aged four months and older is being rolled out across the Indore division, including Indore, Dhar, Alirajpur, Barwani, and Burhanpur districts. The campaign is in its third phase (initiated in 2020) targeting eradication by 2030. To date, 842,259 animals have been vaccinated, with the drive continuing until 15 October 2026. Authorities stress vaccination as the most effective prevention against this highly contagious viral disease, which can be severe and fatal. Farmers are urged to vaccinate all eligible animals, isolate sick livestock, and report suspected cases to the nearest veterinary facility.",No,No,No,No,0,No,No,No,No,No,0,No,No,No,PPR(小反芻獣疫)は家畜(ヒツジ・ヤギ)の疾患であり、人獣共通感染症ではないため公衆衛生リスクは認められない。,
local:1269750:15,1,DISMISS,新規感染拡大や異常事態ではなく、ハンセン病撲滅に向けた行政プログラムの発表に関する内容であり、公衆衛生上の緊急性は認められない。,Leprosy,Thoothukudi; Cuddalore; National Capital Territory of Delhi; State of Tamil Nādu; Delhi; Dharmapuri; Tiruchirappalli; Republic of India,,Leprosy Field Survey Manual Released by Minister Arunraj,2026-10-08T13:06:48+00:00,https://www.dailythanthi.com/news/tamilnadu/field-research-manual-on-tuberculosis-minister-arunraj-released,https://www.dailythanthi.com/news/tamilnadu/field-research-manual-on-tuberculosis-minister-arunraj-released,TAMIL,humans,"Leprosy Field Survey Manual released; Tamil Nadu launches Leprosy-Free JOSH team to strengthen detection, treatment, and social support for elimination. The Tamil Nadu arm is led by Class-1 frontline officers, with My Bharat volunteers and the NCC coordinating awareness and early-case finding. Field kits were distributed and the field-work plan signed by officers. At a national event in Delhi's Bharat Mandapam, Health Minister Jagat Prakash Nadda joined virtually to inaugurate Tamil Nadu's JOSH initiative from the state secretariat. Five districts—Cuddalore, Dharmapuri, Tiruchirappalli, Theni, and Thoothukudi—were selected for initial rollout. Under national guidelines, 2,390 village panchayats were certified as Leprosy-Free Panchayats, with certificates awarded. The government reaffirmed commitment to a Leprosy-free Tamil Nadu and India and urged every community segment to participate.",No,No,No,No,0,No,No,No,No,No,0,No,Yes,No,本記事はハンセン病撲滅のための行政的取り組み（JOSHチーム発足、フィールド調査マニュアル配布、Leprosy-Free Panchayat認定など）の紹介であり、アウトブレイクや新規症例急増を報じるものではない。,
local:1269750:16,1,DISMISS,インドの一地域における季節性のデング熱・マラリア予防啓発であり、異常性や国際的拡大リスクは認められない定例的な公衆衛生広報である。,Malaria; Dengue,State of Mahārāshtra; Republic of India,,The risk of vector-borne diseases has increased.,2026-10-08T13:02:46+00:00,https://www.esakal.com/marathwada/aurangabad/dengue-malaria-prevention,https://www.esakal.com/marathwada/aurangabad/dengue-malaria-prevention,MARATHI,humans; vectors; environment,"As of 8 October 2026, Dharashiv district in Maharashtra faces an elevated risk of vector-borne diseases due to stagnant water, with dengue and malaria highlighted as primary threats. District authorities—District Collector Kerti Kiran Pujar, Zilla Parishad CEO Priyavada Mhadadalkar, District Health Officer Dr. Satish Haridas, and Additional District Health Officer Dr. Vinaysheel Kulkarni—issued a joint alert urging preventive measures and prompt medical attention for fever. Do not ignore symptoms such as fever, body pains, severe headache, chills, or weakness; avoid self-medication and seek blood tests at government or authorized health centers to determine the cause. Community participation is emphasized; households should eliminate standing water inside homes and surroundings to curb mosquito breeding and disease spread.",No,No,No,No,0,No,不明,Yes,No,No,1,No,Yes,No,地方自治体による予防喚起の定例記事であり、具体的な症例数や流行拡大の報告はない。,
local:1269750:19,1,DISMISS,通常の行政プログラムレビュー会議の報告であり、新規症例急増や異常事態の記載がなく、公衆衛生上の緊急性や社会的関心の高まりは認められない。,Japanese Encephalitis; Malaria; Dengue,State of Nāgāland; Republic of India,,State NVBDCP team reviews vector-borne disease control activities in Z'boto,2026-10-08T15:38:02+00:00,https://morungexpress.com/state-nvbdcp-team-reviews-vector-borne-disease-control-activities-in-zboto,https://morungexpress.com/state-nvbdcp-team-reviews-vector-borne-disease-control-activities-in-zboto,ENGLISH,humans; vectors; environment,"Zunheboto district, Nagaland, Oct 5–7, 2026: A National Vector Borne Disease Control Programme (NVBDCP) team led by Dr Imnapokim and Deputy Director Dr Kavito Zhimomi conducted a three-day review of vector-borne disease prevention and control activities, with a sensitisation programme at DC Conference Hall on Oct 8. The review covered malaria trends 2018–2026 and dengue trends 2023–2026, and reviewed the district’s dengue and Japanese Encephalitis (JE) status. Participants from government departments, district authorities, churches and civil society discussed strengthening measures, including long-lasting insecticidal nets (LLINs), Indoor Residual Spraying (IRS), sanitation and environmental management, and school/church awareness, plus focal spraying. Deputy Commissioner Dharam Raj urged a coordinated, multi-sectoral approach, regular vector-control, timely diagnosis and treatment, and optimal use of resources. The State team highlighted District Task Force and District Elimination Committee roles and emphasised Testing, Treatment and Tracking (3Ts) for malaria elimination.",No,No,No,No,0,No,不明,No,No,No,0,No,Yes,No,"記事はマラリア・デング・日本脳炎の過去トレンドレビューと予防活動（LLIN配布、IRS、環境管理等）の会議報告であり、具体的な新規発生や感染拡大の記述はない。地域(Nagaland, India)は対象国リストに含まれるが、イベント性（異常事態）がないためverified_locationsは空とした。",
local:1269750:20,1,WATCH,マラリア症例数が前年比で増加しているが、通常の行政対応の一環であり、国際的拡大や重大な公衆衛生危機を示す情報はない。季節性感染症の定例的なモニタリング・対策強化の報道。,Malaria; Dengue,State of Mahārāshtra; Prabhadevi; Mumbai; Republic of India,,"Mumbai civic chief Ashwini Bhide directs stronger malaria, dengue prevention in G-South Ward",2026-10-08T16:10:03+00:00,https://www.mid-day.com/mumbai/mumbai-news/article/mumbai-civic-chief-ashwini-bhide-directs-stronger-malaria-dengue-prevention-in-g-south-ward-23654063,https://www.mid-day.com/mumbai/mumbai-news/article/mumbai-civic-chief-ashwini-bhide-directs-stronger-malaria-dengue-prevention-in-g-south-ward-23654063,ENGLISH,humans; vectors,"On Oct 8, 2026, Mumbai’s BMC Commissioner Ashwini Bhide directed intensified prevention of malaria and dengue in the G-South Ward, following inspections of the Haji Mohammed Sabu Siddiqui Municipal Maternity Home in Prabhadevi and a Prabhadevi dispensary. She asked for current malaria and dengue case data, urged stronger vector-control measures, and ordered awareness campaigns via ASHA workers to boost uptake of ABHA and Ayushman Bharat cards. The inspection reviewed HMIS-reported functioning at the maternity home and assessed the dispensary and polyclinic’s daily patient footfall, medicine stocks, and blood-testing facilities, while noting needed minor repairs and essential equipment. City data show dengue 1,563 cases (June–Aug 2026) vs 1,972 in 2025, and malaria 4,485 in 2026 vs 3,733 in 2025. The focus follows a monsoon period with overall declines in several illnesses, despite rising malaria and falling dengue relative to last year.",No,No,No,No,0,No,不明,Yes,Yes,No,2,No,Yes,No,"マラリア症例は前年比増加（4,485件 vs 3,733件）だが、デング熱は減少（1,563件 vs 1,972件）。地方行政による通常の季節的対策強化であり、異常事態や国際的懸念を示す記述はない。",
local:1269750:21,1,PICKUP,ケニアで初の輸入エボラ症例が確認され死亡者も出ており、IHR基準の深刻性・異常性に該当し、ヒト-ヒト感染リスクや国際支援（WHO・インドからのPPE提供）も伴うためフルリスク評価が妥当。,Ebola,Busia; Busia; Nairobi; Nairobi; Republic of India; Republic of Kenya,,"Kenya remains open as Ebola response intensifies, CS Duale tells diplomats",2026-10-08T16:03:22+00:00,https://www.kenyanews.go.ke/kenya-remains-open-as-ebola-response-intensifies-cs-duale-tells-diplomats/,https://www.kenyanews.go.ke/kenya-remains-open-as-ebola-response-intensifies-cs-duale-tells-diplomats/,ENGLISH,humans; environment,"Kenya confirmed its first imported Ebola case on 6 October 2026; the Kenyan citizen patient died, but authorities say there is no evidence of widespread transmission. The government intensified surveillance, contact tracing, and testing, identifying 57 contacts under monitoring. The National Incident Management System is active since May 2026, with 27 counties conducting surveillance and line 719. To date, 4,971 health workers have been trained; 15 points screen travelers, with over 652,000 travelers screened and 263 alerts from 17 counties investigated. Designated isolation, treatment, and quarantine facilities with 241 beds are at Kenyatta National Hospital, Moi Teaching and Referral Hospital, National Police Service Hospital, Port Reitz, and Nairobi Hospital; additional capacity is being built in Busia and other areas. Five laboratories (including mobile) provide testing with 6–12 hour turnaround; 268 samples tested, 1 positive; the patient died and was buried per protocols. PPE: WHO 1,000 sets; India 6,000 sets.",Yes,Yes,不明,No,2,Yes,Yes,No,Yes,Yes,4,Yes,Yes,Yes,イベントはケニア（対象国リスト外）で発生。Indiaは記事中でPPE支援提供国として言及されているのみで、発生国ではないためverified_locationsから除外した。,
local:1269750:22,1,DISMISS,リンパ系フィラリア症は既知の風土病でありルーチンのサーベイランス活動であるため、異常性・重症度・国際的拡大リスクなどの基準に該当しない。,Lymphatic Filariasis,Republic of India,,Munger News: The search for parasites using blood samples in the dark of night.,2026-10-08T18:22:55+00:00,https://www.livehindustan.com/bihar/munger/story-munger-night-blood-survey-2-673-samples-collected-to-detect-lymphatic-filariasis-201791483764297.html,https://www.livehindustan.com/bihar/munger/story-munger-night-blood-survey-2-673-samples-collected-to-detect-lymphatic-filariasis-201791483764297.html,HINDI,vectors; humans,"Lymphatic filariasis (elephantiasis) control efforts are underway in Munger district, India, with a comprehensive 'Night Blood Survey' to detect microfilariae. District Vector-borne Disease Control Officer Dr. Raman Kumar notes that blood samples from 2,673 residents across blocks have been collected to gauge true infection rates and halt transmission. Sampling is conducted 10 PM–2 AM because the parasite's microfilariae are active at night; if detected, patients receive immediate treatment with Diethylcarbamazine (DEC) and Albendazole. Teams of ANMs and ASHA workers aim to collect at least 300 samples per selected area. The vector for transmission is Culex mosquitoes. Early detection and timely treatment are the primary prevention strategy. The article does not report confirmed cases or deaths to date.",No,No,No,No,0,No,No,No,No,No,0,No,No,No,確認症例・死亡例の報告なく、通常のルーチン監視活動（夜間血液調査）に関する記事。,
local:1269750:23,1,DISMISS,本記事は四川大学華西病院主導の専門家コンセンサス勧告（ガイドライン）の発表であり、現在進行中の感染症アウトブレイクや公衆衛生上の緊急事態を報告するものではない。2021年インドでの事例は過去の参考情報として触れられているのみ。,COVID-19; Influenza; HIV,Sichuan Sheng; Republic of India; People's Republic of China,,Experts Issue 12 Consensus Recommendations to Prevent Mucormycosis After,2026-10-08T21:12:50+00:00,https://scienmag.com/experts-issue-12-consensus-recommendations-to-prevent-mucormycosis-after-viral-infections/,https://scienmag.com/experts-issue-12-consensus-recommendations-to-prevent-mucormycosis-after-viral-infections/,ENGLISH,humans,"Mucormycosis prevention after respiratory viral infections is guided by 12 consensus recommendations coordinated by West China Hospital, Sichuan University, published in iFungi. The panel aims to prevent secondary mucormycosis in patients recovering from influenza or SARS-CoV-2. It follows the 2021 COVID-19–associated surge of mucormycosis, notably in India, with more than 50,000 cases and over 4,000 deaths. Forty-nine experts from 44 institutions across eight countries used PubMed/Embase/Cochrane/CNKI/Wanfang databases and a two-round Delphi process; all statements reached 100% agreement; evidence was graded by the 2009 Oxford CEBM system. Four principal risk groups were defined: (1) critically ill on mechanical ventilation; (2) immunocompromised (diabetes, transplantation, HIV, etc.); (3) stage 4–5 CKD; (4) structural lung disease. Recommendations cover education/personal protection, vaccination against influenza and COVID-19, mask use, and timely diagnosis and antiviral therapy.",No,No,No,No,0,No,不明,No,No,No,0,No,No,No,記事は学術的なコンセンサス勧告の発表であり、現在発生中の感染症イベントではない。インドや中国は過去の事例・発行機関としての言及のみで、現在の発生国ではないためverified_locationsには含めない。,
local:203312:1,1,PICKUP,ケニア国境地帯で初のエボラ死亡例が報告され、近隣国（DRC・ウガンダ・南スーダン）との国境を越えた拡大リスクが指摘されており、IHR基準複数該当かつ社会的関心も高い。,Ebola,Lodwar; Turkana; Kakuma; Republic of the Sudan; Federal Democratic Republic of Ethiopia; Democratic Republic of the Congo; Republic of Kenya; Republic of Uganda,,Turkana ramps up Ebola surveillance,2026-10-08T04:32:17+00:00,https://www.the-star.co.ke/counties/rift-valley/2026-10-08-turkana-ramps-up-ebola-surveillance,https://www.the-star.co.ke/counties/rift-valley/2026-10-08-turkana-ramps-up-ebola-surveillance,ENGLISH,humans,"Turkana county, Kenya, has intensified Ebola surveillance, remaining one of 12 counties classified as very high risk near international borders with Uganda, Ethiopia and South Sudan. A joint training of health officers in Lodwar and Kakuma, led with Amref Health Africa’s Imarisha Jamii and the International Rescue Committee’s Core Group Partners Project, brought together staff from all 12 sub-counties to bolster surveillance, case handling, and prevention. Kenya recorded its first Ebola death around the time of the report; preparedness activities run through Oct 31, 2026, with a possibility of extension beyond Sept 30. Turkana also held a virtual session for 303 health workers to map risks and identify priority sub-counties. KNPHI warned of vulnerability to imported cases due to porous borders with DRC; Governor Lomorukai urged proactive, staff readiness, and community-focused preventive measures, while Agnes Mana highlighted capacity-building for CHPs and adherence to procedures.",Yes,Yes,Yes,不明,3,Yes,Yes,Yes,Yes,Yes,5,Yes,Yes,Yes,記事の主題はケニア・トゥルカナ州における監視強化と初のエボラ死亡例であり、ケニアは対象国リストに含まれない。DRCは国境リスクの文脈でのみ言及され、DRC国内での新規発生そのものを報じる記述はないため verified_locations には含めなかった。,
local:203312:3,1,PICKUP,DRCでのエボラ流行を背景に、越境感染リスクを理由にウガンダでの大規模イベントが中止されており、IHR基準の複数（深刻性・異常性・国際的拡大・渡航/イベント制限）に該当するためフルRRAへ進めるべき。,Ebola,Democratic Republic of the Congo; Republic of Uganda,,Koffi Olomide's Independence concert in Uganda canceled over Ebola,2026-10-08T09:27:56+00:00,https://www.monitor.co.ug/uganda/lifestyle/entertainment/koffi-olomide-s-independence-concert-in-uganda-canceled-over-ebola-5624174,https://www.monitor.co.ug/uganda/lifestyle/entertainment/koffi-olomide-s-independence-concert-in-uganda-canceled-over-ebola-5624174,ENGLISH,humans; environment,"Uganda’s Ministry of Health has deferred Congolese artist Koffi Olomidé’s Independence Day concert in Gulu City, planned for Pearl Hotel, due to Ebola-related risk. Health Minister Dr. Chris Baryomunsi warned that attendees would include people from the Democratic Republic of Congo, including individuals from affected or high-risk areas, potentially entering Uganda via informal routes. The decision highlights cross-border transmission concerns from the DRC in the context of a high-profile event. The article does not report any Ebola case counts or laboratory confirmations. No additional symptoms or outbreak details are provided. By postponing the performance, Ugandan authorities aim to mitigate potential importation of Ebola linked to the event during the Independence Day celebrations.",Yes,Yes,Yes,Yes,4,Yes,Yes,Yes,Yes,不明,4,Yes,Yes,不明,記事はDRCで発生中のエボラ流行に起因するウガンダ側の予防的措置（コンサート中止）を報じており、ウガンダ国内でのエボラ症例発生は確認されていない。ウガンダは対象国リストに含まれないため verified_locations には含めていない。,
local:203312:4,1,WATCH,"本記事はマラガ大学による気候パターンとエボラ流行の関連性に関する研究報告が主題であり、新規シグナルではないが、DRCで進行中のエボラ流行（感染者8,000人超、死者3,901人、致死率約50%）に関する重大な疫学情報を含むため、継続的な注視が必要。",Ebola,Málaga; Andalusia; Africa; Democratic Republic of the Congo; Kingdom of Spain,,Scientists from UMA link global climate to the risk of new Ebola outbreaks.,2026-10-08T09:39:33+00:00,https://www.lanocion.es/malaga-capital/20261008/cientificos-de-la-uma-vinculan-el-clima-global-con-ede47.html,https://www.lanocion.es/malaga-capital/20261008/cientificos-de-la-uma-vinculan-el-clima-global-con-ede47.html,SPANISH,humans; animals; environment,"Ebola outbreaks in Africa may be forecasted by macroclimate patterns. A multinational team led by the University of Málaga linked large-scale climate oscillations to Ebola outbreak timing, analyzing 49 African outbreaks from 1976–2025 against 26 climate indices. The study does not claim causation; major climate fluctuations may alter rainfall and ecological conditions that facilitate spillover from wildlife to humans. The research coincides with the Democratic Republic of Congo's current Ebola epidemic, which, as of 26 September, has over 8,000 confirmed infections and 3,901 deaths (case fatality ~50%). Four indices showed strongest temporal association: Caribbean Sea surface temperature, Indian Ocean Dipole, stratospheric wind quasi-biennial oscillation, and Pacific Decadal Oscillation, with PDO most prominent. The work emphasizes early warning potential of 6–12 months, guiding enhanced surveillance, deforestation context, and wildlife–human contact studies; a future observatory for updated risk predictions is proposed.",Yes,No,不明,不明,1,No,Yes,Yes,Yes,不明,3,不明,不明,不明,記事の主眼は気候とエボラ流行時期の相関を分析した学術研究であり、スペイン（マラガ）は研究拠点に過ぎず発生国ではない。DRCの既存エボラ流行への言及は既知情報であるが、致死率の高さから継続監視が妥当。,
local:203312:5,1,PICKUP,DRCでエボラ流行が継続・激化していると明記されており、エボラはIHR基準に複数該当する高リスク疾患であるため、フルリスク評価が妥当。,Ebola,Province du Nord-Kivu; Ituri; Democratic Republic of the Congo; Republic of Uganda,,Africa: Epidemics — What If the Continent Drew Inspiration from Uganda's Response to Ebola?,2026-10-08T10:20:40+00:00,https://fr.allafrica.com/stories/202610080215.html,https://fr.allafrica.com/stories/202610080215.html,FRENCH,humans,"Ebola virus disease outbreak in Uganda was declared ended by WHO on August 27, 2026 after >100 days of response, tallying 20 cases and 2 deaths. The achievement contrasts with an ongoing, intensifying Ebola outbreak in the Democratic Republic of Congo (DRC). Uganda’s success credited to the Emergency Medical Team (EMT), created in 2021, with six regional zones and a target of 480 deployable professionals; current EMT strength is 354 and teams can be mobilized within 24 hours. The response reduced case fatality from 11.1% in 2025 to 5.6% in 2026, versus 41–70% previously. Community health workers (Village Health Teams) and rapid detection, isolation, and treatment were pivotal, along with border controls and targeted risk communication. In the DRC, leaders caution that Uganda’s model may not be immediately transferable, citing coordination debates between INRB and INSP and differing humanitarian contexts in Ituri and North Kivu.",Yes,Yes,Yes,不明,3,Yes,Yes,Yes,Yes,Yes,5,Yes,Yes,Yes,記事は主にウガンダのエボラ対応成功事例（既に終息、WHO宣言済み）を分析する内容だが、DRCでの継続・激化するエボラ流行についても言及されている。ウガンダは対象国リストに含まれないため除外。DRCの流行状況の詳細（症例数、死亡者数等）は本文に記載がなく不明。,
local:203312:8,1,PICKUP,ケニアで初のエボラ出血熱（ブンディブギョ株）症例が確認され死亡、DRCからウガンダ経由で越境移動した事例であり国際的拡大リスクと社会的関心（学校閉鎖懸念）が高い。,COVID-19; Ebola,Democratic Republic of the Congo; Republic of Uganda; Republic of Kenya; Republic of Angola,,Ebola scare: Eyes on schools as exams draw near,2026-10-08T12:06:03+00:00,https://www.the-star.co.ke/news/2026-10-08-ebola-scare-eyes-on-schools-as-exams-near,https://www.the-star.co.ke/news/2026-10-08-ebola-scare-eyes-on-schools-as-exams-near,ENGLISH,humans,"Kenya confirms its first Ebola case, a citizen who had lived in the Democratic Republic of Congo for seven years and traveled home via Uganda on Oct 3, dying Oct 5. The Bundibugyo strain is confirmed, with no vaccine or specific treatment available. Health authorities have traced 57 contacts who are under monitoring. Officials stress there is no panic and say preparations for national examinations beginning Oct 23 will proceed, with Basic Education Principal Secretary John Ololtuaa noting exams are progressing and that the Ministry of Health would handle health issues, while subcounty visits to brief field officers start soon. The case raises concerns about school closures, recalling West Africa’s 2013–2016 outbreak (7–9 months closures) and Kenya’s Covid-19 disruption in 2020 affecting about 17 million learners. Ebola spreads through contact with infected bodily fluids, underscoring limited containment if transmission escalates.",Yes,Yes,Yes,Yes,4,Yes,Yes,Yes,Yes,Yes,5,Yes,Yes,Yes,患者はDRCに7年間居住しウガンダ経由でケニアに帰国後死亡した事例。実際の発症・確認・接触者追跡はケニアで行われており、DRC・ウガンダ・ケニアはいずれも対象国リストに含まれないためverified_locationsは空配列とした。,
local:203312:9,1,DISMISS,個人の探検家の冒険記事であり、マラリアの公衆衛生上の集団発生や流行を報告するものではない。実際の感染症アウトブレイク情報は含まれていない。,Malaria,Préfecture de la Sangha-Mbaéré; Cuvette; Nola; Province du Kongo Central; Central African Republic; Gabonese Republic; Republic of Equatorial Guinea; Republic of Cameroon; Republic of the Congo; Democratic Republic of the Congo,,"Ash Dykes faces crocodiles, disease and isolation on Congo expedition",2026-10-08T12:20:31+00:00,https://iol.co.za/entertainment/2026-10-08-ash-dykes-faces-crocodiles-disease-and-isolation-on-congo-expedition/,https://iol.co.za/entertainment/2026-10-08-ash-dykes-faces-crocodiles-disease-and-isolation-on-congo-expedition/,ENGLISH,humans; animals; environment,"Ash Dykes launches Mission 01 of Project 6, paddling 700+ km along the Sangha River from Nola in the Central African Republic to Mossaka in the Republic of the Congo, where the Sangha meets the Congo River. The Congo Basin spans CAR, Cameroon, the DRC, Equatorial Guinea and Gabon, hosting vast tropical rainforest and biodiversity including Nile crocodiles, hippos, forest elephants, gorillas and chimpanzees. The inflatable kayak route requires deflation and portage through dangerous sections; Dykes faces malaria, infections, extreme heat and humidity, contaminated water and long distances from medical care. He carries medical supplies, satellite communications and emergency evacuation plans, and travels with a small team including a local guide and videographer, while learning from the BaAka. A visa hiccup and luggage loss en route via Cameroon delayed start; the 3–4 week expedition targets Mossaka in late Oct/early Nov 2026.",No,No,No,No,0,No,No,No,No,No,0,No,No,No,記事は冒険家のプロジェクト紹介であり、公衆衛生イベントではない。対象国（DRC等）も探検ルートとして言及されるのみで、感染症発生の主題ではない。,
local:203312:10,1,PICKUP,"DRCでエボラ(ブンディブギョ株)が6州以上に拡大し、7,022症例・3,398死亡という大規模アウトブレイクであり、国際的拡大リスクと公衆衛生への深刻な影響が認められるためフルRRAへ進むべき。",Ebola,Bunia; Democratic Republic of the Congo,,World Health Organization: A shortage of staff and funding hampers the fight against Ebola.,2026-10-08T12:16:45+00:00,https://sana.sy/health/2600639/,https://sana.sy/health/2600639/,ARABIC,humans,"As of Oct 8, 2026, the World Health Organization reports staffing shortages, limited international partners, and funding gaps hindering Ebola response expansion in the Democratic Republic of Congo, where Bundibugyo ebolavirus is spreading beyond the Bunia epicenter to six other provinces. A decentralized strategy is expanding treatment closer to affected communities. About 1,400 beds are available across 59 treatment centers, one of the fastest expansions seen, yet international organizations capable of running Ebola treatment centers remain limited due to funding shortfalls. The agency estimates a need for 1,600 more beds; at three staff per bed, the planned 3,000-bed capacity would require roughly 9,000 staff. Official figures put the outbreak at 7,022 cases and 3,398 deaths, with 1,671 recoveries to date, underscoring the ongoing, worst-in-country outbreak.",Yes,Yes,Yes,不明,3,Yes,Yes,Yes,Yes,Yes,5,Yes,Yes,Yes,WHOが人員・資金不足を公式に訴えており、致死率も高く(約48%)、国際支援の必要性が明確。感染拡大は6州以上に及び、国内最悪規模の流行とされる。,
local:203312:11,1,PICKUP,エボラ出血熱は公衆衛生上重大な疾患であり、現在進行中の第17次流行（コンゴ民主共和国）に関する報道であるため、継続的なリスク評価が必要と判断した。,Ebola,Province du Nord-Kivu; Democratic Republic of the Congo,,Congo-Kinshasa: More than 50 journalists equipped to counter misinformation about the 17th Ebola outbreak in Beni.,2026-10-08T12:46:48+00:00,https://fr.allafrica.com/stories/202610080410.html,https://fr.allafrica.com/stories/202610080410.html,FRENCH,humans,"More than 50 media professionals in Beni (Nord-Kivu, Democratic Republic of the Congo) participated in a October 6 capacity-building workshop to counter misinformation during the 17th Ebola outbreak in Beni. The training aims to equip local newsrooms with technical and ethical tools to counter rumors and community resistance and to disseminate reliable health messages to help the population protect itself. Journalists like Mervedi Kalmer emphasized the need for high-quality information for the community. Anderson Shada, director of Radio Espoir, noted the training comes at a pivotal time to address on-the-ground mistrust, stressing that understanding scientific facts strengthens efforts to counter misinformation. Participants pledged to produce preventive, rigorous information to support public health. The event underscores media as a strategic partner in the outbreak response; updates and guidance are shared via WhatsApp and LinkedIn.",Yes,No,Yes,不明,2,No,Yes,Yes,Yes,Yes,4,Yes,Yes,Yes,記事自体は誤情報対策のためのメディア研修についての内容であり、新規症例や流行拡大に関する直接情報はないが、進行中の第17次エボラ流行（ベニ、北キブ州）の社会的・公衆衛生的文脈を反映しているためPICKUPと判定した。,
local:203312:12,1,PICKUP,コンゴ民主共和国イトゥリ州で進行中のエボラ出血熱アウトブレイクに関する公衆衛生対応の記事であり、エボラは重篤性・国際的拡大リスクが高い疾患であるためフルリスク評価が必要。,Ebola,Ituri; Bunia; Democratic Republic of the Congo,,Ebola in Ituri: a call to abstain from self-medication launched (A doctor) - ACP.,2026-10-08T13:17:33+00:00,https://acp.cd/province/ebola-en-ituri-un-appel-a-labstinence-a-lautomedication-lance-un-medecin/,https://acp.cd/province/ebola-en-ituri-un-appel-a-labstinence-a-lautomedication-lance-un-medecin/,FRENCH,humans,"On 8 October 2026 in Bunia, Ituri, northeastern Democratic Republic of Congo, health authorities warn against self-medication during the Ebola virus disease response. Dr. Samson Asamba of Clinique Marie-claire Babenda cautions that medicines are therapeutic tools, not random items, and misuse at home can cause adverse effects, poisonings, and harmful drug interactions, especially for children and the elderly. He notes that improper antibiotic use may drive antimicrobial resistance, complicating future treatment. Symptoms such as weakness, vomiting, and diarrhea can resemble other illnesses, prompting people to self-medicate and delay professional care. Dr. Asamba urges anyone with suspected Ebola signs to quickly seek care at a health facility and follow medical guidance. The message frames rapid health service use and prudent medication use as a collective duty to protect families and the community during the outbreak.",Yes,Yes,Yes,Yes,4,Yes,Yes,Yes,Yes,Yes,5,Yes,Yes,Yes,記事自体は自己投薬への注意喚起が主題だが、背景にあるイトゥリ州での進行中のエボラアウトブレイクは既に公衆衛生上の重大事案であり、継続監視・フルリスク評価の対象とすべき。,
local:203312:13,1,PICKUP,コンゴ民主共和国のエボラ流行が継続しており、新規感染の7割以上が既知の感染経路外から発生している点は、感染制御の悪化を示す重要なシグナルであるためフルRRAへの移行が妥当。,Hepatitis B; Pneumonic Plague; Plague; Giardiasis; Ebola,The Bronx; New York; United States; Democratic Republic of the Congo; Republic of Guinea-Bissau; Russian Federation; Canada,,Murder Charge for Wellness Spa Director; Plague Threat Hubbub; Night Owls and ADHD,2026-10-08T09:33:17+00:00,https://www.medpagetoday.com/practicemanagement/medicolegal/123315,https://www.medpagetoday.com/practicemanagement/medicolegal/123315,ENGLISH,animals; humans,"Bronx wellness center owner charged with second-degree murder and manslaughter after allegedly injecting air into an IV line during NAD+ therapy. Russia’s lab-related plague concerns follow a worker’s death, with bioweapons debate; CDC notes risk to Americans from an unconfirmed pneumonic plague case is extremely low. In Canada, a PLoS One study finds nearly 1 in 15 house cats infected with Giardia duodenalis, and about 1 in 5 infected cats could transmit to humans. Congo’s Ebola outbreak persists, with over 70% of new cases arising from contacts beyond known chains. FDA clears the MycoMEIA rapid urine test for invasive aspergillosis, supported by a new case-control study. CDC revives a hepatitis B vaccination study in Guinea-Bissau. A recall warns that Babies’ Magic Tea Baby Sleep Gripe Water contains ethanol, methanol, and isopropanol.",Yes,Yes,Yes,不明,3,Yes,Yes,Yes,Yes,Yes,5,不明,Yes,Yes,本記事は複数の医療ニュースをまとめたダイジェストであり、個々のトピックに関する詳細情報は限定的。ロシアのペスト関連懸念、カナダの猫のジアルジア症、ギニアビサウのB型肝炎ワクチン研究は対象国リスト外または主題性が低いため除外。DRCのエボラ流行悪化（感染経路不明の新規症例が70%超）が最も注視すべき情報。,
local:203312:14,1,PICKUP,カバ河床でのカバの死骸から炭疽菌が検出され、水使用禁止が発令された。国境地帯での動物由来感染症拡大リスクと既存のエボラ・コレラ危機が重なる点でIHR基準2つ以上に該当する。,Cholera; Anthrax; Ebola,Western Region; Kamba; Kebbi State; Kasindi; Province du Nord-Kivu; Democratic Republic of the Congo; Republic of Uganda; Federal Republic of Nigeria,,"Anthrax: Semuliki River water banned in Kasindi, spores lasting for years.",2026-10-08T14:26:03+00:00,https://beto.cd/kasindi-lubirigha-semuliki-interdiction-eau-charbon-bacterien-hippopotames-nord-kivu/,https://beto.cd/kasindi-lubirigha-semuliki-interdiction-eau-charbon-bacterien-hippopotames-nord-kivu/,FRENCH,humans; animals; environment,"On 6 October 2026, Nord-Kivu authorities banned use of Semuliki River water in Kasindi-Lubirigha, about 90 kilometers from Beni, after hippo carcasses were found along the riverbed and linked to anthrax (Bacillus anthracis). Bacterial spores can survive for years in water and sediments, making the ban effectively long-lasting rather than temporary. Human infection occurs via contact with an infected animal or its products, ingestion, or rarely inhalation. Kambo and Ihunga depend on the river for drinking, cooking, and cleaning, forcing women and girls to walk six to seven kilometers daily to Kasindi for water. No end date for the restriction. Local groups lack resources to extend potable-water networks; calls for funding to expand supply. Nord-Kivu faces Ebola and a cholera burden—3,124 deaths across sixteen provinces—and more than 33,000 malnutrition cases (MSF-supported Jan–Aug). Semuliki forms Uganda border and wildlife corridor, suggesting cross-border veterinary surveillance.",不明,Yes,Yes,No,2,Yes,不明,Yes,No,Yes,3,Yes,Yes,Yes,記事はDRC・北キヴ州カシンディ地区でのカバ死骸由来の炭疽菌汚染と飲料水禁止措置を主題としており、ナイジェリア・ウガンダへの言及は文脈的（国境・野生生物回廊）であり主要発生地ではない。人への感染症例数は記載なし。地域は既存のエボラ・コレラ・栄養失調危機と重なり、医療資源の逼迫が懸念される。,
local:203312:15,1,PICKUP,DRCオート・カタンガ州でポリオ(ポリオウイルス)症例が3例確認され、WHO支援による緊急ワクチン接種キャンペーンが開始された。ポリオはIHR上常に通知対象となりうる疾患であり、国際的拡大リスクも高い。,Poliomyelitis,Kambove; Province du Haut-Katanga; Likasi; Northern Region; Democratic Republic of the Congo; Republic of Malawi,,Haut-Katanga: an immunization response campaign launched after the detection of three polio cases.,2026-10-08T17:06:38+00:00,https://7sur7.cd/2026/10/08/haut-katanga-une-campagne-de-riposte-vaccinale-lancee-apres-la-detection-de-trois-cas-de,https://7sur7.cd/2026/10/08/haut-katanga-une-campagne-de-riposte-vaccinale-lancee-apres-la-detection-de-trois-cas-de,FRENCH,humans,"Three poliomyelitis cases have been reported in Haut-Katanga's Mufunga Sampwe and Kambove health zones. In response, provincial Health Minister Dr. Jean-Claude Kisenga Mwana Umbi launched a rapid vaccination campaign from October 8–12, 2026, in Lwambo, Kambove territory, about 30 kilometers from Likasi. The mass campaign targets children aged 0–5 years and uses a door-to-door strategy with oral polio vaccine, funded by partners including the World Health Organization. During the launch, the minister urged parents and the community to support vaccination teams and protect children from polio’s consequences; he also thanked President Félix Tshisekedi Tshilombo and Governor Martin Kazembe. He symbolically vaccinated children to inaugurate the operation. Poliomyelitis, a highly contagious disease caused by poliovirus, mainly affects under-fives and spreads fecal-orally via contaminated water or food; vaccination is the main prevention method.",Yes,Yes,Yes,Yes,4,Yes,Yes,Yes,Yes,Yes,5,Yes,Yes,Yes,発生地域にMalawiが含まれているが、記事本文はDRCハウト・カタンガ州のみに言及しており、Malawiでの発生は確認できないため除外した。,
local:203312:16,1,DISMISS,既知の風土病であるマラリアに関する予算政策・行政対応のニュースであり、新規異常事象や急性の公衆衛生リスクを示すものではない。,Tuberculosis; Malaria,Kinshasa; Africa; Kinshasa City; Democratic Republic of the Congo; United States; Federal Republic of Nigeria,,Fiscal Year 2027: Malaria Placed Among the Absolute Priorities of Public Health (Minister of Health) - ACP.,2026-10-08T17:27:02+00:00,https://acp.cd/science-sante-environnement/exercice-budgetaire-2027-le-paludisme-place-parmi-les-priorites-absolues-de-sante-publique-ministre-de-la-sante/,https://acp.cd/science-sante-environnement/exercice-budgetaire-2027-le-paludisme-place-parmi-les-priorites-absolues-de-sante-publique-ministre-de-la-sante/,FRENCH,humans,"Malaria is declared an absolute public-health priority in Kinshasa’s 2027 budget, following 2025 malaria case and death counts and 2026 first-half totals in the Democratic Republic of the Congo. On Oct 2, 2026, Health Minister Dr Samuel Roger Kamba pledged no budget cuts to malaria control and committed to unlocking PNLP operating funds for Q3 2026, securing PNLP needs in the 2027 Finance Law, and strengthening domestic resources amid shrinking external funding. Four pillars include internal support via the Health Promotion Fund (FPS) and compulsory health insurance for simple cases, plus partner backing through a Memorandum of Understanding with the U.S. Government and the Global Fund against AIDS, TB and Malaria. Kinshasa reported 1,518,193 malaria cases in H1 2026 after 2,700,655 in 2025. Levi Mbuta, President of the Provincial Assembly, called malaria the leading cause of hospitalization, morbidity, and death in the DRC, second in Africa after Nigeria and seventh worldwide by prevalence, urging PNLP priorities be reflected in the 2027 budget and implemented by the provincial executive.",不明,No,No,No,0,No,不明,Yes,No,Yes,2,No,Yes,Yes,本記事はDRC(キンシャサ)における2027年度予算編成とマラリア対策資金に関する政策報道であり、感染症の急激な増加や異常発生を報告するものではない。疾患名にTuberculosisも含まれるが、記事内容はマラリアのみに焦点を当てている。,
local:1814991:2,1,DISMISS,本記事はAI診断技術に関する研究報告であり、感染症の発生・流行・公衆衛生リスクに関する情報ではないため、シグナルトリアージの対象外。,COVID-19,Nanjing; Jiangsu Sheng; People's Republic of China,,Deep Learning Reads Chest CT Scans to Stage COVID-19 Patients Faster,2026-10-08T04:47:12+00:00,https://scienmag.com/deep-learning-reads-chest-ct-scans-to-stage-covid-19-patients-faster/,https://scienmag.com/deep-learning-reads-chest-ct-scans-to-stage-covid-19-patients-faster/,ENGLISH,humans,"COVID-19 staging in ICU via COV-DSNet, a 3D CNN with mixed convolutions and attention, reads chest CT to classify patients as in progression or remission. Developed by Nanjing Drum Tower Hospital, the Affiliated Hospital of Nanjing University Medical School, and the National Key Laboratory for Novel Software Technology at Nanjing University, the model focuses on diseased lung regions to guide management. Data from 578 COVID-19 patients were used; after filtering, 297 CT scans from 156 patients entered analysis. In binary staging, mean AUC-ROC was 0.820 (SD 0.030; 0.792–0.844); verification set AUC was 0.864 (0.750–0.947) with sensitivity 0.708 and specificity 0.921, higher specificity than manual reading. Adding the AI-derived stage to a baseline model (APACHE II + PaO2/FiO2) raised AUC from 0.908 to 0.978, suggesting improved triage and ICU decision-making for severe COVID-19 cases.",No,No,No,No,0,No,No,No,No,No,0,No,No,No,記事はCOVID-19患者の重症度分類を支援するAIモデル（COV-DSNet）の開発・性能評価に関する学術研究であり、新規感染症発生や流行状況の報告ではない。南京の病院が開発主体だが、疾病発生事例ではないためverified_locationsは空とした。,
local:1814991:4,1,DISMISS,これは季節的な蚊媒介リスクの予防広報であり、具体的な症例報告や異常な流行の兆候は示されていない。,Japanese Encephalitis; Chikungunya; Malaria; Dengue,Shandong Sheng; People's Republic of China,,Shandong Issues Early-October Mosquito and Insect Risk Forecast,2026-10-08T00:00:00+00:00,http://sd.xinhuanet.com/20261008/7358ba37db5c4fe2ab43d1170432311e/c.html,http://sd.xinhuanet.com/20261008/7358ba37db5c4fe2ab43d1170432311e/c.html,CHINESE,vectors; environment; humans,"As of 2026-10-08, Shandong Province’s CDC released an early-October mosquito risk forecast. Aedes albopictus (white-striped, autumn mosquito) remains the main vector for dengue and chikungunya; Culex tritaeniorhynchus transmits Japanese encephalitis; Anopheles sinensis transmits malaria. The province is split into three risk tiers: Level 1 (low risk) in parts of the north and east; Level 2 (relatively low risk) across most areas; Level 3 (medium risk) in the south and southwest, designated as priority Vector control zones. Although Ae. albopictus activity declines with cooler temperatures, indoor overwintering and late-autumn ingress keep bite risk. Preventive guidance varies: Level 2—outdoor protection at dawn/dusk, screens on doors/windows, weekly checks for standing water; Level 3—wear light clothing, avoid water edges and dense vegetation, weekly breeding-site cleanup; Level 1—normal outdoor activity with basic precautions. High-risk groups (elderly, children, pregnant women, chronic patients) should strengthen protection, seek prompt care for fever/headache/muscle-joint pain or rash, and report travel and bite history; note cross-provincial travel during holidays may raise imported disease risk.",No,No,No,No,0,No,No,No,No,No,0,No,No,No,本記事は山東省CDCによる季節的な蚊媒介リスク予報・予防啓発であり、実際の感染症発生事例の報告ではない。,
local:1814991:5,1,DISMISS,通常の狂犬病予防啓発活動の報道であり、青島市は9年連続でヒト症例ゼロと報告されている。異常事態や公衆衛生上の緊急性は認められない。,Rabies,Shaanxi; Laixi; Shandong Sheng; Qingdao; Yuanshang; People's Republic of China,,Qingdao launches a rabies prevention and control science popularization campaign,2026-10-08T00:00:00+00:00,http://sd.xinhuanet.com/20261008/998bc9400f8d46bf8639c9c77d93c80e/c.html,http://sd.xinhuanet.com/20261008/998bc9400f8d46bf8639c9c77d93c80e/c.html,CHINESE,animals; humans,"Qingdao launches a rabies prevention and control science popularization campaign on 2026-10-08. Technicians from the Qingdao City Animal Epidemic Prevention and Control Center visited Laixi City to the Yuanshang Town large market, educating residents on regular canine rabies vaccination and preventive measures, and answering questions. The city has advanced a dog rabies immunization system that links urban-rural areas, branded as the 'Wang Wang Action,' with a 'point + mobile + support' service model. It maintains a routine of 'six-into' activities—bringing immunization services and rabies education into communities, villages, and campuses, delivering vaccines and information to households. Qingdao reports nine consecutive years without a human rabies case. In 2026, the Government Office issued the 'Plan for Building a Rabies-Free Area Without Dogs' to accelerate a long-term prevention framework, shifting from routine to standardized, institutionalized, and regulated control under government leadership and cross-department collaboration.",No,No,No,No,0,No,No,No,No,No,0,No,No,No,本記事は狂犬病予防の啓発・ワクチン接種キャンペーンに関する通常の行政広報であり、実際の感染拡大や症例報告ではないため対象国リストの該当国には含めない。,
local:1814991:6,1,DISMISS,実際の感染症アウトブレイクではなく、抗真菌薬の抗ウイルス効果に関する実験室（細胞・マウスモデル）研究の報告であり、公衆衛生上の緊急性や異常事態を示すものではない。,West Nile,Shanghai Shi; Shanghai; People's Republic of China,,"West Nile virus, an antifungal drug inhibits the virus in laboratory tests",2026-10-08T09:28:45+00:00,https://www.mondosanita.it/news/europa---mondo/111587/west-nile-un-farmaco-contro-i-funghi-frena-il-virus-nei-test-di-laboratorio.html,https://www.mondosanita.it/news/europa---mondo/111587/west-nile-un-farmaco-contro-i-funghi-frena-il-virus-nei-test-di-laboratorio.html,ITALIAN,humans; animals; vectors,"West Nile virus infection could potentially be targeted by the antifungal drug miconazole, identified by researchers at Naval Medical University (Shanghai) as a candidate to cross the blood-brain barrier. In vitro screens showed miconazole reduced West Nile replication by impairing viral RNA production, not entry or fusion. In a mouse model of CNS infection, five days of treatment starting at infection reduced brain viral load and improved survival, with less weight loss and quicker recovery. The proposed mechanism involves host protein TXNL1 (thioredoxin-like 1): miconazole lowered TXNL1 expression; silencing TXNL1 decreased replication, while increasing TXNL1 amplified infection, suggesting TXNL1 supports viral replication. The drug’s effectiveness against other flaviviruses was also noted in cells. The study, published July 21, 2026 in Frontiers in Cellular and Infection Microbiology, used direct brain inoculation, not mosquito transmission; no clinical data, and pharmacokinetics/neurotoxicity need evaluation before trials. Preventive measures against mosquitoes remain essential.",No,No,No,No,0,No,No,No,No,No,0,No,No,No,本記事は研究機関（上海海軍軍医大学）による基礎研究の内容であり、実際の西ナイルウイルス感染症の発生事例を報じたものではないため、地域は発生国として扱わない。,
local:1814991:7,1,DISMISS,ワクチンの解説記事であり、新規の異常な発生や公衆衛生上の緊急事態を示す内容ではない。季節性の既知疾患に関する情報提供記事。,Enterovirus 71,Zhejiang Sheng; People's Republic of China,,"Hand, Foot and Mouth Disease: An In-Depth Analysis of the EV71 Vaccine—from Ingredients to Protective Efficacy",2026-10-08T11:00:00+00:00,https://baby.ifeng.com/c/8x3nbIBUian,https://baby.ifeng.com/c/8x3nbIBUian,CHINESE,humans,"HFMD due to enterovirus 71 (EV71) remains a seasonal risk in China, especially in autumn–winter and in school settings. Two EV71 vaccines exist, produced on different cell substrates: Vero cells and human diploid cells. Neither substrate is a WHO-defined gold standard; both meet Chinese Pharmacopoeia safety standards. Both vaccines are indicated for children aged 6 months to 71 months. Real-world data from Yiwu, Zhejiang (n>6,000) show overall adverse event rates of 4.8% (Vero) and 5.1% (human diploid); in the 24–35 months subgroup, 5.3% vs 2.5% respectively. Immunogenicity data from a Phase 3 trial show seroconversion of 95.5% (Vero) vs 86.0% (human diploid); GMTs 48.4 vs 26.3. The Sinovac Vero-based vaccine has rapid protection with 89.2% seropositivity at 10 days; long-term protection data: ~5 years for Vero vs ~2 years for human diploid. Recommendation: vaccinate early with a two-dose schedule (1 month apart) starting at 6 months, and choose licensed, available products based on safety/effectiveness data rather than substrate branding.",No,No,No,No,0,No,No,No,No,No,0,No,No,No,記事はEV71ワクチンの成分・安全性・有効性比較に関する解説記事であり、具体的な発生状況やアウトブレイクの報告ではないため、対象国の発生地としては計上しない。,
local:1814991:8,1,WATCH,院内クラスターとして季節性インフルエンザA(H1N1)の発生が確認されているが、重症例はなく病院側で管理されており、現時点で国際的拡大や渡航制限のリスクは認められない。,Human Infection with Swine Influenza A H1N1; Influenza A,Kowloon; Kowloon City; Hong Kong Special Administrative Region; People's Republic of China,,Kowloon Hospital Rehabilitation Department Men's Ward hit by influenza A (H1N1) outbreak; 8 patients infected.,2026-10-08T11:14:35+00:00,https://hk.on.cc/hk/bkn/cnt/news/20261008/bkn-20261008191435630-1008_00822_001.html,https://hk.on.cc/hk/bkn/cnt/news/20261008/bkn-20261008191435630-1008_00822_001.html,CHINESE,humans,"Eight patients in Kowloon Hospital's Rehabilitation Department, Male Ward, in Hong Kong have laboratory-confirmed influenza A (H1N1) infections as of 8 October 2026. Illness onset began after Friday, 2 October 2026, with ages from 47 to 90 years. Laboratory tests confirmed H1N1 in all eight; one patient remains admitted to Queen Elizabeth Hospital for unrelated medical needs. All patients are stable. The hospital has strengthened infection-control measures per established guidelines and will continue close monitoring of the ward. The case cluster has been reported to the Hospital Authority Headquarters and the Centre for Health Protection for follow-up.",No,No,No,No,0,No,No,Yes,Yes,No,2,不明,Yes,No,香港の病院内クラスターであり、季節性H1N1インフルエンザの院内感染事例。全患者安定しており、衛生防護センターへの報告済みで管理下にある。,
local:1814991:9,1,DISMISS,肺ペストによる死亡事例はロシアで報告されており対象国リストに含まれず、北京（中国）への言及も「疫病への懸念からサミット形式を縮小した」という曖昧な記述に留まり、具体的な感染事例や公衆衛生上の深刻な影響が確認できない。また情報源は政治色の強い媒体で、無関係な地政学ニュースと混在しており信頼性に乏しい。,COVID-19; Pneumonic Plague,Beijing Shi; Beijing; United States; Islamic Republic of Iran; People's Republic of China; State of Israel; Kingdom of Saudi Arabia; Russian Federation,,[News Frontline] Russia reports 3 more deaths! Beijing fears the epidemic will derail the summit? The US plans to bomb Iran's energy sector! | Plague | Shen Boyang | CCP,2026-10-08T11:57:16+00:00,https://www.ntdtv.com/b5/2026/10/08/a104139961.html,https://www.ntdtv.com/b5/2026/10/08/a104139961.html,CHINESE,humans; environment,"On 2026-10-08, Russia reports suspected pneumonic plague with 3 additional deaths, triggering emergency alerts and intensified infection-control measures; the initial deceased building was disinfected three times and authorities allegedly attributed the actions to cockroach extermination. Beijing trims the APEC summit’s closed-door format due to epidemic concerns. The report also covers potential US-Israel plans to strike Iran’s energy sector, Houthi attacks on Saudi airports causing 3 deaths and 36 injuries, and a US reward for CCP hackers tied to COVID-19 vaccine research. Shen Boyang’s interview drew wide attention. The piece highlights public health risk communications and containment logistics amid cross-border tensions and geopolitical developments around the same date.",不明,不明,不明,不明,0,不明,不明,不明,不明,不明,0,不明,不明,不明,記事の主たる感染症事例（肺ペスト疑い）はロシアで発生しており対象国に含まれない。北京・中国への言及はAPECサミット形式変更という間接的な記述のみで、具体的な感染確認情報がないため、対象国での発生地域として検証できなかった。情報源（NTDTV）は政治的バイアスが指摘される媒体であり、COVID-19ワクチン研究やイラン空爆計画など無関係な政治・軍事ニュースと混在しているため、信頼性評価にも留意が必要。,
local:1814991:11,1,DISMISS,本記事は中国広東省における過去6年間(2020-2026年)の小児ツツガムシ病症例の後ろ向き研究報告であり、新規アウトブレイクや公衆衛生上の緊急事態を示すものではない。,Scrub Typhus,Guangzhou; Guangdong Sheng; People's Republic of China,,Scrub typhus can mimic Kawasaki disease and damage children's coronary,2026-10-08T12:29:25+00:00,https://scienmag.com/scrub-typhus-can-mimic-kawasaki-disease-and-damage-childrens-coronary-arteries/,https://scienmag.com/scrub-typhus-can-mimic-kawasaki-disease-and-damage-childrens-coronary-arteries/,ENGLISH,humans; vectors,"Seven pediatric scrub typhus patients in Guangdong Province, China, developed coronary artery lesions indistinguishable from Kawasaki disease, signaling Orientia tsutsugamushi can cause Kawasaki-like coronary damage. The retrospective study from Guangzhou Women and Children’s Medical Center describes two boys and five girls, aged 11 months–8 years (median 3). All had fever and rash; six displayed an eschar at chigger bite sites; six had cervical lymphadenopathy; three had hepatosplenomegaly. Lab data showed systemic hyperinflammation with CRP 32–147 mg/L, ferritin up to 11,705 ng/mL, mild-to-moderate transaminitis, and hypoalbuminemia; CD8-dominant T-cell skewing and bone marrow hemophagocytosis were noted, with HLH diagnosed in two. Echocardiography (days 9–14) revealed coronary involvement: two true aneurysms (RCA and LAD), plus cases of dilatation or thickening. All cases occurred 2020–2026; onset clustered in June (epidemic season). In endemic regions, Kawasaki-like illness unresponsive to IVIG should prompt evaluation for scrub typhus and eschar, given widespread Asia-Pacific transmission.",No,No,No,No,0,No,No,No,No,No,0,No,No,No,本記事は学術研究(症例シリーズ)の紹介であり、ベクター媒介性の既知の風土病(ツツガムシ病)に関する臨床知見の報告。ヒト-ヒト感染なし、流行拡大のリスクなし。,
local:1814991:12,1,DISMISS,実際の感染症アウトブレイクではなく、寄生虫病予防対策技能大会の受賞報告であり、公衆衛生リスクは認められない。,Malaria,Jiangsu Sheng; Xinpu; People's Republic of China,,Four-Time Champion! Lianyungang City Retains the Provincial Team First Prize in the Parasitic Disease Prevention and Control Skills Competition.,2026-10-08T12:51:07+00:00,https://www.yangtse.com/news/jiangsu/202610/t20261008_400659.html,https://www.yangtse.com/news/jiangsu/202610/t20261008_400659.html,CHINESE,humans,"On 2026-10-08, the Jiangsu Province Parasitic Disease Prevention and Control Skills Competition concluded with Lianyungang City winning the team first prize; four contestants earned six individual honors, marking the city’s fourth victory since 2015, 2018, and 2024. The event tests theory and practical skills in parasitic disease control. Lianyungang’s sustained emphasis on prevention centers on early risk detection, cross-department data sharing, and rapid response. The Health Commission and Customs coordinate inbound/outbound traveler data; CDC screens returnees from malaria-endemic regions and conducts one-on-one education and health tracking for high-risk individuals, with targeted symptom recognition and guidance. Innovations include a “one more question” rule mandating travel-history inquiry for fever patients, and an HIS-based smart warning module that flags key symptoms and prompts travel history checks. Imported malaria cases have been promptly managed, with no severe deaths due to misdiagnosis. Plans: consolidate results and strengthen triad of joint prevention, institutional innovation, and smart monitoring.",No,No,No,No,0,No,No,No,No,No,0,No,No,No,記事は江蘇省連雲港市の寄生虫病予防コンテスト受賞に関する内容であり、マラリア流行や新規症例の報告ではない。,
local:1814991:14,1,DISMISS,単一医療機関での後方視的な臨床研究報告であり、公衆衛生上の異常事態やアウトブレイクを示す内容ではないため。,Clostridioides difficile Infection,Zhejiang Sheng; People's Republic of China,,PCR Drop-Off Tracks Severity of C. difficile Infection but Fails to Predict,2026-10-08T15:42:35+00:00,https://scienmag.com/pcr-drop-off-tracks-severity-of-c-difficile-infection-but-fails-to-predict-poor-outcomes/,https://scienmag.com/pcr-drop-off-tracks-severity-of-c-difficile-infection-but-fails-to-predict-poor-outcomes/,ENGLISH,humans,"In a China-based retrospective study at Ruian People’s Hospital (Zhejiang), 141 adults with lab-confirmed Clostridioides difficile infection admitted from Jan 2020–Dec 2023 were treated with metronidazole or vancomycin and had a follow-up PCR 7–21 days after starting therapy. Ct value (tcdB) was used to derive ΔCt, the change in cycle threshold between baseline and follow-up; rising Ct means falling toxin-gene burden. Patients’ median age was 78; 59.6% were ≥75. Severity by IDSA/SHEA criteria: 101 non-severe (71.6%), 40 severe (28.4%). Severe patients had median ΔCt +0.3 (IQR -1.0 to +1.3) vs non-severe +5.3 (IQR 3.0–6.6); Spearman r = -0.53, P < 0.001, while initial Ct did not differ by severity (P = 0.486). ΔCt distinguished severity with AUC 0.837 (0.759–0.907). For poor clinical outcome (in-hospital death or discharge against medical advice) in 50 patients (35.5%), ΔCt did not predict (P = 0.217; AUC 0.563, 0.458–0.663). The trajectory of Ct offers a potential early microbiological readout of response but is not a reliable mortality predictor.",No,No,No,No,0,No,No,No,No,No,0,No,No,No,本記事は医学研究（バイオマーカー研究）であり、感染症アウトブレイクの報告ではないため対象国の該当なしと判断。,
local:1814991:15,1,DISMISS,医学ニュースのダイジェスト記事であり、公衆衛生上の緊急事態や感染症アウトブレイクを示す内容ではない。,Hepatitis B; Hepatitis C; B Virus,Mount Sinai; New York; Republic of Korea; United States; People's Republic of China,,Accelerated Aging and Colon Cancer; Hepatitis B From a Cat? Food Triggers in IBD,2026-10-08T11:55:35+00:00,https://www.medpagetoday.com/gastroenterology/coloncancer/123320,https://www.medpagetoday.com/gastroenterology/coloncancer/123320,ENGLISH,animals; humans,"Korea: accelerated aging linked to a 93% higher risk of early-onset colorectal adenocarcinoma and a 132% higher risk of early-onset colon cancer. In China, a model using routine clinical parameters may assess pancreatic cancer risk in type 2 diabetes. Domestic cats carry a marginal risk of hepatitis B virus transmission to humans. In chronic hepatitis C, an 8-week bemnifosbuvir–ruzasvir course achieved SVR12 in 90% of patients. Mount Sinai received NIH funding to study PFAS exposure and IBD. In ulcerative colitis, nationwide cohort finds colectomy linked to lower cardiometabolic risk. Retrospective UC study shows higher 52-week colectomy with tofacitinib versus upadacitinib (42.5% vs 23.4%). Resmetirom's MAFLD/MASH efficacy appears genotype-independent. A global study links liver transplant for acute-on-chronic liver failure with markedly lower 1-year mortality.",No,No,No,No,0,No,No,No,No,No,0,No,No,No,本記事は複数の医学研究トピックをまとめたダイジェストであり、特定の感染症アウトブレイクイベントではない。韓国・中国の言及は大腸がんや糖尿病研究に関するもので、感染症の発生ではない。,
local:1814991:16,1,DISMISS,情報源が政治的偏向で知られるメディア（大紀元）であり、2026年時点でのCOVID-19による2000万人死亡・政府による死亡数隠蔽といった極めて過激かつ未検証の主張であり、公的機関や他の信頼できる情報源による裏付けがないため見送りと判断する。,COVID-19,Gansu Sheng; Shandong Sheng; Chongqing Shi; Chongqing; Sichuan Sheng; People's Republic of China,,"The COVID-19 pandemic could last six months, killing 20 million people.",2026-10-08T00:00:00+00:00,http://www.epochtimes.com.tw/n515347/%E6%96%B0%E5%86%A0%E7%96%AB%E6%83%85%E6%81%90%E6%8C%81%E7%BA%8C%E5%8D%8A%E5%B9%B4%E3%80%81%E8%87%B42%E5%8D%83%E8%90%AC%E4%BA%BA%E4%BA%A1.html,http://www.epochtimes.com.tw/n515347/%E6%96%B0%E5%86%A0%E7%96%AB%E6%83%85%E6%81%90%E6%8C%81%E7%BA%8C%E5%8D%8A%E5%B9%B4%E3%80%81%E8%87%B42%E5%8D%83%E8%90%AC%E4%BA%BA%E4%BA%A1.html,CHINESE,humans,"COVID-19 outbreak in China could last until April next year, with an estimated 20 million deaths, according to a health official cited in the report. Oct holiday travel and dense crowding allegedly accelerated spread; crematorium data show a surge of deaths among 20–40-year-olds, including a 25-year-old, with post-infection inflammatory responses causing hypercoagulability, thrombosis, and sudden death. Hospitals report high rates of severe myocarditis or pneumonia, and antiviral drugs have been in short supply since July. Variants in circulation include BA.3.2 (70–75 spike mutations) and PJ.2.1 (78 mutations, strongest receptor binding), with claims that 3–4 strains are active. Sichuan, Chongqing, and Gansu are highlighted as high-transmission areas, with corroboration from Shandong. Officials allegedly conceal true mortality; publicly reported annual deaths are ~11 million, while internal data claim non-normal deaths triple that, totaling about 38 million excess deaths over 13 months (June last year–Sept this year).",不明,不明,No,No,0,不明,不明,不明,不明,不明,0,不明,不明,不明,情報源（大紀元/Epoch Times）は政治的立場が強く、記事内の数値（2000万人死亡、年間3800万人の超過死亡、政府による隠蔽等）は公式統計や他の独立した情報源による裏付けが確認できない。WHOや中国当局からの公式発表がないため、信頼性の低い未検証情報として扱うべきである。続報で公的機関からの発表があれば再評価が必要。,
local:1814991:17,1,DISMISS,COVID-19関連研究データの窃取に関するサイバーセキュリティ・司法案件であり、公衆衛生上の感染症イベントではないため。,COVID-19,Shanghai Shi; Shanghai; United States; Italian Republic; People's Republic of China,,U.S. State Department offers a $10 million bounty to capture CCP hackers | Zhang Yu | CCP agents | COVID-19,2026-10-08T16:07:29+00:00,https://www.ntdtv.com/b5/2026/10/08/a104140017.html,https://www.ntdtv.com/b5/2026/10/08/a104140017.html,CHINESE,humans,"The U.S. Department of State has offered a $10 million reward for the capture of Zhang Yu, a hacker linked to China’s Shanghai State Security Bureau, with accomplice Xu Zewei already extradited to the United States from Italy and facing nine counts. Since early 2020, the pair allegedly stole data from U.S. universities and top immunology and virology researchers involved in COVID-19 research, including vaccines, therapies, and diagnostic technologies. They are also accused of involvement in the HAFNIUM hacking campaign, which exploited Microsoft Exchange server vulnerabilities to breach more than 12,700 U.S. institutions. Xu Zewei was captured in Italy in April and extradited this year; Zhang Yu remains at large. The United States is seeking tips via its Justice Rewards Program.",No,No,No,No,0,No,No,No,No,No,0,No,No,No,記事はCOVID-19研究データを狙ったサイバー攻撃容疑者に対する米国の懸賞金に関する報道であり、感染症の発生・流行とは無関係。,
local:1814991:18,1,WATCH,中国国内での麻疹・COVID-19・デング熱・チクングニア熱の流行拡大や隠蔽疑惑が報じられているが、情報源は政治色の強いメディアであり、重症度や実際の規模など多くが未確認・不明であるため、現時点では続報を注視する段階とする。,COVID-19; Measles; Chikungunya; Influenza A; Dengue,Beijing; Guangxi Zhuangzu Zizhiqu; Guangdong Sheng; Beijing Shi; New York; United States; People's Republic of China,,CCP Conceals Measles and COVID-19 Outbreaks; Co-infections Could Be Fatal | Measles Outbreak | National Day Long Holiday | Multiple Infections,2026-10-08T18:02:35+00:00,https://www.ntdtv.com/b5/2026/10/08/a104140086.html,https://www.ntdtv.com/b5/2026/10/08/a104140086.html,CHINESE,humans; vectors,"Measles outbreak in New York State triggers a disaster emergency as the United States reports nearly 3,900 measles cases this year—the highest in 35 years—with New York declaring a state disaster on October 5. China’s health authorities allege concealment of a measles outbreak and warn of a multi-virus environment, with more than 20 circulating pathogens led by SARS-CoV-2 (COVID-19). After the National Day holiday, infections from COVID-19 and influenza A rise, heightening risks of co-infections and severe disease, including pneumonia and fatal outcomes. In southern China, dengue fever and chikungunya have persisted for months in Guangdong and Guangxi, while measles cases in China were about 60 in July–August, though actual numbers are said to be higher, especially among minors. Beijing funeral homes report increasing deaths from heart attacks and strokes, with concern about transmission from infectious disease hospitals such as You’an and Ditan.",不明,Yes,No,No,1,Yes,不明,Yes,Yes,不明,3,Yes,不明,No,情報源（NTDTV）は中国共産党批判的立場で知られる海外メディアであり、麻疹・COVID-19の隠蔽疑惑などの主張は未検証。米国ニューヨーク州の麻疹流行は対象国外のためverified_locationsから除外。公式統計との照合が必要。,
local:1814991:19,1,DISMISS,国際的な学術研究に関する一般向け科学記事であり、公衆衛生上の緊急性や異常事態、感染拡大の懸念は認められない。,Toxoplasmosis,Republic of Finland; People's Republic of China,,"Cat Paradox: Countries with more cats are very happy, but only if they don't have a dangerous parasite.",2026-10-08T18:24:18+00:00,https://www.biobiochile.cl/noticias/sociedad/animales/2026/10/08/paradoja-felina-paises-con-mas-gatos-son-muy-felices-pero-solo-si-no-tienen-un-peligroso-parasito.shtml,https://www.biobiochile.cl/noticias/sociedad/animales/2026/10/08/paradoja-felina-paises-con-mas-gatos-son-muy-felices-pero-solo-si-no-tienen-un-peligroso-parasito.shtml,SPANISH,humans; animals,"Across 93 countries, a 2026 PLOS One study finds national happiness correlates with cat density and wealth, while exposure to Toxoplasma gondii associates with lower well-being. Happiness scores (Gallup, 2022–2024) correlated with cats per 10,000 people (r=0.62) and GDP per capita (r=0.80). Toxoplasma gondii exposure inferred from serology in pregnant women using IgM for recent infection and IgG for past infection correlated negatively with happiness (IgM r=-0.54; IgG r=-0.33). Cat density linked to fewer parasites, not more. Wealth may drive indoor cats and veterinary care, reducing infection in richer nations. Notable outliers include China showing high happiness despite low cat density, and Finland with the highest happiness and relatively high cat density. Limitations include ecological country-level data; correlations do not prove causation; prenatal serology; mixed counts of pets and stray cats; and unmeasured confounders like climate or sanitation. Published 2026 in PLOS One.",No,No,No,No,0,No,No,No,No,No,0,No,No,No,本記事はトキソプラズマ感染と幸福度の相関に関する学術研究紹介であり、特定の発生事例ではない。中国・フィンランドは研究における外れ値として言及されているのみで、実際の発生事例ではないためverified_locationsから除外。,
local:1814991:20,1,DISMISS,動物（野生イノシシ）の保全に関する学術的ロードマップの記事であり、ヒトへの公衆衛生上の影響や新規アウトブレイク情報は含まれない。,African Swine Fever,People's Republic of China,,African Swine Fever Threatens Asia's Wild Boars - CAMBIO 22 Daily - Free Peninsula.,2026-10-08T17:53:30+00:00,https://diariocambio22.mx/fiebre-porcina-africana-amenaza-a-los-cerdos-silvestres-de-asia/,https://diariocambio22.mx/fiebre-porcina-africana-amenaza-a-los-cerdos-silvestres-de-asia/,SPANISH,animals,"ASF threatens Asia's wild boars: African Swine Fever endangers 12 endemic Asian wild pig species, with five Critically Endangered and one Endangered; others not yet formally assessed. Since ASF emerged in China in late 2018, the virus has spread across Asia, causing extremely high mortality in domestic pigs and wild populations. A group of 31 scientists published the first comprehensive roadmap in Nature Reviews Biodiversity to guide governments and conservation groups. The eight prioritized actions include strengthening surveillance and early warning, expanding captive-breeding programs, and establishing emergency financing mechanisms, plus ex-situ/in-situ conservation and cross-sector collaboration within a One Health framework.",No,No,No,No,0,No,No,No,No,No,0,No,No,No,記事は2018年以降のASFのアジア全域での動物への影響と保全戦略に関する総説的内容であり、特定国での新規発生報告ではないため、対象国としての特定発生事例は確認できない。,
local:1562822:5,1,WATCH,手足口病の急増(47.8%増)とデング熱の高水準継続が見られるが、国際的拡大や渡航制限等のIHR基準には該当せず、ベトナム国内の季節性感染症動向として経過観察が妥当。,Enterovirus 71; Dengue,Ho Chi Minh City; Ho Chi Minh City; Socialist Republic of Vietnam,,"Ho Chi Minh City: Hand, foot, and mouth disease up nearly 48%, dengue fever remains at a high level.",2026-10-08T14:05:00+00:00,https://suckhoedoisong.vn/tphcm-tay-chan-mieng-tang-gan-48-sot-xuat-huyet-van-o-muc-cao-169261008171845161.htm,https://suckhoedoisong.vn/tphcm-tay-chan-mieng-tang-gan-48-sot-xuat-huyet-van-o-muc-cao-169261008171845161.htm,VIETNAMESE,humans; vectors,"Week 40 (Sept 28–Oct 4) in Ho Chi Minh City shows dengue fever remaining at high levels while hand, foot, and mouth disease (HFMD) surges. The Ho Chi Minh City Department of Health (HCDC) reports 1,505 dengue cases in week 40, down 2.3% from the four-week average, bringing the 2026 cumulative dengue total to 37,369. HFMD rose to 1,673 cases in week 40, up 47.8% from the four-week average, with the year-to-date HFMD total reaching 38,463. High-incidence per 100,000 residents include Con Dao Special Zone, Ngai Giao, and Minh Thanh for dengue; Con Dao Special Zone, Binh Khanh, and Hiep Phuoc for HFMD. The city records over 3,100 combined dengue and HFMD cases in the week. Authorities urge continued preventive measures, early detection, and prompt medical care; doctors warn HFMD can progress rapidly, challenging even seasoned clinicians.",不明,No,No,No,0,Yes,不明,Yes,Yes,No,3,Yes,Yes,No,地域の公衆衛生当局(HCDC)が定期的に発表する週次サーベイランスデータに基づく記事。手足口病の急増が注目点だが、重症度や死亡者数に関する具体的情報は記事に含まれていない。,
local:3469034:0,1,DISMISS,単発の孤発性CJD症例に関する研究紹介記事であり、公衆衛生上の異常事態や拡大リスクは認められない。,Creutzfeldt-Jakob Disease (CJD); Bovine Spongiform Encephalopathy (BSE),Rio de Janeiro; Rio de Janeiro; Federative Republic of Brazil,,Case of Lito Sousa: What Makes the Prion Protein Infectious? A New Study Shows That It Depends on Where It Is.,2026-10-08T01:42:53+00:00,https://www.osul.com.br/caso-lito-sousa-o-que-faz-a-proteina-prion-ficar-infecciosa-novo-estudo-mostra-que-depende-de-onde-ela-esta/,https://www.osul.com.br/caso-lito-sousa-o-que-faz-a-proteina-prion-ficar-infecciosa-novo-estudo-mostra-que-depende-de-onde-ela-esta/,PORTUGUESE,humans,"Lito Sousa, 59, a Brazilian aircraft mechanic and YouTube creator, died on 1 October 2026 after publicly announcing a Creutzfeldt-Jakob disease (CJD) diagnosis 41 days earlier. CJD is a rare, progressive neurodegenerative disease; most cases are sporadic, non-contagious, with no required mutation. The disease results from misfolding of the prion protein. Researchers at NB3, the Laboratory for Diagnosis and Development of Therapeutic Strategies for Infectious Diseases at Universidade Federal do Rio de Janeiro (UFRJ), investigate how the prion protein, anchored to cell membranes, forms aggregates. Using vesicles made from the lipid phosphatidic acid and adjusting temperature to change membrane order, they observed identical amounts of aggregated material but distinct internal architectures depending on membrane state. This indicates the environment of assembly shapes the final structure, potentially explaining clinical variability and informing research on Alzheimer's and Parkinson's. Studies rely on simplified models; fully in vivo confirmation remains forthcoming.",No,No,No,No,0,No,No,No,No,No,0,No,No,No,CJDは孤発性かつ非伝染性であり、記事はYouTuberの個人症例と基礎研究の紹介に過ぎない。公衆衛生イベントとしての意義は乏しい。,
local:3469034:2,1,DISMISS,狂犬病陽性の確認はなく、予防的な注意喚起にとどまるため、公衆衛生上の深刻な影響や国際的拡大リスクは認められない。,Rabies,Mafra; Santa Catarina; Federative Republic of Brazil,,Six bat-related incidents are recorded in Planalto Norte.,2026-10-08T09:44:43+00:00,https://demaisnews.fm.br/seis-acidentes-com-morcegos-sao-registrados-no-planalto-norte/?v=1791453244,https://demaisnews.fm.br/seis-acidentes-com-morcegos-sao-registrados-no-planalto-norte/?v=1791453244,PORTUGUESE,animals; humans,"Six bat-related incidents have been recorded in Planalto Norte, Mafra, Santa Catarina, Brazil, in recent days (as of 8 October 2026). The Mafra Epidemiological Surveillance Unit states there is no information that the bats involved were rabies-positive. Nevertheless, people should not touch, capture, kill, or handle bats found at home, in yards, or elsewhere. If a bat is encountered, keep children and pets away and isolate the area until authorities arrive; contact Mafra Surveillance at (47) 99173-3158 (phone/WhatsApp). If there is a bite, scratch, or direct contact, immediately wash the area with soap and water and seek prompt medical care; clinicians will assess and provide rabies-prevention measures if needed. Do not manipulate pets that attempt to capture bats; ensure dogs and cats are up to date with rabies vaccination. Bats have important ecological roles; the guidance focuses on prevention and safety to avoid panic.",No,No,No,No,0,No,No,No,No,No,0,No,No,No,コウモリとの接触事例6件が報告されたが、狂犬病陽性の確認情報はなく、地域の監視部門による一般的な予防啓発の内容。,
local:3469034:8,1,DISMISS,実際の豚コレラ発生事例の報告ではなく、業界団体と当局間の衛生政策・戦略計画に関する会合に関する記事であり、公衆衛生・動物衛生上の緊急性は認められない。,Classical Swine Fever,Federal District; Brasília; Federative Republic of Brazil,,Swine farming discusses sanitary regulations and combats classical swine fever with MAPA.,2026-10-08T12:14:01+00:00,https://opresenterural.com.br/suinocultura-discute-regras-sanitarias-e-combate-a-peste-suina-classica-com-mapa/,https://opresenterural.com.br/suinocultura-discute-regras-sanitarias-e-combate-a-peste-suina-classica-com-mapa/,PORTUGUESE,animals,"On Oct 6, 2026, in Brasília, Brazil, swine-sector representatives ABCS and ABEGS met with MAPA's new Director of the Department of Animal Health, Marcos Vinicius de Santana Leandro Junior, to outline sanitary defense priorities. The first institutional agenda with the new leadership highlighted the sector's role and addressed key sanitary topics, including Rules for Certified Swine Breeder Farms (GRSC) and the Strategic Plan Brazil Free of Classical Swine Fever (CSF). The participants emphasized ongoing, technical dialogue between industry and the Department of Animal Health to monitor sanitary policies and regulatory issues affecting the chain. ABCS President Marcelo Lopes and ABEGS President Alexandre Rosa stressed the importance of high sanitary standards and sustained collaboration with DSA. ABPA joined to reinforce coordinated actions on animal health, food safety, market access, and competitiveness of Brazilian swine production.",No,No,No,No,0,No,No,No,No,No,0,No,Yes,No,"記事は豚コレラ発生の報告ではなく、業界団体(ABCS, ABEGS, ABPA)とブラジル農務省(MAPA)動物衛生局の会合に関するもの。ブラジルを「豚コレラ清浄国」とする戦略計画が議題であり、現時点で発生の事実は確認されていない。",
local:3469034:9,1,DISMISS,通常の予防接種キャンペーンの告知であり、実際の感染拡大や異常事態を示す情報はないため、いずれの基準にも該当しない。,Rabies,Mato Grosso do Sul; Eldorado; Federative Republic of Brazil,,Eldorado will host Rabies D-Day this Saturday with free vaccination for dogs and cats.,2026-10-08T13:46:06+00:00,https://www.tvsobrinho.com.br/2026/10/08/eldorado-tera-dia-d-contra-a-raiva-neste-sabado-com-vacinacao-gratuita-de-caes-e-gatos/,https://www.tvsobrinho.com.br/2026/10/08/eldorado-tera-dia-d-contra-a-raiva-neste-sabado-com-vacinacao-gratuita-de-caes-e-gatos/,PORTUGUESE,humans; animals,"Rabies Vaccination Day (Dia D) will be held in Eldorado, Brazil, on Saturday, October 10, 2026, from 8:30 a.m. to 3:00 p.m. The municipal Health Department and Sanitation Surveillance offer free vaccination for dogs and cats to prevent rabies transmission. Vaccinations will take place at seven urban sites: Escola Sebastião de Paula; Escola 13 de Maio; Escola Infantil Devid Fuzaro; Antiga Escola Cerâmica; Unidade de Saúde Manoel Gomes; Unidade de Saúde Ipê; and Núcleo Municipal de Saúde. The campaign aims to increase access to immunization and reduce rabies risk to people and animals. Pet owners are urged to bring their dogs and cats to receive the vaccine during Day D. Rabies remains a deadly disease; vaccination is the primary preventive measure.""",No,No,No,No,0,No,No,No,No,No,0,No,No,No,記事は狂犬病の流行や発生報告ではなく、通常の予防ワクチン接種キャンペーンの告知記事である。,
local:3469034:10,1,DISMISS,本記事は基礎研究報告であり、アウトブレイクや公衆衛生上の緊急性を示す情報ではないため、トリアージ基準に該当しない。,Chagas Disease,São Paulo; São Paulo; Federative Republic of Brazil,,A little-known protein is a potential target for Chagas disease.,2026-10-08T15:38:39+00:00,"https://www.terra.com.br/vida-e-estilo/proteina-pouco-conhecida-e-potencial-alvo-contra-a-doenca-de-chagas,1735ed1158d0d96f256da837df276355ubjyc724.html","https://www.terra.com.br/vida-e-estilo/proteina-pouco-conhecida-e-potencial-alvo-contra-a-doenca-de-chagas,1735ed1158d0d96f256da837df276355ubjyc724.html",PORTUGUESE,humans; vectors,"IP6K protein in Trypanosoma cruzi identified as a promising target for Chagas disease by researchers at the University of São Paulo (USP) and collaborators. In laboratory tests, reducing IP6K production disrupts the parasite's infectious cycle in human cardiac cells, compromising differentiation into infectious bloodstream forms and diminishing replication across infection cycles. When both IP6K gene copies are deleted, parasites cannot survive to proceed with tests, underscoring IP6K's essential role, though the current study used parasites that still carried one copy. IP6K shows only about 25% sequence similarity to the human homolog, suggesting potential for selective drugs with fewer side effects. The findings, published in Communications Biology in August, position IP6K as a novel target for anti‑T. cruzi therapy—crucial for a neglected disease affecting millions worldwide. The work involves a two-host cycle with an insect vector (barbeiro/kissing bug) and mammalian hosts, including humans.",No,No,No,No,0,No,No,No,No,No,0,No,No,No,研究開発（創薬標的の発見）に関する記事であり、実際の症例発生や流行状況を報告するものではない。,
local:3469034:11,1,WATCH,リオデジャネイロ州で髄膜炎菌感染症の症例数が増加傾向にあり予防的な集団接種キャンペーンが行われているが、緊急のアウトブレイク発生や重篤な公衆衛生危機を示す記述はなく、ルーティンの予防接種活動の報道である。,Meningococcal Meningitis; Meningococcal Disease,Nova Iguaçu; Rio de Janeiro; Rio de Janeiro; Belford Roxo; Federative Republic of Brazil,,"Belford Roxo, Duque de Caxias, and Nova Iguaçu receive catch-up vaccination against meningitis.",2026-10-08T14:00:43+00:00,https://sitedabaixada.com.br/?p=25965,https://sitedabaixada.com.br/?p=25965,PORTUGUESE,humans,"400,000 doses of the meningococcal ACWY vaccine are being distributed by the Ministry of Health to support a catch-up immunization in Rio de Janeiro state for people up to 24 who did not receive ACWY at the recommended age. The four prioritized municipalities are Belford Roxo, Duque de Caxias, Nova Iguaçu, and the city of Rio de Janeiro. The drive runs through 31 October; individuals should visit a basic health unit with ID and, if possible, vaccination card. ACWY is a single-dose vaccine for those 11+, and those already vaccinated do not require another dose. Since 2024, meningococcal disease cases have risen in Rio de Janeiro: 70 in 2024, 95 in 2025, and 49 by September 2026 in SINAN. ACWY protects against Neisseria meningitidis serogroups A, C, W, Y. Meningitis is inflammation of the meninges; symptoms include headache, fever, nausea, vomiting, neck stiffness, irritability, convulsions, rash; seek care immediately.",不明,No,No,No,0,不明,不明,Yes,Yes,No,2,不明,Yes,No,記事はブラジル・リオデジャネイロ州における髄膜炎菌ACWYワクチンの補完的接種キャンペーンに関する内容。2024年から2026年にかけて症例数が増加傾向（70→95→49件[9月時点]）にあるが、保健省による計画的な予防接種対応であり、緊急事態の宣言や渡航制限等は見られない。症例数の推移は継続的に注視する価値がある。,
local:3469034:13,1,DISMISS,教育啓発活動の報道であり、実際の症例発生や流行を示す情報はないため、公衆衛生上の緊急性は認められない。,Schistosomiasis,Minas Gerais; Jaboticatubas; Federative Republic of Brazil,,Jaboticatubas guides students on waterborne diseases in an educational outreach.,2026-10-08T18:39:27+00:00,https://jornalpanoramaminas.com.br/jaboticatubas-orienta-estudantes-sobre-doencas-transmitidas-pela-agua-em-acao-educativa/,https://jornalpanoramaminas.com.br/jaboticatubas-orienta-estudantes-sobre-doencas-transmitidas-pela-agua-em-acao-educativa/,PORTUGUESE,humans; environment,"On October 6, 2026, Jaboticatubas hosted an educational outreach at Escola Estadual Leônidas Marques Afonso focusing on waterborne diseases, with emphasis on schistosomiasis. Organized by the Municipal Health Department through the Health Surveillance and Zoonoses coordinations, the program delivered guidance on transmission, risk factors, symptoms, and prevention. Attendees heard from epidemiology clinician Mariangela Baeta da Silva and Vector Control/Schistosomiasis reference José da Piedade Gonçalves. The briefing covered key water-related diseases, safe water consumption, personal and food hygiene, and sanitation's role in public health. The initiative aimed to translate knowledge into daily practices for students and to share information back with families and the community. The event underscores the municipality's ongoing emphasis on preventing exposure to contaminated waters and protecting school communities through education and surveillance integration.",No,No,No,No,0,No,No,不明,No,No,0,No,No,No,記事は住血吸虫症を含む水系感染症に関する地域の教育啓発イベントの報告であり、実際の発生・流行状況に関する記述はない。,
local:3469034:14,1,DISMISS,既知の性感染症（梅毒）の継続的な公衆衛生監視報告であり、前年より減少傾向にあると報告されている。異常性や国際的拡大リスクは認められない。,Syphilis; Congenital Syphilis,Teresina; Piauí; Federative Republic of Brazil,,More than 170 pregnant women are diagnosed with syphilis in Teresina this year alone.,2026-10-08T18:35:00+00:00,https://portalodia.com/noticias/teresina/mais-de-170-gestantes-sao-diagnosticadas-com-sifilis-em-teresina-somente-este-ano-466240.html,https://portalodia.com/noticias/teresina/mais-de-170-gestantes-sao-diagnosticadas-com-sifilis-em-teresina-somente-este-ano-466240.html,PORTUGUESE,humans,"As of 8 October 2026, Teresina, Brazil, has 175 confirmed syphilis cases in pregnant women (through 6 October 2026) and 58 congenital syphilis cases, reported during the Outubro Verde awareness campaign. In 2025, the city recorded 308 gestational syphilis and 87 congenital cases. Preliminary 2026 data indicate a downward trend from 2025, attributed to ongoing surveillance, broader diagnostic access, and improved care. Syphilis is caused by Treponema pallidum and is primarily sexually transmitted; congenital infection occurs when transmitted from mother to fetus during pregnancy or delivery. Early diagnosis and treatment in pregnancy are crucial to prevent neonatal infection. Rapid tests are available at Basic Health Units and the Centro de Testagem e Aconselhamento, with results in about 30 minutes. Public health services provide free treatment, including benzathine penicillin; prevention also includes condom use and awareness.",No,No,No,No,0,No,No,No,No,No,0,No,Yes,No,地方自治体による啓発キャンペーン（Outubro Verde）に関連した定例的な監視データ報告。2025年と比較して2026年は減少傾向にあり、新興・異常事態ではない。,
local:3469034:15,1,DISMISS,ジカウイルスに関する一般的な解説記事であり、現在進行中の新規アウトブレイクや異常事態の報告ではないため、トリアージ対象としない。,Zika; Dengue,Micronesia; United States; Republic of France; Federative Republic of Brazil; Republic of Uganda; Federal Republic of Nigeria,,What You Need to Know About Zika Virus,2026-10-08T19:12:51+00:00,https://www.verywellhealth.com/zika-7151726,https://www.verywellhealth.com/zika-7151726,ENGLISH,humans; vectors,"Zika virus is transmitted mainly by Aedes aegypti and Aedes albopictus mosquitoes, and can spread via sexual contact, mother-to-fetus transmission, and blood transfusions. Most infections are asymptomatic; when present, symptoms include fever, rash, headache, joint and muscle pain, and red eyes. In pregnancy, Zika poses a risk of fetal microcephaly and other congenital abnormalities, miscarriage, or stillbirth. CDC guidance urges pregnant or breastfeeding individuals to avoid travel to areas with known transmission and recommends delaying conception after travel. Diagnosis relies on blood, urine, or tissue testing, most reliable in the first two weeks; tests may confuse active infection with past exposure or resemble dengue. No vaccine or specific antiviral therapy exists; management is supportive. Notable past outbreaks occurred in Uganda (1947), Nigeria (1954), Micronesia (2007), French Polynesia (2013–14), and Brazil (2015), with limited US activity and no continental US local transmission since 2018.",No,No,No,No,0,No,No,No,No,No,0,No,No,No,本記事はジカウイルスの一般的な医学解説記事であり、過去の代表的なアウトブレイク（ウガンダ1947、ナイジェリア1954、ミクロネシア2007、フランス領ポリネシア2013-14、ブラジル2015）に言及しているが、いずれも歴史的事例の紹介であり、現在進行中の発生報告ではない。対象国リストに含まれるブラジルも過去の事例として言及されているのみのため、verified_locationsには含めない。,
local:3469034:16,1,WATCH,ブラジル国内の地域的なデング熱流行報告であり、国際的拡大や渡航制限のリスクは低いが、高い罹患率と死亡例があるため継続監視が妥当。,Dengue,Campo Grande; Mato Grosso do Sul; Angélica; Batayporã; Ladário; Corumbá; Federative Republic of Brazil; Republic of Costa Rica,,Corumbá and Ladário account for 29% of probable dengue cases in Mato Grosso do Sul.,2026-10-08T19:13:00+00:00,https://www.campograndenews.com.br/meio-ambiente/corumba-e-ladario-concentram-29-dos-casos-provaveis-de-dengue-em-ms,https://www.campograndenews.com.br/meio-ambiente/corumba-e-ladario-concentram-29-dos-casos-provaveis-de-dengue-em-ms,PORTUGUESE,humans; vectors,"Dengue in Mato Grosso do Sul, Brazil: Corumbá and Ladário together account for about 29% of probable dengue cases this year, with 1,125 of 3,875 notifications through 26 September. Corumbá has 982 probable cases (1,020.1/100k) and Ladário 143 (664.4/100k). Eleven municipalities exceed the high-incidence threshold of 300/100k, led by Santa Rita do Pardo at 2,077.7/100k; others include Costa Rica, Jardim, Paraíso das Águas, Batayporã, Angélica, Vicentina, Pedro Gomes, and Dois Irmãos do Buriti, in addition to Corumbá and Ladário. Statewide incidence is 140.6/100k. Dourados has the second-most notifications (463) but 190.2/100k; Campo Grande has 59 cases (6.6/100k). The state totals 2,234 confirmed dengue cases, with 1 death confirmed and another under investigation (an 11-year-old from Bonito, who died on 28 June; no comorbidity reported). In the last 14 days, 12 new cases across multiple municipalities, all low-incidence. Serotypes DENV-1 to DENV-4 detected in some areas; DENV-4 under investigation for vaccine-related considerations; cities not named.",No,No,No,No,0,No,Yes,Yes,Yes,No,3,不明,不明,No,デング熱はブラジルで地域流行性疾患であり、例年の季節的流行の一環と考えられる。死亡例・高罹患率地域の存在から経過観察が望ましい。,
local:3469034:17,1,DISMISS,水痘の通常範囲内の増加であり、死亡例もなく、公衆衛生上の深刻な影響や異常性は認められないため見送り。,Varicella,Bahia; Federative Republic of Brazil,,SMS informs the public about prevention and care for chickenpox.,2026-10-08T14:09:00+00:00,https://www.dsvc.com.br/sms-orienta-populacao-sobre-prevencao-e-cuidados-contra-a-catapora/,https://www.dsvc.com.br/sms-orienta-populacao-sobre-prevencao-e-cuidados-contra-a-catapora/,PORTUGUESE,humans,"Vitória da Conquista, Bahia, Brazil, reports 44 confirmed varicella (chickenpox) cases through Epidemiological Week 39 of 2026, up from 32 in the same period last year. The Municipal Health Secretariat (SMS) and the Epidemiological Surveillance unit monitor cases and issue guidance to families and institutions. Vaccination is the primary preventive measure: varicella vaccination is part of the public childhood schedule, with dose 1 at 15 months and dose 2 at 4 years (up to age 6, per the National Immunization Program). Varicella transmits via respiratory secretions and lesion fluid; infected children should stay home during the contagious period to avoid transmission, especially to pregnant women and immunocompromised individuals. In 2026, four outbreaks were identified—two in hospitals and two in daycare/school settings. No varicella deaths have been recorded since 2011 (SIM). Symptoms include red spots, vesicles, itching, fever, malaise. Suspected cases can contact Vigilância Epidemiológica at (77) 3229-3145.",No,No,No,No,0,No,No,No,No,No,0,No,No,No,ワクチンで予防可能な小児疾患の季節的・地域的な増加報告であり、2011年以降死亡例なし。地方自治体レベルでの通常の監視活動の一環。,
local:895949:0,1,DISMISS,特定の新規アウトブレイクを報じるものではなく、ペストが世界各地で風土病として存続しているという一般的・教育的な解説記事であり、具体的な急性イベントの兆候がないため見送りとする。,Plague,Canary Islands; Africa; Playa de las Américas; United States; Republic of Madagascar; Republic of Peru; Republic of Mali; Republic of Chad; Republic of Zambia; Federal Democratic Republic of Ethiopia; People's Republic of China; Democratic Republic of the Congo; Burkina Faso; Somalia; Mongolia; Kingdom of Spain; Russian Federation; Republic of Uganda; Republic of Niger,,The plague never disappeared: these are the regions of the world where contracting Yersinia pestis is still possible.,2026-10-08T03:00:00+00:00,https://www.elconfidencial.com/salud/2026-10-08/peste-regiones-mundo-donde-enfermar-yersinia-pestis-realidad-1qrt_4440678/,https://www.elconfidencial.com/salud/2026-10-08/peste-regiones-mundo-donde-enfermar-yersinia-pestis-realidad-1qrt_4440678/,SPANISH,animals; vectors; humans,"Plague remains biologically incurable to eradicate, persisting as an enzootic disease in wild mammal reservoirs and their flea vectors, causing ongoing global reemergence. Endemic foci are active in at least 26 countries across Africa (e.g., Burkina Faso, Chad, DRC, Madagascar, Uganda, Zambia, Niger, Mali, Ethiopia, Somalia), Asia (Mongolia, China, Russia), and the Americas (Peru, United States), with approximately 1,000–2,000 human cases annually. Primary human transmission occurs via infected flea bites or direct contact with virulent animal tissues; the disease requires continuous global surveillance, particularly at rural and urban–wildlife interfaces. Yersinia pestis infects through a diverse reservoir of >200 mammal species (notably rodents) and >30 vector species, especially Xenopsylla cheopis, whose fleas amplify transmission. Three human forms are Bubonic (80–90%), septicemic, and Pneumonic—the latter being the most severe and, if untreated, near 100% fatal and directly transmissible via aerosols. Public health authorities classify plague as a mandatory reportable disease under IHR.",No,No,No,No,0,No,不明,Yes,Yes,不明,2,No,No,No,"記事は世界的なペストの風土病状況（年間約1,000〜2,000例）を概説する教育的・啓発的内容であり、特定の新規発生や急増を報じるものではない。DRC・ザンビア・中国は記事中で風土病発生地として明示的に言及されているため参考として記載したが、具体的な現在進行中の事例報告ではない。",
local:1694008:1,1,DISMISS,本記事はハンガリーからの家禽輸入再開という貿易措置に関する内容であり、現在進行中の感染拡大や公衆衛生上の脅威を報じるものではない。,Human Infection with Avian Influenza; Avian Influenza,California; Republic of the Philippines; United States; Hungary; Japan,,PH allows poultry importation from bird flu-free areas in Hungary,2026-10-08T05:18:38+00:00,https://www.gmanetwork.com/news/money/economy/1005207/ph-allows-poultry-importation-from-bird-flu-free-areas-in-hungary/story/,https://www.gmanetwork.com/news/money/economy/1005207/ph-allows-poultry-importation-from-bird-flu-free-areas-in-hungary/story/,ENGLISH,animals,"Philippines’ Department of Agriculture issues Circular No. 52 allowing the import of eggs and other poultry products from Hungary’s bird flu–free areas after the Bureau of Animal Industry determined Hungary enforces strict High Pathogenicity Avian Influenza (HPAI) controls, veterinary oversight, and mitigating measures, yielding a low risk of importing domestic and wild birds and their products from identified zones. The circular covers imports of poultry meat, day-old chicks, eggs, and semen from Hungary, and applies to both domestic and wild birds and their products. In 2022, the DA imposed temporary bans on poultry imports from Japan, Hungary, and California due to avian influenza threats. Last July, the department also lifted a temporary ban on importing foot-and-mouth disease–susceptible animals and related products from Hungary.",No,No,No,No,0,No,No,No,No,No,0,No,No,No,記事は貿易規制緩和（輸入解禁）に関するものであり、フィリピン国内での鳥インフルエンザ発生を報じるものではない。ハンガリーは対象国リストに含まれず、フィリピンも発生国としては該当しないため verified_locations は空とした。,
local:1694008:3,1,DISMISS,デング熱症例数は前年比で減少しており、警戒・流行閾値を下回っていることが明記されているため、通常の季節的変動範囲内と判断される。,Dengue,Republic of the Philippines,,Dengue cases 27% lower in 2026,2026-10-08T07:24:20+00:00,https://www.sunstar.com.ph/manila/dengue-cases-27-lower-in-2026,https://www.sunstar.com.ph/manila/dengue-cases-27-lower-in-2026,ENGLISH,humans; vectors,"Philippines—The Department of Health reports dengue cases for 2026 are 27% lower than 2025, with 180,770 cases recorded as of September 30, 2026. Despite the overall decline, cases have risen in recent weeks, with 21,768 dengue cases reported between September 3–16, a 3% uptick from August 20–September 2 (21,158). The DOH notes that nationwide dengue activity remains below alert and epidemic thresholds since the start of the year. The increase tracks the rainy season, with the DOH observing an upward trend since the first week of June. The year-to-date total remains well below alarm levels, though the rising weekly counts indicate continued transmission as autumn progresses.",No,No,No,No,0,No,No,Yes,No,No,1,No,No,No,デング熱は毎年雨季に流行するフィリピンの風土病であり、本記事は保健省の定例統計報告であり、流行閾値未満であることが明記されている。,
local:2300660:1,1,DISMISS,個別の衛生習慣に関する注意喚起記事であり、具体的な感染事例の集団発生や急性の公衆衛生事象は報告されていないため、トリアージ基準に該当しない。,Hepatitis B; HIV,Accra; Greater Accra Region; Republic of Ghana,,"Unsterilised tools used by ""wanzamai"" pose infection risk",2026-10-08T08:51:43+00:00,https://ghanaiantimes.com.gh/unsterilised-tools-used-by-wanzamai-pose-infection-risk/,https://ghanaiantimes.com.gh/unsterilised-tools-used-by-wanzamai-pose-infection-risk/,ENGLISH,humans,"In Accra, Ghana, unsterilised shaving instruments used by mobile barbers called 'wanzamai' pose infection risks. Dr. Benard Morton of Korle Bu Teaching Hospital warns that reuse on multiple clients without proper sterilisation can spread blood-borne infections such as hepatitis B and C, and HIV, especially where skin is cut. Investigations by The Ghanaian Times at markets, beaches, pubs and communities found practitioners offering bald cuts ('sakora'), circumcision, nail care, and some traditional healing procedures, carrying sharp tools, soap, water, cloths, and alcohol-based antiseptics. Some used animal horns. Although some barbers claim to clean instruments after every use, Dr. Morton says washing with water or wiping with cloth, even with antiseptic, may not protect against pathogens, since blood and bodily fluids can persist on sharp instruments. He calls for regulatory framework and training in hygiene, sterilisation and infection prevention, and urges public caution to ensure proper sterilisation. Published 2026-10-08.",No,No,No,No,0,No,不明,Yes,No,No,1,No,No,No,本記事は特定のアウトブレイクや症例報告ではなく、理髪師による器具の衛生管理不備が将来的な感染リスクとなりうるという一般的な注意喚起記事である。具体的な感染者数や発生報告はない。,
local:2300660:2,1,DISMISS,急性のアウトブレイクではなく、複数国にまたがる糞線虫症の有病率に関する疫学的メタ分析論文の紹介記事であり、公衆衛生上の緊急対応を要する新規事象ではない。,Coccidioidomycosis,Côte d’Ivoire; Republic of Cote d'Ivoire; Sao Tome and Principe; Federal Democratic Republic of Ethiopia; Republic of Ghana; United Republic of Tanzania; Federal Republic of Nigeria,,Hidden Burden: Strongyloides Parasite Infects Far More African Children,2026-10-08T10:21:31+00:00,https://scienmag.com/hidden-burden-strongyloides-parasite-infects-far-more-african-children-than-tests-reveal/,https://scienmag.com/hidden-burden-strongyloides-parasite-infects-far-more-african-children-than-tests-reveal/,ENGLISH,humans,"Strongyloides stercoralis infection in African children shows a 14% pooled prevalence (95% CI 12.2–15.9) across 16,358 under-14s from eight countries in 27 studies (651 records). Côte d'Ivoire leads at 27%, followed by Ethiopia 26% and Tanzania 17%, with São Tomé and Príncipe 2% and Ghana 3%; Nigeria studies often used low-sensitivity diagnostics, potentially underestimating burden, while Ethiopia contributed intensive diagnostics with local prevalences reaching 48.5%. The highest pooled estimate (36%) occurred when PCR was combined with culture and microscopy. Direct smear microscopy and formol-ether yield very low prevalence, whereas agar plate culture, Baermann, and qPCR detect more cases, revealing a large diagnostic gap. Biology enables autoinfection with larvae exiting skin intermittently, allowing lifelong persistence; most infections are mild (skin irritation at entry, dry cough, vague GI symptoms), but immunocompromised individuals may develop hyperinfection or disseminated disease, frequently fatal if unrecognized. Extreme heterogeneity (I2 = 100%) and differences by setting (21% in school/clinic vs 17% in community) are noted. Published 2026-10-08.",No,No,No,No,0,No,No,Yes,No,No,1,No,不明,No,本記事は既存研究のメタ分析（27研究、8カ国）の紹介であり、新規の感染症アウトブレイクを報告するものではない。糞線虫症は慢性寄生虫感染症で、免疫不全者での重症化リスクはあるが、急性公衆衛生危機には該当しない。,
local:1327865:1,1,PICKUP,ナイジェリア・カノ州で1家族5人の子供が疑いジフテリアにより1週間で死亡し、公衆衛生上深刻かつ異常な事象としてIHR基準を2つ満たすためフルRRAへ進むべき。,Diphtheria,Kumbotso; Yangon Region; Fagge; Dala; Gwale; Kano State; Union of Burma; Federal Republic of Nigeria,,Kano family loses five children in one week amid diphtheria outbreak,2026-10-08T15:34:49+00:00,https://tribuneonlineng.com/kano-family-loses-five-children-in-one-week-amid-diphtheria-outbreak/,https://tribuneonlineng.com/kano-family-loses-five-children-in-one-week-amid-diphtheria-outbreak/,ENGLISH,humans,"Five children (three girls, two boys) in Danbare New Layout, Kumbotso LGA, Kano State, died within seven days (Oct 1–7, 2026) from an illness suspected to be diphtheria. The deaths in one family raise concerns about possible household and wider community transmission; the cause has not yet been independently confirmed. The Kano State Centre for Disease Control and Prevention (KNCDC), led by Director-General Professor Muhammad Adamu Abbas, is investigating and urged residents to promptly report suspected infectious diseases to health facilities and seek early care. A September diphtheria vaccination campaign across five LGA—Kumbotso, Dala, Fagge, Gwale, Ungoggo—aims to curb transmission and protect vulnerable populations. Diphtheria spreads via respiratory droplets and close contact and can cause severe throat infections and breathing difficulties; vaccination, early detection, and prompt treatment are critical pending confirmation of the exact cause.",Yes,Yes,不明,不明,2,Yes,Yes,Yes,Yes,不明,4,Yes,Yes,不明,記事の主題はナイジェリア・カノ州（Kumbotso LGA）でのジフテリア疑い集団死であり、ナイジェリアは対象国リストに含まれないためverified_locationsは空。発生地域に含まれるYangon Region(Myanmar)は記事本文と無関係でBluedotの誤判定と思われる。死因の確定診断はまだ得られていない点に留意。,
