articleId,triage_verdict,triage_reason,diseases,locations,articleHeadlineTranslated,articleHeadline,publishedTimestamp,sourceUrl,originalLanguage,affectedCategories,articleSummary,ihr_serious_impact,ihr_unusual_unexpected,ihr_international_spread,ihr_travel_trade_restriction,ihr_count,wpro_abnormal_unexpected,wpro_severity,wpro_prolonged_exposure,wpro_epidemic_prone,wpro_manageability,wpro_count,sociopolitical_public_attention,sociopolitical_government_attention,sociopolitical_international_support_needed,notes,error
aHR0cHM6Ly90dy5uZXdzLnlhaG9vLmNvbS8lRTUlOEYlQjAlRTclODElQTMlRTYlQjUlODElRTYlODQlOUYlRTklQUIlOTglRTUlQjMlQjAtJUU2JTk3JUE1JUU2JTlDJUFDJUU3JTk3JTg1JUU0JUJFJThCJUU2JTlBJUI0JUU1JUEyJTlFLSVFNyU5NiVCRSVFNyVBRSVBMSVFNyVCRCVCMiVFNyVCMSVCMiVFNSVCRiVBQiVFNiU=,DISMISS,季節性インフルエンザ（H1N1）の通常の流行報道であり、IHR基準・WPRO基準に該当する異常性は見られない。対象国（中国）は主題ではなく単なる列挙に留まる。,COVID-19; Influenza; Human Infection with Swine Influenza A H1N1; Seasonal Influenza; Influenza A,Tokyo Prefecture; Tokyo; Republic of Korea; United States; Japan; Hong Kong Special Administrative Region; Republic of Singapore; Taiwan,Taiwan's influenza peak; Japan sees surge in cases; Taiwan CDC urges vaccination.,台灣流感高峰 日本病例暴增 疾管署籲快打疫苗,2026-10-03T00:00:00+00:00,https://tw.news.yahoo.com/%E5%8F%B0%E7%81%A3%E6%B5%81%E6%84%9F%E9%AB%98%E5%B3%B0-%E6%97%A5%E6%9C%AC%E7%97%85%E4%BE%8B%E6%9A%B4%E5%A2%9E-%E7%96%BE%E7%AE%A1%E7%BD%B2%E7%B1%B2%E5%BF%AB%E6%89%93%E7%96%AB%E8%8B%97-000000960.html,CHINESE,humans,"Taiwan's seasonal influenza activity remains volatile near a peak, with Japan and Korea also seeing rising cases. Taiwan's CDC urges rapid vaccination amid multiple holidays and travel. In Japan, nationwide surveillance shows 31,000 influenza cases in the week ending Sept 20, averaging 8.48 cases per facility and up 53% from the prior week, tenfold year-on-year. Detectable viruses are about 98% influenza A(H1N1), and people aged 70+ account for 47.5%. Of Japan's 47 prefectures, 44 report increases, with Okinawa the most affected, followed by Tokyo, Aichi, Kanagawa, and Chiba; the surge is linked to Silver Week, with nine consecutive weeks of rise. Across Asia and the US, influenza activity is also climbing (China, Hong Kong, Korea, Singapore, United States). Taiwan began its flu and COVID vaccination drive on Oct 1; first-day doses reached 266,000 (flu) and 100,000 (COVID), the highest in recent years. Lin Ming-cheng stresses dual vaccination reduces pneumonia and cardiovascular risk; high-risk groups should vaccinate.",No,No,No,No,0,No,No,No,Yes,No,1,Yes,Yes,No,記事の主題は台湾・日本の季節性インフルエンザ流行であり、対象国リストの中国は言及されるのみで主題ではないため除外。毎年の季節性インフルエンザ流行であり、ワクチン接種推奨の通常報道。,
aHR0cHM6Ly9yZWdpb25hbC5rb21wYXMuY29tL3JlYWQvMjAyNi8xMC8wMy8wNzAyMDAyNzgvMi42NzUtcGVuZGVyaXRhLXRiYy1kaXRlbXVrYW4tZGktc3VsYmFyLXNlcGFuamFuZy0yMDI2LTI2OS1tZW5pbmdnYWwtZHVuaWEt,DISMISS,結核は地域で継続的に発生している既知の疾患であり、通常の年次統計報告であって異常性や国際的拡大リスクは認められない。,Tuberculosis,Provinsi Sulawesi Barat; Republic of Indonesia,"2,675 TB patients were found in West Sulawesi throughout 2026; 269 died.","2.675 Penderita TBC Ditemukan di Sulbar Sepanjang 2026, 269 Meninggal Dunia",2026-10-03T00:02:00+00:00,https://regional.kompas.com/read/2026/10/03/070200278/2.675-penderita-tbc-ditemukan-di-sulbar-sepanjang-2026-269-meninggal-dunia-,INDONESIAN,humans,"Tuberculosis cases in West Sulawesi, Indonesia, reached 2,675 detected in 2026, with 269 deaths during treatment. The West Sulawesi Health Office (DKPPKB) uses cohort-based evaluation for TB management, noting treatment lasts at least six months. In the 2025 treatment cohort (patients starting in 2024), 3,895 began therapy and 3,358 were cured; 236 defaulted and 231 died. For 2026 (treatment period 2025), 3,942 began treatment and 3,268 completed; 269 died and 173 defaulted. Case-finding has fluctuated in recent years: 2020 estimated 4,445 cases, 2,264 found and 2,067 treated; 2021 2,409 found and 2,239 treated; 2022 2,939 found and 2,781 treated; 2024 found 4,089 and 3,895 started treatment. The data highlight a sustained TB burden in the region, underscoring ongoing needs for case finding and treatment adherence.",No,No,No,No,0,No,No,Yes,No,No,1,No,No,No,結核は地域の既知の風土病であり、統計報告の性質が強い。継続的な症例発生があるためprolonged_exposureはYesとしたが、他の基準は該当せずDISMISS相当。,
aHR0cHM6Ly93d3cubGVtb25kZS5mci9hZnJpcXVlL2FydGljbGUvMjAyNi8xMC8wMy9lYm9sYS1lbi1yZGMtbGEtcGlyZS1lcGlkZW1pZS1kZS1sLWhpc3RvaXJlLWR1LXBheXMtZnJhbmNoaXQtbGEtYmFycmUtZGVzLTQtMDAwLW1vcnRzXzY3ODczMjRfMzIxMi5odG1s,PICKUP,"DRC史上最悪のエボラ流行で死者4,000人を突破し、重大な公衆衛生上の緊急事態であり、国際的拡大リスクや渡航・貿易制限の可能性もあることからIHR基準に複数該当する。",Ebola,Democratic Republic of the Congo,"Ebola in the DRC: the worst epidemic in the country's history has crossed the 4,000-death mark",Ebola en RDC : la pire épidémie de l'histoire du pays franchit la barre des 4 000 morts,2026-10-03T00:14:47+00:00,https://www.lemonde.fr/afrique/article/2026/10/03/ebola-en-rdc-la-pire-epidemie-de-l-histoire-du-pays-franchit-la-barre-des-4-000-morts_6787324_3212.html,FRENCH,humans,"In the Democratic Republic of the Congo, Ebola virus disease outbreak has become the country’s deadliest on record, now surpassing 4,000 deaths. The episode is the 17th Ebola outbreak in the DRC’s history and, within a few months, has become the most lethal documented in this vast Central African nation. According to Congolese authorities, the death toll crossed the 4,000 threshold as of Friday, October 2, 2026. The update underscores the sustained severity of the outbreak in the DRC, with authorities providing current tallies on the evolving situation. The article highlights the scale of the epidemic in the DRC and marks a grim milestone in the country’s long history with Ebola, reflecting a public health emergency of significant magnitude.",Yes,Yes,不明,不明,2,Yes,Yes,Yes,Yes,Yes,5,Yes,Yes,Yes,DRC史上17回目のエボラ流行で過去最多の死者数を記録。既に大規模流行として国際的注目度が高く、フルRRAへの移行が妥当。,
aHR0cHM6Ly9pbnRlcm5hdGlvbmFsLnNpbmRvbmV3cy5jb20vcmVhZC8xNzU2Mzk5LzQ0L3JpYnVhbi1vcmFuZy1tZWxhcmlrYW4tZGlyaS1kYXJpLWthbXAtcGVuZ3VuZ3NpLXlhbmctdGVyZGFtcGFrLWVib2xhLWRpLWtvbmdvLTE3OTA5ODI2MTc=,PICKUP,エボラ出血熱の流行地域で治療・隔離施設が破壊され、住民が大量避難したことで感染拡大のリスクが高まっており、国際的な封じ込め対応への影響が懸念されるため。,Ebola,Ituri; Democratic Republic of the Congo,Thousands of People Flee from an Ebola-Affected Refugee Camp in Congo.,Ribuan Orang Melarikan Diri dari Kamp Pengungsi yang Terdampak Ebola di Kongo,2026-10-03T00:05:46+00:00,https://international.sindonews.com/read/1756399/44/ribuan-orang-melarikan-diri-dari-kamp-pengungsi-yang-terdampak-ebola-di-kongo-1790982617,INDONESIAN,humans,"Thousands fled from the Ebola-affected Kigonze refugee camp in Ituri Province, eastern Democratic Republic of Congo, after a security operation forced many to abandon the site that previously housed about 19,000 people. Residents escaped as security forces entered to seize weapons and members of armed groups, with gunfire reported during the operation. The United Nations warned that the challenge of stopping Ebola transmission in the DRC is becoming harder. A transit center for Ebola at Kigonze was burned down this week, hampering outbreak containment. The facility, run by the International Medical Corps and supported by more than 50 staff, was used to isolate and screen suspected cases before patients were moved on for care. This update is based on UN statements dated 1 October 2026, with the report published on 3 October 2026.",Yes,Yes,Yes,不明,3,Yes,Yes,Yes,Yes,Yes,5,Yes,Yes,Yes,治療施設の焼失と住民の大量避難により、エボラの接触追跡・隔離体制が崩壊するリスクが高い。国連も封じ込めの困難化を警告しており、続報での感染者数・拡大状況の確認が必要。,
aHR0cHM6Ly9uZ2F5bmF5LnZuL3Bvc3QtMTc2ODI3Lmh0bWw=,WATCH,ベトナム・ダナン市で重症化リスクのあるデング熱血清型2（D2）が高い陽性率で検出されており、地域的な流行拡大の可能性があるが、具体的な症例数・死亡者数等の重症度情報が不足しているため経過観察とする。,Dengue,Socialist Republic of Vietnam,Identify high-risk areas and dengue fever prevention during the rainy season.,"Xác định các điểm nguy cơ, phòng chống sốt xuất huyết trong mùa mưa",2026-10-03T00:04:15+00:00,https://ngaynay.vn/post-176827.html,VIETNAMESE,humans; vectors; environment,"Dengue fever is an acute viral infection transmitted by Aedes mosquitoes and is a growing concern in Da Nang City during the rainy season. Laboratory data for January–September 2026 show 39 of 56 tested samples positive (70%), all of dengue virus serotype 2 (D2), a strain linked to severe disease. To curb spread, the Da Nang City Center for Disease Control and Prevention (CDC) and partners intensify surveillance, deploy field teams to wards with rising cases, and monitor mosquito density and larval habitats to identify risk points. Interventions include larval source reduction, larviciding, spraying at outbreak sites, and community sanitation. Public messaging spans media, social networks, internet platforms, SMS, and the 1022 hotline. Citizens are urged to check water containers 10–15 minutes daily, cover or discard standing water, participate in vector-control campaigns, consider dengue vaccination for those 4 years and older, and seek prompt medical care for fever.",不明,No,No,No,0,No,不明,Yes,Yes,No,2,不明,Yes,No,デング熱はベトナムの雨季における毎年の季節性流行であり、当局は既存の国内対応体制（CDC主導のサーベイランス・ベクター対策）で管理している。重症型D2型の高陽性率は注視すべきだが、現時点で異常事態や国際的拡大の兆候はない。,
aHR0cHM6Ly93d3cudmVyeXdlbGxoZWFsdGguY29tL21vbmtleXBveC01MzI0NjE5,DISMISS,本記事はMpoxに関する一般的な解説記事であり、特定の発生イベントや最新の流行状況を報じるものではないため、トリアージ対象のシグナルには該当しない。,Mpox; Smallpox; Mpox Clade I; Mpox Clade II; Influenza,Federal Republic of Nigeria; Republic of Angola,,What Is Mpox (Monkeypox)?,2026-10-03T00:48:50+00:00,https://www.verywellhealth.com/monkeypox-5324619,ENGLISH,humans; animals,"Mpox (monkeypox) is a viral disease with two clades: Congo Basin (up to 10% mortality) and West African (about 1% mortality; the 2022 outbreak). There is no mpox-specific approved treatment; antivirals developed for smallpox may help, usually reserved for immunocompromised patients: cidofovir, brincidovir (Tembexa), and tecovirimat (Tpoxx). Incubation is 5–21 days; initial flu-like symptoms (fever, headache, muscle aches, lymphadenopathy, fatigue) precede a rash that begins on the face and spreads to the hands and feet. Transmission occurs through close contact with infected people or animals, including respiratory secretions, lesions, or contaminated materials; animal exposure includes bites, scratches, meat, or products. Pregnant individuals can pass the virus to a fetus. Diagnosis relies on PCR from lesion samples. Vaccines: JYNNEOS (two-dose, approved 2019; up to 85% effective; effective within four days of exposure) and ACAM2000 (single-dose). Mpox is typically self-limiting in 14–21 days, though severe disease and complications can occur, especially in children.",不明,No,不明,No,0,No,不明,不明,不明,不明,0,No,No,No,記事は疾患の一般解説（病態、感染経路、診断、ワクチン等）であり、特定国での発生報告ではない。発生地域フィールド（DRC等）はBluedotの誤分類の可能性が高く、本文に具体的な発生国への言及がないため verified_locations は空とした。,
aHR0cHM6Ly93d3cubGVtb25kZS5mci9lbi9sZS1tb25kZS1hZnJpY2EvYXJ0aWNsZS8yMDI2LzEwLzAzL2Vib2xhLWRlYXRoLXRvbGwtaW4tZHJjLXBhc3Nlcy00LTAwMC1hcy1oZWFsdGgtd29ya2Vycy1hcmUtZmlnaHRpbmctdG8tZ2V0LXBhaWRfNjc1ODIwMV8xMjQuaHRtbA==,PICKUP,"DRCで史上最速拡大とされるエボラ流行が継続中で死者4,018人・感染者8,300人に達し、医療従事者の給与未払いが対応を阻害しているため、IHR基準・WPRO基準の複数に該当する。",Ebola,Democratic Republic of the Congo,,"Ebola death toll in DRC passes 4,000, as health workers are fighting to get paid",2026-10-03T00:46:41+00:00,https://www.lemonde.fr/en/le-monde-africa/article/2026/10/03/ebola-death-toll-in-drc-passes-4-000-as-health-workers-are-fighting-to-get-paid_6758201_124.html,ENGLISH,humans,"Ebola outbreak in the Democratic Republic of Congo (DRC) has killed 4,018 people and infected 8,300, according to Health Ministry figures released on Thursday. The authorities characterize this as the fastest-growing Ebola outbreak in history, with ongoing transmission across the DRC challenging containment. The situation is further strained by reports that health workers are fighting to receive pay, potentially affecting the response. These figures—4,018 deaths among 8,300 cases—represent the latest update from the Health Ministry as authorities continue efforts to control transmission in affected regions.",Yes,Yes,Yes,不明,3,Yes,Yes,Yes,Yes,Yes,5,Yes,Yes,Yes,史上最速拡大とされる大規模流行であり、医療従事者の給与未払いが対応能力に影響する可能性があるため、フルRRAによる詳細評価が必要。,
aHR0cHM6Ly9qYXRpbS5hbnRhcmFuZXdzLmNvbS9iZXJpdGEvMTEwMzgyMi9lYm9sYS1kaS1rb25nby1zZWJhYmthbi00MDE4LW9yYW5nLW1lbmluZ2dhbA==,PICKUP,"コンゴ民主共和国で約8,300症例・致死率48.4%という大規模なエボラ流行が7州にわたり継続しており、Africa CDCが近隣国への越境リスクを警告していることからIHR基準を複数満たす。",Ebola,Africa; Democratic Republic of the Congo,"Ebola in Kongo causes 4,018 deaths.",Ebola di Kongo sebabkan 4.018 orang meninggal,2026-10-03T01:11:48+00:00,https://jatim.antaranews.com/berita/1103822/ebola-di-kongo-sebabkan-4018-orang-meninggal,INDONESIAN,humans,"Ebola in the Democratic Republic of the Congo has caused more than 4,000 deaths, with nearly 8,300 confirmed cases across seven provinces as of 2026-10-03. The outbreak records 8,300 cases and 4,018 fatalities, a case-fatality rate of 48.4%, with about 2,162 recoveries. Africa CDC Director-General Jean Kaseya warns Ebola poses a threat to neighboring countries. The figures come from Actualite, citing the National Institute for Public Health in Congo (INSP). The report, relayed by Sputnik via ANTARA, notes ongoing transmission across seven provinces and highlights cross-border risk, though it provides no symptom detail or laboratory confirmation specifics.",Yes,Yes,Yes,不明,3,Yes,Yes,Yes,Yes,Yes,5,Yes,Yes,Yes,Africa CDC長官が近隣国への拡大リスクを明言しており、国際的な支援・監視体制の強化が必要な大規模アウトブレイクである。症状詳細や検査確認情報は記事に記載なし。,
aHR0cDovL2ZyZW5jaC5uZXdzLmNuLzIwMjYxMDAzLzU0YzNlZjNhYTFkMzQ2OTY5NTU1MjBlNzE2NjBmMmMzL2MuaHRtbA==,PICKUP,"DRCにおけるエボラ出血熱(ブンディブギョ株)の流行は8,300例確定・4,018人死亡(致死率48.4%)に達し、史上最大規模かつ治安悪化により対応が困難なため、フルリスク評価が必要と判断。",Ebola,Kinshasa City; Kinshasa; Democratic Republic of the Congo; Republic of Angola,"DRC/Ebola: Outbreak wanes in several health zones despite a death toll exceeding 4,000.",RDC/Ebola : recul de l'épidémie dans plusieurs zones de santé malgré un bilan dépassant 4.000 morts,2026-10-03T00:00:00+00:00,http://french.news.cn/20261003/54c3ef3aa1d34696955520e71660f2c3/c.html,FRENCH,humans,"DRC Ebola outbreak (Bundibugyo strain) shows localized gains despite a death toll surpassing 4,000. Health authorities report 4,018 deaths among 8,300 laboratory-confirmed cases across seven provinces, with 2,162 recoveries and a case-fatality rate of 48.4%. Of 63 health zones affected since the start, 12 have recorded no new cases for 42 days, and eight others no new cases for 22–42 days, indicating regional improvements. Kinshasa health officials say zones are beginning to pre-empt transmission, though insecurity continues to hinder access and hampers case detection and interruption of transmission chains. MSF cautions that the true toll may be higher due to surveillance gaps. Declared in May last year, this outbreak is the largest and deadliest in the DRC and the second-largest globally after the 2014–2016 West Africa epidemic.",Yes,Yes,不明,不明,2,Yes,Yes,Yes,Yes,Yes,5,Yes,Yes,Yes,発生地域にAngolaが含まれているが、記事サマリーではアンゴラでの症例拡大について言及がないため、verified_locationsから除外した。治安悪化によるサーベイランス不足で実際の死者数はさらに多い可能性がMSFにより指摘されている。,
aHR0cHM6Ly9nbG9iYWwuY2hpbmFkYWlseS5jb20uY24vYS8yMDI2MTAvMDMvV1M2YWMwNWVmMGU0YjA2ZDRhYTA1NjE0MzIuaHRtbA==,PICKUP,"致死率48.4%・死者4,000人超の大規模エボラ流行で、DRC史上最大規模かつ世界第2位の規模であり、公衆衛生上の深刻な影響と国際的関心が極めて高い。",Ebola,Democratic Republic of the Congo; Republic of Angola,,"DR Congo says Ebola outbreak eases in areas despite death toll topping 4,000",2026-10-03T00:00:00+00:00,https://global.chinadaily.com.cn/a/202610/03/WS6ac05ef0e4b06d4aa0561432.html,ENGLISH,humans,"DR Congo Ebola outbreak eases in several areas despite toll topping 4,000. As of 2026-10-03, 4,018 deaths among 8,300 confirmed cases across seven provinces, with 2,162 recoveries and a case fatality rate of 48.4%. Of 63 health zones affected since the outbreak began in May, 12 have reported no new cases for 42 days, signaling localized improvement though transmission remains uneven. Health authorities say outbreaks are concentrated in individual health zones rather than provinces. Medecins Sans Frontieres cautioned that the true toll may be higher due to gaps in disease surveillance and case detection. The outbreak is the largest and deadliest ever recorded in the DRC and the second-largest Ebola outbreak globally after 2014-2016 West Africa, continuing to require ongoing monitoring and response efforts.",Yes,Yes,不明,不明,2,Yes,Yes,Yes,Yes,Yes,5,Yes,Yes,Yes,発生地域にAngolaが含まれるが、記事本文はDRC国内の状況のみを扱っており、Angolaは対象国リストにも含まれないため除外した。MSFはサーベイランスの不備により実際の被害はさらに大きい可能性を指摘。,
aHR0cHM6Ly9tZWRpYWluZG9uZXNpYS5jb20vaW50ZXJuYXNpb25hbC85NDAxMzEvd2FiYWgtZWJvbGEtZGktcmQta29uZ28tcmVuZ2d1dC1sZWJpaC1kYXJpLTQwMDAtaml3YS1hbmdrYS1rZW1hdGlhbi10ZW1idXMtNDgtcGVyc2Vu,PICKUP,"大規模なエボラ流行で死者4,000人超・致死率48％、7州に拡大し国境を越えた拡散リスクが指摘されており、IHR基準の複数該当とWPRO基準の該当、社会的関心の高さからフルRRAへ進めるべき。",Ebola,Democratic Republic of the Congo,"Ebola outbreak in the Democratic Republic of the Congo has claimed more than 4,000 lives, with the mortality rate reaching 48 percent.","Wabah Ebola di RD Kongo Renggut Lebih dari 4.000 Jiwa, Angka Kematian Tembus 48 Persen",2026-10-03T01:46:42+00:00,https://mediaindonesia.com/internasional/940131/wabah-ebola-di-rd-kongo-renggut-lebih-dari-4000-jiwa-angka-kematian-tembus-48-persen,INDONESIAN,humans,"Ebola outbreak in the Democratic Republic of Congo has claimed more than 4,000 lives, with a case fatality rate of 48.4%. As of 3 October 2026, nearly 8,300 confirmed Ebola infections have been recorded across seven provinces, including 4,018 deaths and 2,162 recoveries. The high mortality and wide geographic spread underscore a severe public health crisis. Regional and international health authorities are monitoring the situation, with Africa CDC Director-General Jean Kaseya warning that the outbreak now poses a serious cross-border threat to neighboring countries. Efforts are focused on containment to prevent further transmission beyond the Democratic Republic of Congo.",Yes,Yes,Yes,不明,3,Yes,Yes,Yes,Yes,Yes,5,Yes,Yes,Yes,Africa CDCが近隣国への越境拡大リスクを警告しているが、具体的な越境感染例は記事中には記載されていない。,
aHR0cHM6Ly9pY2hhbm5lbGEuY29tL25ld3MvZGV0YWlsLzAwMDAwMDU1MzQxOS5kbw==,PICKUP,"コンゴ民主共和国で発生中の第17次エボラ出血熱アウトブレイクは致死率48.4%、累計死者4,018人と極めて深刻で、IHR基準・WPRO基準とも複数該当するためフルリスク評価が必要。",Ebola,Africa; Democratic Republic of the Congo; Republic of Angola,"Over 4,000 deaths: Ebola that kills one in two if infected and shows no sign of stopping in the Democratic Republic of the Congo","4000명 넘게 사망"" 걸리면 둘 중 하나 죽는 에볼라 안 멈추는 민주콩고",2026-10-03T01:47:00+00:00,https://ichannela.com/news/detail/000000553419.do,KOREAN,humans,"Democratic Republic of the Congo (DRC) is experiencing an ongoing Ebola outbreak, its 17th, with over 4,000 deaths. As of September 30, cumulative cases reached 8,300 and deaths 4,018 (case fatality rate 48.4%), with 2,162 recoveries. In roughly one month, deaths rose by about 1,000 since crossing 3,000. The outbreak is far from the West Africa 2014–2016 catastrophe in total, but its mortality burden is exceptionally high. About 100 days after the outbreak declaration in May, deaths are seven times higher than in the same period of the West Africa epidemic. Africa CDC cautions that the apparent slowdown in confirmed cases may reflect reporting gaps and security constraints in affected areas, while MSF warns the true scale of transmission could exceed official counts.",Yes,Yes,Yes,不明,3,Yes,Yes,Yes,Yes,Yes,5,Yes,Yes,Yes,発生地域にAngolaが含まれているが、記事サマリーではDRC国内の状況のみが述べられており、Angolaへの拡大は言及されていないため除外した。渡航・貿易制限については記事中に明示的記載なし。,
aHR0cHM6Ly93d3cuaGluZHVzdGFudGltZXMuY29tL2NpdGllcy9jaGFuZGlnYXJoLW5ld3MvbHVkaGlhbmEtYW50aS1kZW5ndWUtZHJpdmVzLWNvbnRpbnVlLWJ1dC1zdGFnbmFudC13YXRlci1wZXJzaXN0cy1pbi1jaXR5LXBvY2tldHMtMTAxNzkwOTYyMjk0OTAxLmh0bWw=,DISMISS,インドのルディアナにおける季節性デング熱の通常の発生・対策状況の報告であり、症例数は限定的で異常な拡大や重症化の兆候はない。,Dengue,Sherpur; State of Punjab; Ludhiāna; Dhandāri Kalān; Andalusia; Kingdom of Spain; Bangladesh; Republic of India,,"Ludhiana: Anti-dengue drives continue, but stagnant water persists in city pockets",2026-10-03T02:00:00+00:00,https://www.hindustantimes.com/cities/chandigarh-news/ludhiana-anti-dengue-drives-continue-but-stagnant-water-persists-in-city-pockets-101790962294901.html,ENGLISH,humans; vectors; environment,"Ludhiana, India, faces active dengue transmission with 55 cases reported to date and one new positive case on the day, from 5,787 samples tested as of 3 October 2026. Despite intensified anti-dengue drives, residents in pockets such as Giaspura, Daba, Sherpur, Dhandari Kalan, and Hambra near the Dairy Complex report persistent stagnation: open wastewater, stagnant water, garbage and plastic waste along lanes, and drainage inadequacies that fuel mosquito breeding. Community members criticize the lack of sustained clearance despite complaints and MLA visits, urging comprehensive cleanup and proper drainage rather than only periodic fogging. Municipal commissioner Ojasvi Alankar says fogging and preventive measures are ongoing and will be intensified where problems persist. Civil surgeon contact attempts were not answered. The report highlights ongoing vector-control challenges amid rising dengue surveillance.",No,No,No,No,0,No,No,Yes,Yes,No,2,Yes,Yes,No,55例という限定的な症例数で、地域の媒介蚊対策・衛生環境に関する地元報道。バングラデシュ・スペインの地域情報は記事主題と無関係（発生地域リストのノイズ）。,
aHR0cHM6Ly93d3cuZGlyZWN0b3Jpb2N1YmFuby5pbmZvLz9wPTE1MzY2NQ==,PICKUP,"致死率48.4%、8,300症例・4,018人死亡という大規模アウトブレイクで、史上2番目に深刻なエボラ流行であり、IHR基準・WPRO基準ともに複数該当する。",Ebola,Ituri; Bunia; Democratic Republic of the Congo; Republic of Uganda; Republic of Angola,"Ebola outbreak in the Democratic Republic of the Congo surpasses 4,000 deaths.",Brote de ébola en el Congo supera las 4.000 muertes,2026-10-03T01:30:15+00:00,https://www.directoriocubano.info/?p=153665,SPANISH,humans,"Ebola outbreak in the Democratic Republic of the Congo has caused 4,018 deaths and more than 8,000 confirmed cases since it was declared in May 2026. As of October 2, 2026, there are 8,300 confirmed cases, with the disease spreading to seven of the country’s 26 provinces. The case fatality rate stands at 48.4%; 2,162 patients have recovered and 842 are hospitalized or in isolation. It is the second-deadliest Ebola episode on record, behind the 2014–2016 West Africa outbreak (~11,000 deaths, 28,000 cases). Healthcare workers in Bunia, Ituri province, protested over delayed salaries, hindering surveillance; contact tracing is about 80.6%. The Bundibugyo variant has no specific treatment; two vaccines for this variant are in Phase 1 trials, and Congo began using Ervebo (originally for the Zaire variant) in late August. The outbreak also reached Uganda, where WHO declared that episode over on August 26 after 20 cases, 15 imported from DRC.",Yes,Yes,Yes,不明,3,Yes,Yes,Yes,Yes,Yes,5,Yes,Yes,Yes,ウガンダへの波及は既にWHOにより8月26日に終息宣言済み。医療従事者の給与遅配によるストライキがサーベイランスに支障をきたしている点、接触者追跡率が80.6%にとどまる点は管理可能性の懸念材料。,
aHR0cHM6Ly9uZXdzLmNoaW5hLmNvbS9zb2NpYWxnZC8xMDAwMDE2OS8yMDI2MTAwMy80OTc3NTg3Ny5odG1s,DISMISS,単発の個人症例報告であり、公衆衛生上の異常性や人-人感染リスクはなく、破傷風は既知の非伝染性（感染症ではあるが人から人へは伝播しない）疾患であるため。,Tetanus,Zhejiang Sheng,"Man Pricked While Cutting Bamboo, Diagnosed With “Seven-Day Madness” — Small Wound, Big Risk","男子砍毛竹被刺一下 确诊""七日疯"" 小伤口大风险",2026-10-03T02:24:46+00:00,https://news.china.com/socialgd/10000169/20261003/49775877.html,CHINESE,humans; environment,"A 69-year-old man in Zhejiang, China sustained a bamboo puncture on his left forearm. The wound became purulent, and a week later he developed trismus, toothache, back rigidity, and generalized convulsions, progressing to respiratory failure. He was treated at Zhejiang University First Affiliated Hospital Qingchun Campus Emergency Department with CPR, endotracheal intubation, and mechanical ventilation, plus high-dose tetanus immunoglobulin, antibiotics, and electrolyte management, before ICU admission and eventual stabilization. He is nearing discharge. The case highlights tetanus as a toxin-mediated disease caused by Clostridium tetani entering through skin or mucosal wounds and producing toxin in anaerobic conditions, not by wind. The bacterium is widely distributed in soil, dust, rust, and animal or human feces and can persist, reactivating under suitable conditions.",No,No,No,No,0,No,Yes,No,No,No,1,No,No,No,破傷風は土壌中の芽胞菌（Clostridium tetani）による創傷感染症であり、ヒト-ヒト感染はしない。単一症例の医療啓発的記事であり、公衆衛生イベントとしての追跡は不要。,
aHR0cHM6Ly9uZHR2LmluL2hlYWx0aC9lYm9sYS1vdXRicmVhay1jb25nby00MDAwLWRlYXRocy12aXJ1cy1zcHJlYWQtd2hvLXdhcm5pbmctMTIxMzIyNzg=,PICKUP,"DRCでのエボラ（ブンディブギョ株）アウトブレイクが4,000人超の死亡、8,300件超の症例を記録し、WHOが新たな保健ゾーンへの急速な拡大を警告しており、IHR基準・WPRO基準ともに複数該当するため。",Ebola,Africa; Democratic Republic of the Congo,"Ebola ravages Congo; more than 4,000 deaths; the world's fastest-spreading outbreak has raised concerns.","कांगो में इबोला का कहर, 4,000 से ज्यादा मौतें, दुनिया के सबसे तेजी से फैलते प्रकोप ने बढ़ाई चिंता",2026-10-03T02:27:46+00:00,https://ndtv.in/health/ebola-outbreak-congo-4000-deaths-virus-spread-who-warning-12132278,HINDI,humans,"As of 3 October 2026, Congo (DRC) faces an Ebola outbreak recording 4,018 deaths and over 8,300 confirmed cases. The outbreak began on 15 May with detections of Bundibugyo ebolavirus, a rare Ebola strain. There is currently no proven effective treatment or approved vaccine for this variant, hindering containment. The World Health Organization warns the virus is rapidly expanding into new health zones, stressing already fragile health systems. Africa CDC notes a recent decline in confirmed cases but cautions that insecurity, conflict, and limited community cooperation likely cause underreporting. Transmission occurs through contact with bodily fluids from infected individuals, and without timely care, severe disease and deaths ensue. Ongoing challenges include surveillance access, outbreak response coordination, and risk communication in affected regions.",Yes,Yes,Yes,不明,3,Yes,Yes,Yes,Yes,Yes,5,Yes,Yes,Yes,ワクチン・有効な治療法が未確立の稀なブンディブギョ株であること、治安悪化による報告不足リスクがある点に留意。フルRRAによる詳細評価が推奨される。,
aHR0cHM6Ly90dy5uZXdzLnlhaG9vLmNvbS8lRTYlOTclQTUlRTYlOUMlQUMlRTYlQjUlODElRTYlODQlOUYlRTclOTYlQUIlRTYlODMlODUlRTUlOEQlODclRTYlQkElQUItJUU2JUIyJTk2JUU3JUI5JUE5LSVFNiU5RCVCMSVFNCVCQSVBQy0lRTYlODQlOUIlRTclOUYlQTUlRTYlOUMlODAlRTUlOUElQjQlRTklODclOEQtJUU=,WATCH,季節性インフルエンザ（H1N1優勢）の急増報道だが、対象国（日本は対象外）における通常の季節流行であり、対象国での顕著な事象は確認できないため経過観察とする。,COVID-19; Human Infection with Swine Influenza A H1N1; Influenza,Republic of Korea; United States; Japan; Hong Kong Special Administrative Region; Republic of Singapore; Taiwan,"Japan's influenza outbreak on the rise: Okinawa, Tokyo, and Aichi are the most severely affected—get vaccinated before you travel abroad.",日本流感疫情升溫！沖繩、東京、愛知最嚴重　出國前快打疫苗,2026-10-03T01:39:00+00:00,https://tw.news.yahoo.com/%E6%97%A5%E6%9C%AC%E6%B5%81%E6%84%9F%E7%96%AB%E6%83%85%E5%8D%87%E6%BA%AB-%E6%B2%96%E7%B9%A9-%E6%9D%B1%E4%BA%AC-%E6%84%9B%E7%9F%A5%E6%9C%80%E5%9A%B4%E9%87%8D-%E5%87%BA%E5%9C%8B%E5%89%8D%E5%BF%AB%E6%89%93%E7%96%AB%E8%8B%97-013900861.html,CHINESE,humans,"Japan’s influenza outbreak continues rising for the ninth straight week, with Okinawa, Tokyo, Aichi, Kanagawa, and Chiba reporting the highest average cases. Week 38 sentinel data (Sept 14–20) show influenza-like illness at 8.48 per site, up 53.1% from the prior week and about tenfold the same period last year (0.8). Across Japan, 44 of 47 prefectures increased; those aged 70+ accounted for 47.5% of cases. About 98% of circulating viruses are H1N1. The surge coincides with Silver Week travel; influenza activity is also rising in China, Hong Kong, Korea, Singapore, and the United States. Taiwan’s CDC notes government-funded influenza and COVID vaccines began Oct 1; from Oct 1–2, influenza doses reached 601,000 (601k), up 9% year-on-year, and COVID doses 209,000, up 19%. On Oct 2, influenza vaccinations totaled 335,000 in a single day—the highest since the 2021 two-dose rollout. Spokesperson Lin Mingcheng urged eligible individuals to vaccinate, noting vaccines reduce pneumonia and cardiovascular risks.",No,No,不明,No,0,No,不明,Yes,Yes,No,2,Yes,Yes,No,記事の主題は日本国内の季節性インフルエンザ流行であり、対象国リストに日本は含まれない。中国・香港・韓国・シンガポール・米国でも流行上昇との記載があるが、具体的データはなく付随的言及に留まるため、いずれも主題として扱わず verified_locations は空配列とした。,
aHR0cHM6Ly9uZXdzaW5mby5pbnF1aXJlci5uZXQvMjMxNjA3My9xdWV6b24tcmVnYWlucy1iaXJkLWZsdS1mcmVlLXN0YXR1cw==,DISMISS,本記事は過去の鳥インフルエンザ発生地域が清浄化（終息）を宣言したという内容であり、新規の公衆衛生リスクや異常事態を示すものではない。,Human Infection with Avian Influenza; Avian Influenza,Lucban; Quezon; Calabarzon; Sampaloc; Northern Mindanao,,Quezon regains bird flu-free status,2026-10-03T02:57:17+00:00,https://newsinfo.inquirer.net/2316073/quezon-regains-bird-flu-free-status,ENGLISH,animals,"Quezon province is declared free of avian influenza by the Department of Agriculture, after depopulation of affected poultry, cleaning and disinfection, movement restrictions, and ongoing disease monitoring following avian influenza cases in Lucban and Sampaloc towns in February and March this year. The declaration, issued by Agriculture Secretary Francisco Tiu Laurel on Sept. 24 under Memorandum Circular No. 45, was officially recognized by a Public Information Office advisory on Oct. 1. Subsequent confirmatory tests yielded negative results, confirming a bird-flu-free status. This status supports safe, orderly production and trade of poultry and poultry products in Quezon and underscores sustained surveillance, biosecurity measures, and programs to protect livelihoods of poultry raisers. Avian influenza is a highly contagious viral disease that circulates among wild aquatic birds and can cause outbreaks in domestic poultry; human infection is rare.",No,No,No,No,0,No,No,No,No,No,0,No,No,No,記事はフィリピン・ケソン州における今年2-3月の鳥インフルエンザ発生が終息し、清浄地域ステータスが回復したことを報告するもの。新規感染や人への感染拡大の報告はなく、トリアージ対象外と判断。,
aHR0cHM6Ly9qb2dqYS50cmlidW5uZXdzLmNvbS9rZXNlaGF0YW4vMTIyNDU4OC9tZW5nZW5hbC1wZW55YWtpdC10aXBlcy1wZW55ZWJhYi1nZWphbGEtdXRhbWEtZGFuLWNhcmEtcGVuY2VnYWhhbm55YQ==,DISMISS,特定のアウトブレイクではなく、腸チフスに関する一般的な健康啓発・解説記事であり、異常性や緊急性を示す情報がない。,Typhoid,,"Understanding Typhoid Fever: Causes, Main Symptoms, and How to Prevent It.","Mengenal Penyakit Tipes: Penyebab, Gejala Utama dan Cara Pencegahannya",2026-10-03T02:32:00+00:00,https://jogja.tribunnews.com/kesehatan/1224588/mengenal-penyakit-tipes-penyebab-gejala-utama-dan-cara-pencegahannya,INDONESIAN,humans; environment,"Typhoid fever, caused by Salmonella typhi, is an intestinal infection of the small intestine observed in Indonesia, where it remains a common health issue. Transmission occurs through contaminated food and drink, particularly when immunity is low. Main symptoms resemble other bacterial infections but include distinctive features. Hospitalization is not always required; IV fluids, nutrition, and antibiotics are indicated when medical care is necessary. If untreated, typhoid can lead to fatal complications, though rapid medical consultation and early antibiotic therapy in urban areas often yield swift recovery. Treatment centers on antibiotics and dietary management, regardless of care setting. Prevention hinges on vaccination, especially for foreigners or tourists visiting endemic areas like Indonesia, workers with limited access to clean food, and individuals prone to recurrent typhoid. Emphasizing vaccination and hygiene can reduce risk.",No,No,No,No,0,No,No,No,No,No,0,No,No,No,記事は特定の発生事例ではなく、腸チフスの一般的な疫学・予防に関する啓発記事であるため、トリアージ対象外。,
aHR0cHM6Ly90aW1lc29maW5kaWEuaW5kaWF0aW1lcy5jb20vZXRpbWVzL3dlbGxuZXNzL2RyLWNvbmdvLWVib2xhLW91dGJyZWFrLWRlYXRocy1zdXJwYXNzLTQwMDAtNS1yZWFzb25zLXRoZS1kZWFkbGllc3Qtb3V0YnJlYWstaXMtc3RpbGwtbm90LWNvbnRhaW5lZC9waG90b3N0b3J5LzEzNDY1MDcxMy5jbXM=,PICKUP,コンゴ民主共和国でのエボラ（ブンディブギョ型）アウトブレイクが4000人超の死者・8300例を超え、ワクチン・治療法がなく、紛争・避難民問題で封じ込めが困難な深刻な公衆衛生危機であり、IHR基準・WPRO基準とも複数該当するためフルリスク評価が必要。,Ebola,Sud Ubangi; Province de l’Équateur; Bunia; Democratic Republic of the Congo,,"​DR Congo Ebola outbreak deaths surpass 4,000: 5 reasons the deadliest outbreak is still not contained​",2026-10-03T02:16:49+00:00,https://timesofindia.indiatimes.com/etimes/wellness/dr-congo-ebola-outbreak-deaths-surpass-4000-5-reasons-the-deadliest-outbreak-is-still-not-contained/photostory/134650713.cms,ENGLISH,humans,"DR Congo’s Bundibugyo Ebola outbreak has caused over 4,000 deaths and about 8,300 cases across 63 health zones in seven provinces since May 2026. The Bundibugyo virus lacks a licensed vaccine or targeted treatment, hindering containment compared with past outbreaks. WHO modeling in August suggested true infections may be 3–4 times higher than reported, signaling widespread undetected transmission. Only about 15–20% of confirmed cases were initially listed as known contacts, far below the 90% target. Instability, armed conflict, displacement, and mistrust of outsiders complicate response, with displacement camps attacked near Bunia, forcing about 19,000 people to flee and straining beds, staff, and labs. More than 50 healthcare workers have died; some facilities faced wage strikes. The outbreak is spreading to new areas including Sud Ubangi and Haut-Uélé, and there is no vaccine or cure for Bundibugyo Ebola.",Yes,Yes,Yes,不明,3,Yes,Yes,Yes,Yes,Yes,5,Yes,Yes,Yes,ワクチン・治療薬が存在しないブンディブギョ型エボラであり、新規地域（Sud Ubangi、Haut-Uélé）への拡大、医療従事者50人以上の死亡、武力紛争による避難民発生など、封じ込め困難な要因が多数報告されている。継続的なモニタリングとフルRRAが必要。,
aHR0cHM6Ly91ZG4uY29tL25ld3Mvc3RvcnkvNzI2Ni85NzkyMTk3,DISMISS,季節性インフルエンザの通常の流行報道であり、対象国（中国本土含む）が主題として発生していない。新規病原体や異常な事象ではなく、ワクチン接種体制も機能している。,COVID-19; Human Infection with Swine Influenza A H1N1; Influenza,Tokyo Prefecture; Tokyo; Kanagawa; Okinawa; Chiba-ken; Chiba; Aichi-ken; Republic of Korea; United States; Japan; Hong Kong Special Administrative Region; Taiwan,"Japan's influenza cases surge, Taiwan at peak; 335,000 people vaccinated with domestic flu vaccine yesterday, a new single-day high.",日本流感確診暴增、台灣高峰 國內流感疫苗昨33.5萬人施打創單日新高,2026-10-03T02:51:11+00:00,https://udn.com/news/story/7266/9792197,CHINESE,humans,"Influenza activity is surging in Japan, entering its ninth consecutive weekly rise with cases about 10 times the year-ago level. Taiwan is at the peak of its domestic flu season, while outbreaks are increasing in Hong Kong, South Korea, and the United States. Over the first two days of the national free flu and COVID-19 vaccination campaign that began October 1, Taiwan reported 601,000 flu shots and 209,000 COVID-19 shots, both above last year’s pace; flu vaccination coverage rose 9% year-on-year and COVID-19 vaccination 19% higher. Yesterday’s flu vaccination reached 335,000 doses, a new single-day high, surpassing the prior record of 318,000 set during the 2021 two-stage rollout. In Japan, 44 of 47 prefectures saw higher counts, led by Okinawa, Tokyo, Aichi, Kanagawa, and Chiba, with 98% of detections due to H1N1 and those aged 70+ making up 47.5%. Silver Week travel is a suspected driver. Vaccination against flu and COVID-19 is emphasized to reduce pneumonia and cardiovascular risk.",No,No,No,No,0,No,No,No,No,No,0,No,No,No,"記事は日本・台湾・香港・韓国・米国の季節性インフルエンザ流行とワクチン接種状況に関するもので、対象国リスト（Zambia, Philippines, Thailand, Ghana, DRC, Brazil, Indonesia, China, Myanmar, Vietnam, India）に該当する国は主題として含まれない。H1N1による通常の季節性流行であり、新興感染症のシグナルとは判断されない。",
aHR0cHM6Ly9oZWFsdGguZXR0b2RheS5uZXQvbmV3cy8zMjQ4MTky,WATCH,日本国内で季節性インフルエンザ(主にH1N1)が前年比約10倍に急増し周辺国・地域でも増加傾向が見られるが、重症度や公衆衛生上の深刻な影響については具体的データがなく、対象国リストに該当する国の主題的発生も確認できないため、続報を注視する段階と判断した。,COVID-19; Human Infection with Swine Influenza A H1N1; Influenza,Tokyo Prefecture; Tokyo; Republic of Korea; United States; Japan; Hong Kong Special Administrative Region; Republic of Singapore; Taiwan,"Japan's influenza has been on the rise for nine consecutive weeks! Be wary of surging cases in Okinawa, Tokyo, and other areas when traveling abroad.",日本流感連9週升溫！出國當心「沖繩、東京」等地病例暴增,2026-10-03T02:51:00+00:00,https://health.ettoday.net/news/3248192,CHINESE,humans,"Japan’s influenza activity has risen for nine consecutive weeks, with Okinawa and Tokyo reporting the most cases. In Week 38 (Sept 14–20), influenza-like illness averaged 8.48 cases, up 53.1% week-on-week and about tenfold higher than the same period last year; those aged 70+ accounted for 47.5%, with the predominant strain being H1N1. Among 44 of 47 prefectures, cases increased, led by Okinawa, Tokyo, Aichi, Kanagawa, and Chiba. The surge is attributed to Silver Week travel. Neighboring China, Hong Kong, Korea, and Singapore, as well as the United States, are also seeing rising influenza activity. In Taiwan, influenza is at a peak, with anticipated clinic visits around 150,000; public-funded flu and COVID vaccines began Oct 1. In two days, influenza doses reached 601,000 and COVID doses 209,000, higher than last year. Vaccination reduces pneumonia and cardiovascular risk; dual vaccination offers lung and heart protection.",不明,Yes,Yes,No,2,Yes,不明,Yes,Yes,No,3,Yes,不明,No,記事の主題は日本国内（沖縄・東京等）のインフルエンザ流行であり、中国・香港・韓国・シンガポール・米国への言及は付随的なもので具体的データを伴わないため、対象国リストに該当する国として主題化されているとは判断できず、verified_locationsは空とした。,
aHR0cHM6Ly9qYXRlbmcudHJpYnVubmV3cy5jb20vamF3YS10ZW5nYWgvMTI2ODMwOS9jZWdhaC1yYWJpZXMtZHA0LWJsb3JhLWJlcmktdmFrc2luLWdyYXRpcy11bnR1ay1hbmppbmctZGFuLWt1Y2luZw==,DISMISS,狂犬病予防のための通常の動物ワクチン接種キャンペーンであり、アウトブレイクや異常事態の報告ではない。,Rabies,Blora; Provinsi Jawa Tengah,"To Prevent Rabies, DP4 Blora Provides Free Vaccinations for Dogs and Cats.","Cegah Rabies, DP4 Blora Beri Vaksin Gratis untuk Anjing dan Kucing",2026-10-03T03:09:37+00:00,https://jateng.tribunnews.com/jawa-tengah/1268309/cegah-rabies-dp4-blora-beri-vaksin-gratis-untuk-anjing-dan-kucing,INDONESIAN,animals,"Rabies vaccination for dogs and cats offered free of charge in Blora Regency, Central Java, Indonesia, as part of World Rabies Day 2026. The DP4 Blora (Department of Food, Agriculture, Livestock, and Fisheries) organized the event at UPTD Puskeswan Blora on September 29, 2026, providing rabies vaccination along with routine health checks for companion animals. Of the animals treated, 46 received rabies vaccines while four received health examinations but did not meet vaccination requirements. Officials emphasized that vaccination helps protect pets and prevents rabies transmission to humans, urging owners to maintain regular vaccination and health monitoring. The initiative reflects shared responsibility between government and pet owners to curb rabies in the community.",No,No,No,No,0,No,No,No,No,No,0,No,No,No,世界狂犬病デーに合わせた予防的ワクチン接種事業の報告であり、人の感染事例や異常発生は記載されていない。,
aHR0cHM6Ly9uZXdzaW5mby5pbnF1aXJlci5uZXQvMjMxNjA4Ny9kZW5ndWUtZGVhdGgtdG9sbC1pbi1hZ3VzYW4tZGVsLXN1ci1yZWFjaGVzLTE0LWFzLXZpcnVzLWluZmVjdHMtb3Zlci0yMDAw,PICKUP,フィリピン・アグサン・デル・スール州で州全体のアウトブレイク宣言および赤色警報が発令され、症例2000例超・死亡14例と公衆衛生上深刻な状況であるためフルリスク評価が必要。,Dengue,Loreto; Talacogon; Province of Agusan del Sur; Bunawan; Prosperidad; San Luis; Western Visayas; Rosario; Caraga; City of Bayugan; San Francisco; Calabarzon; Central Luzon; La Paz; Republic of Peru; Republic of the Philippines,,Dengue death toll in Agusan del Sur reaches 14,2026-10-03T03:16:47+00:00,https://newsinfo.inquirer.net/2316087/dengue-death-toll-in-agusan-del-sur-reaches-14-as-virus-infects-over-2000,ENGLISH,humans; vectors,"Agusan del Sur recorded 2,018 dengue cases and 14 deaths from Jan. 1 to Oct. 1, prompting a province-wide outbreak declaration on Sept. 29 and a red-alert status as cases exceeded the epidemic threshold. Provincial Health Office officials described the situation as serious across all ages, with ongoing weekly data reviews from 14 municipalities and Bayugan City. Two fatalities had underlying conditions: a pregnant woman and an elderly patient with heart disease; several patients arrived at hospitals late. Rosario accounted for the most cases (543), followed by San Francisco (271), Bayugan City (229), Loreto (204), and Bunawan (180). Prosperidad reported 114 cases; attack rates included Rosario at 10 per 1,000 residents, Loreto 5, Bunawan 4, and San Francisco & La Paz at 3 each; Bayugan City, Talacogon, San Luis at 2 each.",Yes,Yes,No,No,2,Yes,Yes,Yes,Yes,不明,4,Yes,Yes,不明,発生地域にLoreto（ペルー）やその他州が含まれるが、記事サマリーの主題はフィリピン・アグサン・デル・スール州のデング熱流行のみであり、ペルーは対象国リストに含まれないため除外した。,
aHR0cHM6Ly9raWVudGh1Yy5uZXQudm4vcGh1LXRoby1waGF0LWhpZW4tMTAyLWNvbi1sb24tbmhpZW0tdmlydXMtdGFpLXhhbmgtdHJlbi1kdW9uZy10aWV1LXRodS1wb3N0MTYzNjQxMy5odG1s,DISMISS,動物の家畜疾病（豚のPRRS/青耳病）事例であり、ヒトへの公衆衛生影響は報告されておらず、IHR・WPRO基準のいずれにも該当しない。,Pseudorabies,Tỉnh Vĩnh Phúc; Thành Phố Hà Nội; Tỉnh Phú Thọ; Hanoi; Lập Thạch; Xã Đạo Trù; Socialist Republic of Vietnam,Phu Tho detects 102 pigs infected with pseudorabies virus on the way to market.,Phú Thọ phát hiện 102 con lợn nhiễm virus tai xanh trên đường tiêu thụ,2026-10-03T03:18:59+00:00,https://kienthuc.net.vn/phu-tho-phat-hien-102-con-lon-nhiem-virus-tai-xanh-tren-duong-tieu-thu-post1636413.html,VIETNAMESE,animals,"102 pigs weighing about 10 tons destined for Hanoi were found in Tam Dương commune, Phú Thọ Province, on September 18, suspected of carrying pseudorabies virus (blue-ear disease). Phú Thọ’s Economic Police detected the truck, plate 88C-297.38, driven by P.M.K. The owner, K.V.D., from Lập Thạch, Phú Thọ, admitted purchasing the animals from a farm in Đạo Trù, Phú Thọ, and transporting them to Hanoi for sale. No veterinary-inspection registration was observed. Random testing yielded 3 of 10 samples positive for PRRS North American lineage, the pathogen associated with blue-ear disease in pigs. Authorities quarantined the batch, implemented disease-control measures per veterinary protocols, and are coordinating with local authorities to trace sources and restrict movement to prevent further spread.",No,No,No,No,0,No,No,No,No,No,0,No,No,No,PRRS（豚繁殖・呼吸障害症候群、通称青耳病）はヒトに感染しない家畜疾病であり、人獣共通感染症ではない。記事は食品安全・検疫違反の文脈であり、公衆衛生イベントとしての意義は低い。,
aHR0cHM6Ly9tLjE2My5jb20vZHkvYXJ0aWNsZS9MOEFDNjg4NDA1NTBBVktWLmh0bWw=,DISMISS,単一症例の破傷風であり、人-人感染がなく公衆衛生上の脅威や国際的拡大リスクは認められないため見送り。,Tetanus,Zhejiang Sheng; Hangzhou,"Man goes up a mountain to cut Moso bamboo, is suddenly stabbed; three days later he develops generalized convulsions and respiratory failure, doctors diagnose ""Seven-Day Madness,"" left untreated, mortality rate could reach 100%.","男子上山砍毛竹，突然被刺一下，3天后全身抽搐，呼吸衰竭，医生：确诊""七日疯""，放任不管，致死率或达100%_手机网易网",2026-10-03T01:59:32+00:00,https://m.163.com/dy/article/L8AC68840550AVKV.html,CHINESE,humans; environment,"A 69-year-old man in Hangzhou, Zhejiang Province, China developed tetanus after a bamboo puncture wound sustained while cutting Moso bamboo. Initial wound infection appeared to heal, but three days later he suffered toothache, jaw-opening difficulty (trismus), neck and back stiffness, then generalized convulsions and respiratory failure. Clinically diagnosed with tetanus, he was transferred to Zhejiang University First Hospital (Qingchun Campus) where resuscitation, endotracheal intubation, and mechanical ventilation were provided alongside high-dose tetanus immunoglobulin, antibiotics, electrolyte correction, and ICU monitoring; he subsequently stabilized for discharge. Tetanus is caused by Clostridium tetani spores in anaerobic wounds; incubation ranges from 1 day to months, often around day 7 (Seven-Day Madness). Without treatment, mortality nears 100%; even with comprehensive care, global case-fatality is about 30–50%. Diagnosis is clinical; no rapid diagnostic test exists. Prevention relies on vaccination, proper wound care, and timely medical care.",No,No,No,No,0,No,No,No,No,No,0,No,No,No,破傷風は感染症の中でもヒト-ヒト感染がなく、単発の外傷症例であるためシグナルトリアージの対象外。中国での事例だが公衆衛生上の懸念は低い。,
aHR0cHM6Ly9hY3R1YWxpZGFkLXJ0LmNvbS9hY3R1YWxpZGFkLzYzMDYxNS1taWxlcy1wZXJzb25hcy1odXllbi1jYW1wYW1lbnRvLWRlc3BsYXphZG9zLWVib2xh,PICKUP,コンゴ民主共和国東部でエボラ発生中の避難民キャンプが武力衝突により機能不全となり、1.9万人規模の避難民が流出。人道アクセス阻害によりアウトブレイク対応が困難化しており、国際的関心と支援の必要性が高い。,Ebola,Ituri; Democratic Republic of the Congo,Thousands of People Flee from a Displaced Persons Camp Affected by Ebola,Miles de personas huyen de un campamento de desplazados afectado por el ébola,2026-10-03T03:48:57+00:00,https://actualidad-rt.com/actualidad/630615-miles-personas-huyen-campamento-desplazados-ebola,SPANISH,humans; environment,"As of 2026-10-03, thousands fled the Ebola-affected displacement camp of Kigonze in Ituri province, eastern Democratic Republic of Congo, where about 19,000 people are housed. The incident occurred amid rising insecurity, with reports that soldiers entered the camp to search for weapons and individuals suspected of belonging to non-state armed groups, and gunfire was heard. The UN notes that violence, threats, and intimidation have forced families to flee and have impeded humanitarian access. The report provides no details on Ebola case counts or laboratory confirmation in this event. The episode underscores how insecurity around displacement sites can complicate outbreak response and aid delivery in the region.",Yes,Yes,不明,不明,2,Yes,Yes,Yes,Yes,Yes,5,Yes,Yes,Yes,記事には感染者数や検査確定状況の詳細はなく、主な焦点は治安悪化による避難民キャンプの機能不全とエボラ対応への影響。続報でケース数や感染拡大状況の確認が必要。,
aHR0cHM6Ly9oZWFsdGgubHRuLmNvbS50dy9hcnRpY2xlL2JyZWFraW5nbmV3cy81NTk0MDc2,PICKUP,日本で季節性インフルエンザが9週連続で急増し前年同期の10倍に達するなど異常な増加傾向が見られ、中国・韓国・シンガポール・米国など複数国でも流行拡大が報告されているため、国際的拡大のリスク基準を満たす。,COVID-19; Human Infection with Swine Influenza A H1N1; Influenza,Republic of Korea; United States; Japan; People's Republic of China; Hong Kong Special Administrative Region; Republic of Singapore; Taiwan,"Influenza in Japan rises for nine consecutive weeks, reaching 10 times the level of the same period last year! Domestic influenza vaccine doses administered in a single day hit a new high.",日本流感連升9週、達去年同期10倍！ 國內流感疫苗單日接種創新高,2026-10-03T03:49:00+00:00,https://health.ltn.com.tw/article/breakingnews/5594076,CHINESE,humans,"Influenza in Japan has risen for nine consecutive weeks, with the latest sentinel surveillance showing an average of 8.48 influenza-like illness cases, about ten times the same period last year. Across 44 of 47 prefectures, case numbers increased, led by Okinawa, Tokyo, Aichi, Kanagawa, and Chiba. Age distribution centers on those aged 70 and older (about 47.5%), and the H1N1 strain accounts for about 98% of detected viruses. The upsurge began in week 30 and continues through week 38; officials point to travel during the Silver Week holidays as a possible driver. Beyond Japan, influenza activity is rising in China, Hong Kong, South Korea, Singapore, and the United States. In Taiwan, publicly funded influenza and COVID vaccines started on October 1; Oct 1–2 flu vaccines totaled 601,000, with 335,000 doses administered on Oct 2, a single-day high since 2021 when vaccination was phased. Vaccination may reduce pneumonia and heart disease risk.",不明,Yes,Yes,No,2,Yes,不明,Yes,Yes,No,3,Yes,Yes,No,記事の主題は日本（対象国外）とその影響で台湾のワクチン接種状況だが、中国・香港（中国に統合）でも流行拡大が明記されているため中国のみ対象国として記録。日本・台湾・韓国・シンガポール・米国は対象国リスト外のためverified_locationsに含めず。季節性インフルエンザの通常変動である可能性もあり、続報でH1N1株の重症度・医療逼迫状況の確認が必要。,
aHR0cHM6Ly93d3cucmZpLmZyL2ZyL2FmcmlxdWUvMjAyNjEwMDMtZWJvbGEtZW4tcmRjLWwtJUMzJUE5cGlkJUMzJUE5bWllLWZyYW5jaGl0LWxlLXNldWlsLWRlcy00MDAwLW1vcnRzLW1hbGdyJUMzJUE5LWwtb3B0aW1pc21lLWR1LW1pbmlzdHJlLWRlLWxhLXNhbnQlQzMlQTk=,PICKUP,"DRCで史上最悪規模のエボラ流行が継続し、死者4,000人超・症例8,300件超、国際的な資金・支援ニーズも顕在化しているためIHR基準・WPRO基準ともに複数該当。",Ebola,Katwa; Province du Nord-Kivu; Butembo; Democratic Republic of the Congo,"Ebola in the DRC: the outbreak crosses the 4,000-death threshold despite the health minister's optimism",Ebola en RDC: l'épidémie franchit le seuil des 4000 morts malgré l'optimisme du ministre de la Santé,2026-10-03T03:53:38+00:00,https://www.rfi.fr/fr/afrique/20261003-ebola-en-rdc-l-%C3%A9pid%C3%A9mie-franchit-le-seuil-des-4000-morts-malgr%C3%A9-l-optimisme-du-ministre-de-la-sant%C3%A9,FRENCH,humans,"Ebola in the Democratic Republic of Congo has surpassed 4,000 deaths amid more than 8,300 confirmed cases, the deadliest outbreak in the country’s history. As of 3 October 2026, authorities report 19 of 63 health zones with no cases for at least three weeks, while 44 zones remain active. Transmission persists in Beni, Butembo, and Katwa in North Kivu, where insecurity and community resistance hinder response teams. More than half of deaths occur outside health facilities, increasing risk during home care and funerals. Case tracking lags, with contact tracing around 82%, far from the 95% target needed to interrupt transmission chains. The government seeks fresh funding and greater oversight of hundreds of millions mobilized abroad by humanitarian actors. Of the initial 226 million USD response plan, just over half has been justified to the government.",Yes,Yes,Yes,Yes,4,Yes,Yes,Yes,Yes,Yes,5,Yes,Yes,Yes,記事はDRC北キブ州（ベニ、ブテンボ、カトワ）における継続的なエボラ流行を報告。死者数が史上最多、接触者追跡率が目標未達、資金・監督体制の課題も指摘されており、フルリスク評価が必要。,
aHR0cHM6Ly90aW1lc29maW5kaWEuaW5kaWF0aW1lcy5jb20vd29ybGQvcmVzdC1vZi13b3JsZC9pbi0xOTAyLWhhbm9pLXBhaWQtcGVvcGxlLWZvci1yYXQtdGFpbHMtdG8tZmlnaHQtcGxhZ3VlLW1vcmUtdGhhbi01NS1taWxsaW9uLXRhaWxzLXdlcmUtY29sbGVjdGVkLWJ1dC10aGUtcmF0cy13ZXJlLXN0aWxsLWFsaXZlL2E=,DISMISS,1902年の歴史的事例を扱った学術レビュー記事であり、現在進行中の感染症イベントではないため、トリアージ対象外。,Plague,Thành Phố Hà Nội; Hanoi; United Kingdom of Great Britain and Northern Ireland,,"In 1902, Hanoi paid people for rat tails to fight plague; more than 55 million tails were collected, but the rats were still alive",2026-10-03T03:54:00+00:00,https://timesofindia.indiatimes.com/world/rest-of-world/in-1902-hanoi-paid-people-for-rat-tails-to-fight-plague-more-than-55-million-tails-were-collected-but-the-rats-were-still-alive/articleshow/134651463.cms,ENGLISH,humans; animals; environment,"During 1902 in Hanoi, then French Indochina, plague-driven rat bounty paid one cent per rat tail; within a year, over 55 million tails submitted, yet many tailless rats remained alive, revealing that tails served as proof of kill, not proof of removal. Officials observed tailless rats still in sewer-linked streets, and rat catchers released animals after payment. The episode, part of the Third Plague Pandemic, is cited in a 2026 npj Biodiversity review (as of 2026-10-03) as an example of unintended outcomes from species bounty programs. The authors, analyzing 283 species across 449 programmes in 60 countries over eight centuries, note that financial rewards can increase participation but also drive fraud, poaching, or preservation of target species. Other cases include Britain’s grey squirrel bounty and discussions of the cobra effect; some schemes fail to reduce populations while altering incentives.",No,No,No,No,0,No,No,No,No,No,0,No,No,No,記事は1902年のハノイにおける歴史的なペスト対策（ネズミ尻尾買取制度）を、種の報奨金プログラムに関する2026年の学術レビュー論文の事例として紹介したものであり、現行の感染症発生情報ではない。,
aHR0cHM6Ly9oZWFsdGguZGV0aWsuY29tL2Jlcml0YS1kZXRpa2hlYWx0aC9kLTg2OTAyMDUvbGFnaS1tdXNpbS1mbHUtbXVuZ2tpbmthaC1heWFtLXBlbGloYXJhYW4tZGktcnVtYWgtaWt1dC1rZXR1bGFyYW4=,DISMISS,特定の発生事例ではなく、季節性インフルエンザと鳥インフルエンザの違いについての一般的な啓発記事であり、IHR基準・WPRO基準のいずれにも該当しない。,Avian Influenza; Human Infection with Swine Influenza A H3N2; Human Infection with Avian Influenza A H5N1; Influenza; Human Infection with Avian Influenza; Human Infection with Swine Influenza A H1N1; Influenza A,,It's Flu Season—Could Pet Chickens at Home Also Catch the Flu?,"Lagi Musim Flu, Mungkinkah Ayam Peliharaan di Rumah Ikut Ketularan?",2026-10-03T04:04:41+00:00,https://health.detik.com/berita-detikhealth/d-8690205/lagi-musim-flu-mungkinkah-ayam-peliharaan-di-rumah-ikut-ketularan,INDONESIAN,environment; animals; humans,"Influenza in humans (seasonal flu) and avian influenza (H5N1) are both influenza A but differ in transmission risk to poultry. There is currently no evidence that seasonal human flu strains (H1N1 pdm09, H3N2) spread from people to chickens, though cross-species transmission can occur in some animals (e.g., pigs) and not necessarily in poultry. Avian influenza can spread from infected birds to humans via contact or contaminated environments. Infected poultry may exhibit respiratory distress and high mortality; autopsies can reveal bleeding from the nose to the lungs, but symptoms can resemble other poultry diseases, requiring laboratory confirmation. Biosecurity measures such as mask use, disinfection, and keeping clean coops are advised. Owning backyard chickens does not automatically elevate flu risk—the main concern is exposure to infected birds or contaminated surroundings. Indonesia’s Health Ministry reports rising influenza activity and continues to provide healthcare facilities and medications as of Sept 28, 2026.",No,No,No,No,0,No,不明,No,No,No,0,No,No,No,記事は一般的なQ&A形式の啓発コンテンツであり、特定の発生事例やアウトブレイクを報告するものではない。インドネシア保健省が季節性インフルエンザの増加を報告しているが、具体的な数値や重症度の情報はない。,
aHR0cHM6Ly9mci5uZXdzLnlhaG9vLmNvbS9lYm9sYS1yZGMtbCVDMyVBOXBpZCVDMyVBOW1pZS1mcmFuY2hpdC1zZXVpbC0wMzUzMzgwMTcuaHRtbA==,PICKUP,エボラ出血熱の死者数が4000人を超え、44地域で感染が継続、接触者追跡率も目標未達であり、IHR基準・WPRO基準ともに複数該当するため。,Ebola,Katwa; Province du Nord-Kivu; Butembo; Democratic Republic of the Congo,"Ebola in the DRC: the epidemic has crossed the 4,000-death threshold despite the Health Minister's optimism.",Ebola en RDC: l'épidémie franchit le seuil des 4000 morts malgré l'optimisme du ministre de la Santé,2026-10-03T03:53:38+00:00,https://fr.news.yahoo.com/ebola-rdc-l%C3%A9pid%C3%A9mie-franchit-seuil-035338017.html,FRENCH,humans,"Ebola outbreak in the Democratic Republic of Congo has surpassed 4,000 deaths as of early October 2026, despite optimism from Health Minister Roger Kamba. In North Kivu, major cities Beni, Butembo, and Katwa remain active sites, with insecurity and community resistance hindering response teams. While 19 of 63 health zones have not reported a new case for at least three weeks, 44 zones continue to register transmission. A troubling pattern is that more than half of deaths occur outside health facilities, raising transmission risks during home care and funerals. Contact tracing stands at 82%, far below the 95% target needed to break transmission chains. The government seeks new funding oversight, demanding clarity on hundreds of millions mobilized abroad by humanitarian partners. Of the $226 million in the first response plan, just over half has been accounted for to Congolese authorities.",Yes,No,Yes,不明,2,No,Yes,Yes,Yes,Yes,4,Yes,Yes,Yes,治安不安と地域社会の抵抗が対応を妨げており、死者の半数以上が医療施設外で発生していることから、家庭内看護や葬儀を通じた感染拡大リスクが高い。資金の透明性を巡る政府と人道支援団体間の緊張も継続中。,
aHR0cHM6Ly93d3cudml2YS5jby5pZC9iZXJpdGEvZHVuaWEvMTkzMjg1NS1lYm9sYS1kaS1rb25nby1tYWtpbi1tZW5nZXJpa2FuLTQwMTgtb3JhbmctbWVuaW5nZ2Fs,PICKUP,"DRCで7州にわたりエボラ出血熱が拡大し、致死率約48.4%、8,300例超・死者4,018人と深刻な公衆衛生インパクトがあり、周辺国への波及リスクも指摘されているためIHR基準・WPRO基準ともに複数該当。",Ebola,Democratic Republic of the Congo,"Ebola in Congo Is Getting More Terrifying, 4,018 People Dead","Ebola di Kongo Makin Mengerikan, 4.018 Orang Meninggal",2026-10-03T04:00:00+00:00,https://www.viva.co.id/berita/dunia/1932855-ebola-di-kongo-makin-mengerikan-4018-orang-meninggal,INDONESIAN,humans,"Ebola virus disease in the Democratic Republic of the Congo (DRC) is worsening. As of 2026-10-03, the outbreak has been confirmed across seven provinces with more than 8,300 cases and at least 4,018 deaths; 2,162 people have recovered, yielding a case fatality rate of about 48.4%. The seven-province tally reported by Actualite, via INSP, notes ongoing transmission and substantial mortality. In an earlier daily update, INSP recorded 6,186 confirmed cases and 3,007 deaths, with 86 new cases and 57 deaths in the previous 24 hours. Health authorities, including Africa CDC Director-General Jean Kaseya, warn the virus could threaten neighboring countries while containment and treatment efforts continue. The report emphasizes public-health responses, without detailing infection sources or imported/exported cases.",Yes,Yes,Yes,不明,3,Yes,Yes,Yes,Yes,Yes,5,Yes,Yes,Yes,Africa CDC長が周辺国への拡大リスクを警告しており、国際的拡大の懸念が明示されている。致死率約48.4%と極めて高く、継続的なモニタリングとフルリスク評価が必要。,
aHR0cHM6Ly9xYXppbmZvcm0uY29tL25ld3MvZHItY29uZ28tc2F5cy1lYm9sYS1vdXRicmVhay1lYXNlcy1pbi1hcmVhcy1kZXNwaXRlLWRlYXRoLXRvbGwtdG9wcGluZy00MDAwLTQzMjMzNQ==,PICKUP,"DRCで過去最大規模のエボラ流行（死者4,018人、致死率48.4%）が継続しており、IHR基準の複数（深刻な公衆衛生影響、異常事態、国際拡大リスク）に該当するためフルリスク評価が必要。",Ebola,Kinshasa City; Kinshasa; Democratic Republic of the Congo,,"DR Congo says Ebola outbreak eases in areas despite death toll topping 4,000",2026-10-03T03:49:34+00:00,https://qazinform.com/news/dr-congo-says-ebola-outbreak-eases-in-areas-despite-death-toll-topping-4000-432335,ENGLISH,humans,"As of 2026-10-02, the Ebola outbreak in the Democratic Republic of the Congo shows localized improvement but remains deadly. Authorities report 4,018 deaths among 8,300 confirmed cases across seven provinces, with a case fatality rate of 48.4% and 2,162 recoveries. Of 63 health zones affected since the outbreak began in May, 12 have reported no new cases for 42 days, indicating the outbreak is now concentrated in individual health zones rather than provinces. Health Minister Roger Kamba, speaking in Kinshasa, described the situation as highly variable but improving in parts of the country. Medecins Sans Frontieres warns the official toll may undercount the true impact due to surveillance and case-detection gaps. The outbreak is the largest and deadliest on record in the DRC and the second largest globally.",Yes,Yes,Yes,不明,3,Yes,Yes,Yes,Yes,Yes,5,Yes,Yes,Yes,DRCで記録上最大・最も致死率の高いエボラ流行が継続中。63保健地区中12地区で42日間新規症例なしと改善傾向も見られるが、MSFは公式統計が実態を過小評価している可能性を指摘しており、サーベイランス・症例検出のギャップが懸念される。,
aHR0cHM6Ly9pb2wuY28uemEvaW9zL25ld3MvMjAyNi0xMC0wMy1lYm9sYS1vdXRicmVhay1leGNlZWRzLTgtMDAwLWNhc2VzLw==,PICKUP,致死率48.4%の大規模エボラアウトブレイクがDRCで7州に拡大し、国際支援（米国の資金拠出）が行われるなど、IHR基準・WPRO基準の複数に該当する重大なシグナルである。,Ebola,Africa; Ituri; Tshopo; Democratic Republic of the Congo,,Ebola outbreak exceeds 8 000 cases,2026-10-03T04:18:34+00:00,https://iol.co.za/ios/news/2026-10-03-ebola-outbreak-exceeds-8-000-cases/,ENGLISH,humans,"Ebola outbreak in the Democratic Republic of Congo surpasses 8,000 cases, with 8,067 cases, 3,901 deaths and 2,070 recoveries (48.4% fatality) since mid-May, the worst in the country’s history. The outbreak began in Ituri province and has spread to seven provinces, with Ituri, North Kivu and Upper-Uele accounting for the majority. Case numbers have levelled off, but Africa CDC says the outbreak is not under control. The Bundibugyo strain is involved; there is no approved vaccine or treatment, though several therapies and vaccines are in trials. The response is hampered by scarce resources in remote areas, armed groups restricting movement, and mistrust fueling violence against humanitarian staff, including a health worker killed at a North Kivu checkpoint. A complete shortage of stocks of an experimental Bundibugyo vaccine exists in Tshopo; Ervebo vaccine against the Zaire strain has begun to be administered to frontline staff in a trial. About 70,000 doses were allocated in August, and the United States pledged $267 million last week.",Yes,Yes,Yes,不明,3,Yes,Yes,Yes,Yes,Yes,5,Yes,Yes,Yes,DRC史上最悪規模のエボラアウトブレイク。Bundibugyo株で承認ワクチン・治療薬なし、武装勢力による活動妨害・医療従事者への暴力も発生。米国が2.67億ドルを拠出するなど国際的関与が顕著。,
aHR0cHM6Ly93d3cuc2V0bi5jb20vbmV3cy8xOTE2Njc1,DISMISS,季節性インフルエンザの通常の流行拡大に関する情報であり、IHR基準・WPRO基準いずれも該当せず、対象国における新規・異常な公衆衛生事象とは言えない。,COVID-19; Human Infection with Swine Influenza A H1N1; Influenza,Republic of Korea; United States; Japan; People's Republic of China; Hong Kong Special Administrative Region; Republic of Singapore; Taiwan,Be careful when traveling to Japan: 'Influenza rising for nine consecutive weeks'! Tokyo and Okinawa cases surge; Taiwan CDC reveals one tip to protect the lungs and heart.,飛日本小心「流感連升9週」！東京、沖繩病例暴增 疾管署揭1招護肺顧心,2026-10-03T04:17:48+00:00,https://www.setn.com/news/1916675,CHINESE,humans,"Influenza activity is rising in Japan for a ninth consecutive week, with Okinawa, Tokyo, and Aichi reporting the highest case counts. Across Japan, 44 of 47 prefectures show increases; Kanagawa and Chiba among top areas. The surge, starting around week 30, may be linked to travel during Silver Week. The H1N1 strain remains dominant, and adults aged 70 and older account for about 47.5% of cases. Taiwan’s CDC notes rising influenza activity in neighboring countries—China, Hong Kong, Korea, and Singapore—and also in the United States. In response, Taiwan began the 'Left-Flow, Right-New' vaccination program on October 1, encouraging people to receive influenza and COVID-19 vaccines to reduce severe disease. Vaccination uptake has been strong: influenza doses around 601,000; COVID doses around 209,000, both higher than last year; flu shots hit a daily record of 335,000 on Oct 2, the highest since 2021.",No,No,No,No,0,No,No,Yes,No,No,1,Yes,Yes,No,記事の主題は日本の季節性インフルエンザ流行および台湾の予防接種キャンペーンであるが、日本・台湾・韓国・香港・シンガポール・米国は対象国リストに含まれない。中国（香港含む）のみ対象国として言及されているが、具体的な感染状況の詳細は乏しく、単なる近隣国の動向報告に留まる。,
aHR0cHM6Ly91ZG4uY29tL25ld3Mvc3RvcnkvNzMyNi85NzkyMzM5,DISMISS,台湾における輸入例・散発的な国内感染であり、既知の季節性デング熱対策の一環。対象国リストに該当する国での発生事例ではなく、公衆衛生上の深刻な影響や異常性も認められない。,Dengue,Kaohsiung; Tainan; Taiwan; Xinshi District; Kaohsiung; Republic of Maldives; Malaysia; Taiwan,"Autumn Dengue Prevention Still Essential! Tainan Reports 9th Imported Case; 1,287 Positive Breeding Containers Seized.",秋天仍要防登革熱！台南增第9例境外移入 查獲1287個陽性孳生容器,2026-10-03T04:22:57+00:00,https://udn.com/news/story/7326/9792339,CHINESE,humans; vectors,"Taiwan reports continued dengue activity in 2026. In Tainan, on Oct 2, 2026, one imported dengue case was confirmed: a Filipino man in his 20s from Gangqian Li, Xinshi District, who developed fever and headache on Sept 29, flew through Kaohsiung airport on Oct 1 after an NS1 positive at airport quarantine, with PCR confirmation on Oct 2. This marks Tainan’s ninth imported case of the year; the patient is hospitalized until viremia resolves. Nationwide, through Oct 2, 2026, 179 dengue cases have been recorded, including 12 local transmissions and 167 imported, with Vietnam the top source, followed by Indonesia, the Philippines, the Maldives, and Malaysia. Authorities emphasize continued vigilance as daytime temperatures (25–27°C) favor Aedes mosquitoes. The Dengue Prevention Center reports 1,287 positive breeding containers from January–September (63.4% barrels, jars, pots) and promotes inspect, drain, clear, scrub. Clinicians are urged to apply TOCC screening and NS1 testing for travellers with fever and suspected dengue.",No,No,No,No,0,No,No,No,No,No,0,No,No,No,記事の主題は台湾（台南・高雄）における輸入デング熱症例の報告であり、台湾は対象国リストに含まれない。ベトナム・インドネシア・フィリピン・モルディブ・マレーシアは輸入元として言及されているのみで、各国での発生が主題ではないため verified_locations には含めない。,
aHR0cHM6Ly9haW1kaWdpdGFsLmNvbS5hci9pbnRlcm5hY2lvbmFsZXMvbXMtZGUtNDAwMC1tdWVydG9zLWVuLXJlcGJsaWNhLWRlbW9jcnRpY2EtZGVsLWNvbmdvLXBvci11bi1icm90ZS1kZS1ib2xhLmh0bQ==,PICKUP,"致死率約48%・8,300例超・4,000人以上の死亡という深刻な公衆衛生インパクトがあり、武力紛争による対応困難・国際支援(米仏の資金拠出)も確認されるためフルRRAへの移行が必要。",Ebola,Ituri; Democratic Republic of the Congo; United States; Republic of France,"More than 4,000 dead in the Democratic Republic of the Congo due to an Ebola outbreak.",Más de 4.000 muertos en República Democrática del Congo por un brote de ébola,2026-10-03T04:26:19+00:00,https://aimdigital.com.ar/internacionales/ms-de-4000-muertos-en-repblica-democrtica-del-congo-por-un-brote-de-bola.htm,SPANISH,humans,"Ebola outbreak in the Democratic Republic of the Congo has caused more than 4,000 deaths and surpassed 8,000 confirmed cases (4,018 deaths among 8,300 cases; 2,162 recoveries; case fatality rate ~48.4%). Detected mid-May in Ituri province (northeast), it has spread to northern and eastern regions. Ongoing armed conflict, displacement, and limited healthcare access hinder containment. In North Kivu, four deaths have occurred among six cases; area controlled by anti-government M23 group. Violence has displaced over 5,000 people per UN; a transit center for Ebola patients was burned after soldiers entered a displacement camp; a contractor involved in case finding was killed at a health center. Population distrust complicates prevention and contact tracing. Vaccines and therapies are under study; Bundibugyo genotype drives this outbreak. The Ervebo vaccine is being administered to frontline workers as part of a clinical trial, previously shown effective against the Zaire variant. France allocated €13.4 million (Jan–Jul) and the United States €237 million to bolster the response.",Yes,Yes,Yes,不明,3,Yes,Yes,Yes,Yes,Yes,5,Yes,Yes,Yes,米国・フランスの資金拠出はDRC国内への支援であり、米国・フランス自体での発生ではないためverified_locationsから除外。武力紛争(M23支配地域)による対応妨害が流行拡大の主要因。,
aHR0cHM6Ly93d3cuamFncmFuLmNvbS9ndWphcmF0L2FobWVkYWJhZC1ndWphcmF0LWRlbmd1ZS0yNC1uZXctY2FzZXMtYmVmb3JlLW5hdGlvbmFsLXVuaXR5LWRheS1wYXJhZGUtbWFoYXJhc2h0cmEtdXAtYmloYXItYXR0ZW5kZWVzLXRlc3QtcG9zaXRpdmUtNDAzOTI4MDUuaHRtbD9hcHA9dHJ1ZQ==,WATCH,デング熱はインドで季節性・流行性の疾患であり単発のクラスターは通常対応可能だが、複数州からの参加者間での集団発生であり感染源未特定のため経過観察とする。,Dengue,State of Mahārāshtra; Gandhinagar; State of Bihār; State of Chhattīsgarh; State of Gujarāt; State of Kerala; Uttar Pradesh; Republic of India,"24 new dengue cases in Gujarat, people who had gone from Uttar Pradesh and Bihar to participate in the National Unity Day parade fell ill.","गुजरात में डेंगू के 24 नए मामले, यूपी-बिहार से 'राष्ट्रीय एकता दिवस' परेड शामिल होने गए लोग पड़े बीमार - gujarat dengue 24 new cases before national unity day parade maharashtra up bihar attendees test positive",2026-10-03T04:13:00+00:00,https://www.jagran.com/gujarat/ahmedabad-gujarat-dengue-24-new-cases-before-national-unity-day-parade-maharashtra-up-bihar-attendees-test-positive-40392805.html?app=true,HINDI,humans,"Laboratory-confirmed dengue cases total 24 in Gandhinagar, Gujarat, amid National Unity Day preparations. Participants from Uttar Pradesh, Maharashtra, Kerala, Bihar and Chhattisgarh gathered for the October 31 parade at Unity Nagar and were housed in a large Gandhinagar hostel complex. At Gandhinagar Civil Hospital, 34 people were admitted on Thursday; 23 were dengue-confirmed. By Friday afternoon, five more admissions occurred, including one additional confirmed case and four suspected. About 10 patients have been discharged; the remainder are stable with no severe complications reported. Most confirmed patients are aged 25–30 years. Transmission source has not been officially determined. Public health authorities in the district and state have been alerted for formal investigations; emergency room activity has not spiked beyond those hospitalized.""",No,No,No,No,0,No,No,不明,Yes,No,1,Yes,Yes,No,重症例なし、国内の地方公衆衛生当局が調査中。デング熱はインドの流行地域で季節性に発生するため特段の異常性は低いが、複数州からの参加者間クラスターのため感染源調査の続報を注視。,
aHR0cHM6Ly9uZXdzLnR2YnMuY29tLnR3L2xpZmUvNDAzMTAyMA==,WATCH,季節性インフルエンザ（H1N1優勢株）の流行が複数国・地域で報告されているが、中国に関する具体的な症例数や重症度のデータが乏しく、通常の季節性変動の範囲内か判断するには情報不足。,Human Infection with Swine Influenza A H1N1; Influenza,Republic of Korea; United States; Japan; People's Republic of China; Hong Kong Special Administrative Region; Republic of Singapore; Taiwan,"Travel Alert: Japan's flu has risen for nine consecutive weeks, with these three areas more severely affected; Mainland China, Hong Kong, and Korea are also on the rise.",出國注意！日本流感連9週增加「這三地」較嚴重　中港韓星都升溫,2026-10-03T04:37:55+00:00,https://news.tvbs.com.tw/life/4031020,CHINESE,humans,"Taiwan CDC reports Japan's influenza activity has risen for nine consecutive weeks, with Okinawa, Tokyo, Aichi, Chiba, and Kanagawa the hardest hit among Japan's 47 prefectures. In Week 38 (Sept 14–20), influenza-like illness averaged 8.48 cases, up 53.1% from the previous week and tenfold the year-ago level, with H1N1 as the dominant strain. The public-funded influenza vaccination campaign rapidly expanded, surpassing 600,000 doses in two days. With Silver Week holidays (Sept 19–23) drawing crowds, travelers are advised to take preventive precautions. Beyond Japan, influenza activity is rising in China, Hong Kong, Korea, Singapore, and the United States. Authorities emphasize vigilance for travelers returning from affected areas.",No,No,Yes,No,1,No,不明,不明,Yes,No,2,Yes,不明,No,記事の主眼は日本国内の季節性インフルエンザ流行状況（H1N1優勢）で、台湾CDCが渡航者向けに注意喚起している内容。中国・香港・韓国・シンガポール・米国でも同様の上昇傾向があると簡潔に言及されているのみで、具体的な症例数・重症度データは中国について記載なし。対象国リストに該当するのは中国（香港含む）のみで、韓国・日本・シンガポール・米国は対象外のため除外した。,
aHR0cHM6Ly9saWZlLnR3L2FydGljbGUvJUU1JTg3JUJBJUU1JTlDJThCJUU2JUIzJUE4JUU2JTg0JThGLSVFNiU5NyVBNSVFNiU5QyVBQyVFNiVCNSU4MSVFNiU4NCU5RiVFOSU4MCVBMzklRTklODAlQjElRTUlQTIlOUUlRTUlOEElQTAtJUU5JTgwJTk5JUU0JUI4JTg5JUU1JTlDJUIwLSVFOCVCQyU4MyVFNSU5QSVCNCVFOSU=,PICKUP,日本を中心に複数の国・地域で季節性インフルエンザ（H1N1優勢）の増加が報告され、台湾CDCが渡航注意喚起を行うなど社会的・行政的関心が高まっているため、フルリスク評価への移行が妥当と判断。,Human Infection with Swine Influenza A H1N1; Influenza,Republic of Korea; United States; Japan; People's Republic of China; Hong Kong Special Administrative Region; Republic of Singapore; Taiwan,"Heads up when traveling abroad! Japan's influenza has risen for nine consecutive weeks, with these three regions more severely affected; Mainland China, Hong Kong, and South Korea are all on the rise | LIFE生活網",出國注意！日本流感連9週增加「這三地」較嚴重　中港韓星都升溫 | LIFE生活網,2026-10-03T04:37:55+00:00,https://life.tw/article/%E5%87%BA%E5%9C%8B%E6%B3%A8%E6%84%8F-%E6%97%A5%E6%9C%AC%E6%B5%81%E6%84%9F%E9%80%A39%E9%80%B1%E5%A2%9E%E5%8A%A0-%E9%80%99%E4%B8%89%E5%9C%B0-%E8%BC%83%E5%9A%B4%E9%87%8D-%E4%B8%AD%E6%B8%AF%E9%9F%93%E6%98%9F%E9%83%BD%E5%8D%87%E6%BA%AB-3168089,CHINESE,humans,"Japan’s influenza activity has risen for nine consecutive weeks, with Okinawa, Tokyo, Aichi, Chiba, and Kanagawa as the most affected prefectures. In Week 38 (Sept 14–20), the average influenza-like illness cases reached 8.48, up 53.1% from the prior week and about tenfold year-on-year, with H1N1 the dominant strain. Taiwan’s CDC cautions travelers as Japan’s Silver Week holidays (Sept 19–23) drive dense movement, potentially fueling transmission. Other regions—China, Hong Kong, South Korea, Singapore, and the United States—are also experiencing rising influenza activity. Public-funded influenza vaccination in Taiwan surpassed 600,000 doses within two days, reflecting high uptake ahead of travel and holidays. Ongoing surveillance indicates renewed transmission risk in East Asia and beyond.",No,不明,不明,No,0,Yes,不明,Yes,Yes,No,3,Yes,Yes,No,記事は季節性インフルエンザ（H1N1主体）の増加傾向を報じるもので、日本・韓国・米国・シンガポール・台湾は対象国リスト外のため除外。香港は中国として扱い、中国本土と香港の増加傾向が言及されているため中国のみ含めた。重症度や死亡例など具体的な公衆衛生インパクトの情報は不明であり、WATCH寄りの要素も強いが、渡航注意喚起等の社会的関心の高まりからPICKUPと判定。,
aHR0cHM6Ly93d3cubmV3a2VyYWxhLmNvbS9uZXdzL2EvZHItY29uZ28tc2F5cy1lYm9sYS1vdXRicmVhay1lYXNlcy1hcmVhcy1kZWF0aC05MjkuaHRt,PICKUP,致死率48.4%、死者4000人超の大規模エボラ流行で、紛争による対応阻害や国際的拡大リスクがあり、IHR基準・WPRO基準ともに複数該当する。,Ebola,Ituri; Democratic Republic of the Congo,,"DR Congo Ebola outbreak eases in some zones as deaths top 4,000",2026-10-03T04:28:53+00:00,https://www.newkerala.com/news/a/dr-congo-says-ebola-outbreak-eases-areas-death-929.htm,ENGLISH,humans,"DR Congo's Ebola outbreak, declared in May, has claimed 4,018 lives among 8,300 confirmed cases across seven provinces, with a case fatality rate of 48.4% and 2,162 recoveries. Health authorities report easing in several areas, with 12 of 63 health zones reporting no new cases for 42 days. The outbreak remains concentrated in individual health zones rather than provinces. MSF cautions the true toll may be higher due to gaps in surveillance and case detection. Escalating violence in eastern DRC hampers response; a key transit centre for suspected patients was destroyed at the Kigonze displacement camp in Ituri province. The outbreak is the largest and deadliest in the DRC and the second-largest Ebola outbreak globally after the 2014-2016 West Africa epidemic.",Yes,Yes,Yes,不明,3,Yes,Yes,Yes,Yes,Yes,5,Yes,Yes,Yes,史上2番目の規模のエボラ流行であり、紛争による医療インフラ破壊とサーベイランスギャップにより実際の死者数はさらに多い可能性がある。MSFも過小評価の懸念を指摘。,
aHR0cHM6Ly93d3cuc2F0aHlhbW9ubGluZS5jb20vbmV3cy9uZXdzLWtlcmFsYW0va290dGF5YW0tMTI2MTg2NDQ=,PICKUP,ケララ州でデング熱・水痘を含むウイルス性発熱が継続的に拡大し、医薬品不足や住民の不安など社会的関心が高まっているため、フルリスク評価への移行が妥当と判断。,Varicella; Dengue,State of Kerala; Republic of India,"Viral fevers and infectious diseases spreading across the state; hospitals see a heavy rush of patients; yesterday alone, 6,689 people diagnosed with viral fever; Malappuram district has the highest number of fever cases.","സംസ്ഥാനത്ത് വൈറൽ പനിയും പകർച്ചവ്യാധികളും പടരുന്നു. ആശുപത്രികളിൽ രോഗികളുടെ വൻ തിരക്ക്. ഇന്നലെ മാത്രം 6,689 പേർക്ക് വൈറൽ പനി സ്ഥിരീകരിച്ചു. മലപ്പുറം ജില്ലയിലാണ് ഏറ്റവും കൂടുതൽ പനി ബാധിതരുള്ളത്",2026-10-03T04:41:45+00:00,https://www.sathyamonline.com/news/news-keralam/kottayam-12618644,MALAYALAM,humans,"As of 3 October 2026, Kerala's health department reports a continuing surge of viral fevers and related illnesses. Yesterday, 6,689 people were diagnosed with viral fever across the state, with Malappuram district recording the highest burden, as 1,423 people sought treatment there. Dengue fever cases rose, with 35 laboratory-confirmed dengue diagnoses yesterday, while about 20 chickenpox cases have been reported this month. Palakkad, Kasaragod, and Thiruvananthapuram districts also show sharp rises in fever cases. Hospitals face heavy patient inflows, and medicine shortages persist, aggravated by delays in stock arrivals from other states. The health department says there is no immediate cause for alarm, but fears persist among the public due to drug shortages and ongoing transmission, prompting calls for urgent government action to ensure medicines and supplies.",No,No,No,No,0,No,不明,Yes,Yes,不明,2,Yes,Yes,No,季節性のデング熱・水痘・ウイルス性発熱の増加であり、保健当局は「直ちに警戒すべき状況ではない」としているが、医薬品不足と患者急増による社会的懸念が報告されている。重症度・死亡例に関する情報は不明。,
aHR0cHM6Ly93d3cubmR0di5jb20vaW5kaWEtbmV3cy8yNC1uYXRpb25hbC11bml0eS1kYXktcGFyYWRlLXBlcnNvbm5lbC10ZXN0LXBvc2l0aXZlLWZvci1kZW5ndWUtaW4tZ3VqYXJhdC0xMjEzMjM2Nw==,WATCH,特定の集団（パレード参加者）における局地的なデング熱クラスターであり、インドの季節性デング流行の一環とみられる。国際的拡大や渡航制限のリスクは低いが、大規模イベント前の感染拡大状況として経過観察が必要。,Dengue,State of Mahārāshtra; Gandhinagar; State of Bihār; State of Chhattīsgarh; State of Gujarāt; State of Kerala; Uttar Pradesh; Republic of India,,24 National Unity Day Parade Personnel Test Positive For Dengue In Gujarat,2026-10-03T03:16:28+00:00,https://www.ndtv.com/india-news/24-national-unity-day-parade-personnel-test-positive-for-dengue-in-gujarat-12132367,ENGLISH,humans; vectors,"Dengue outbreak linked to Rashtriya Ekta Diwas preparations in Gujarat. In Gandhinagar, 24 confirmed dengue cases among security and cultural contingents hospitalized out of 34 brought to Gandhinagar Civil Hospital; five more admissions by Friday afternoon included one confirmed and four suspected infections. About 10 patients have recovered. Affected individuals are predominantly 25–30 years old and traveled from across India, including Uttar Pradesh, Maharashtra, Kerala, Bihar and Chhattisgarh, staying at a large hostel in Gandhinagar. The source of transmission is not yet formally identified. Rashtriya Ekta Diwas events are scheduled for Oct 30–31, with a parade at Ekta Nagar on Oct 31 and thousands of participants. Epidemiological teams are surveying accommodations, implementing vector-control measures, and expanding diagnostics. No wider spike in city emergency admissions reported. Gujarat’s dengue season has seen over 2,100 cases from more than 135,000 diagnostic samples.",No,No,No,No,0,No,No,Yes,Yes,No,2,Yes,Yes,No,デング熱はインドで季節性に流行している感染症であり、本件は国民統合記念日の大規模集会前に発生した局地的クラスター。感染源は特定されておらず、ベクター対策が実施中。10月30-31日の大規模イベント開催を控え、感染拡大の可能性を注視する必要がある。,
aHR0cHM6Ly93d3cubmV3c2JpZWxsYS5pdC8yMDI2LzEwLzAzL2xlZ2dpLW5vdGl6aWEvYXJnb21lbnRpL3VsdGltb3JhL2FydGljb2xvL2NvdmlkLXRvcm5hLWEtY3Jlc2NlcmUtaWwtdmlydXMtaW4tZXVyb3BhLWxlc3BlcnRvLWF0dGVuemlvbmUtYWxsYS1udW92YS1wajIxLWUtbG9zc2VydmF0YS5odG1s,DISMISS,季節的な感染再燃であり、専門家も警戒不要としている。重症度や異常性を示す情報はなく、対象国（中国含む）における主体的な発生も確認できない。,COVID-19,United States; Italian Republic; Republic of South Africa; Republic of France,"COVID, is the virus growing again in Europe? The expert: ""Watch out for the new PJ.2.1, it's the variant under special surveillance.""","Covid, torna a crescere il virus in Europa? L'esperto: ""Attenzione alla nuova PJ.2.1, è l'osservata speciale""",2026-10-03T04:48:48+00:00,https://www.newsbiella.it/2026/10/03/leggi-notizia/argomenti/ultimora/articolo/covid-torna-a-crescere-il-virus-in-europa-lesperto-attenzione-alla-nuova-pj21-e-losservata.html,ITALIAN,humans,"COVID-19 is resurfacing in Europe, with France reporting an uptick in cases by late September 2026, though overall circulation remains low and no alarm is raised in Italy or across Europe. Italian expert Federico Gueli describes a normal seasonal resurgence linked to school reopening. The WHO tracks four Variants Under Monitoring: XFG and NB.1.8.1, plus BA.3.2 (a South African lineage impacting children) and PQ.16.1.1 (China-origin, D420N). PQ.16.1.1 spread across Asia, the US, and Oceania but has limited impact in Western populations with existing immunity. Since spring 2025 no global-dominant variant has emerged; variants are localized and fragmented, with BA.3.2 and NB.1.8.1's lead contested by XFG. The current trend is post-pandemic, with higher immunity reducing super-spreading events. A new PJ.2.1 variant is under special surveillance.",No,No,No,No,0,No,No,No,No,No,0,No,No,No,記事は欧州（主にフランス・イタリア）における季節的なCOVID-19増加を扱っており、中国はPQ.16.1.1変異株の起源として言及されているのみで、中国国内の発生状況が主題ではないため verified_locations には含めない。,
aHR0cHM6Ly9iYWxpLmFudGFyYW5ld3MuY29tL2Jlcml0YS80MTQ3NTcva2FzdXMtaW5mbHVlbnphLWEtZGktdGFuZ2VyYW5nLXRlbWJ1cy0zMC1yaWJ1LWthc3VzLWRhbGFtLTktYnVsYW4=,WATCH,季節性インフルエンザ様疾患(ISPA)の増加が報告されているが、サブタイプ検査未実施で重症度・死亡例等の情報が不足しており、新規病原体や異常事態と断定できないため経過観察とする。,COVID-19; Influenza; Influenza A; Hendra,Banten; Tangerang; Republic of Indonesia,"Influenza A cases in Tangerang surpass 30,000 in nine months.",Kasus Influenza A di Tangerang tembus 30 ribu kasus dalam 9 bulan,2026-10-03T04:51:43+00:00,https://bali.antaranews.com/berita/414757/kasus-influenza-a-di-tangerang-tembus-30-ribu-kasus-dalam-9-bulan,INDONESIAN,humans; environment,"Influenza A exposure in Tangerang Regency, Banten Province, Indonesia, reached 30,000 cases from January through September 2026. The Tangerang Health Office (Dinkes) head Hendra Tarmizi attributes the surge to extreme weather and prolonged dust pollution from a long dry season. Monthly counts rose from the usual 20,000–25,000 to about 28,000–30,000, with Aug–Sep 2026 showing an increase of roughly 5,000 cases per month. Several healthcare facilities have not conducted laboratory tests to detect Influenza A subtypes, though most acute respiratory infections (ISPA) are attributed to influenza viruses. Transmission is described as rapid, similar to COVID-19, via close contact and droplets. The rise affects all age groups and is spread across all 29 districts of Tangerang Regency. Prevention emphasizes maintaining immune defenses and adhering to health protocols to reduce close contact with cases.",不明,不明,No,No,0,不明,不明,Yes,Yes,不明,2,不明,Yes,不明,記事はインドネシア・タンゲラン県における通常のインフルエンザ様疾患(ISPA)増加を報告したものであり、乾季・大気汚染が主要因とされている。ラボでのサブタイプ確認が行われておらず、実際の病原体や重症度は不明。続報でラボ確認結果や死亡例の有無を注視する必要がある。,
aHR0cHM6Ly93d3cubm93bmV3cy5jb20vbmV3cy82ODgwMjc2,PICKUP,季節性インフルエンザ（H1N1主体）が日本で前週比50%増・前年比10倍という異常な増加を示し、中国・香港・韓国・シンガポールでも同時に上昇傾向が見られるため、WPRO基準の複数該当と社会的関心の高まりからフルRRAでの確認が妥当と判断。,COVID-19; Human Infection with Swine Influenza A H1N1; Influenza,Tokyo Prefecture; Tokyo; Republic of Korea; Japan; People's Republic of China; Hong Kong Special Administrative Region; Republic of Singapore,"Holiday travel alert! Flu cases surge in Okinawa and Tokyo, Japan, and Mainland China, Hong Kong and Korean stars are also heating up.",連假出國注意！日本沖繩、東京等地流感病例大增 中港韓星也升溫,2026-10-03T04:48:03+00:00,https://www.nownews.com/news/6880276,CHINESE,humans,"Japan reports a flu surge, especially in Okinawa and Tokyo. In the 38th week (Sept 14–20), influenza-like illness sentinel data show an average of 8.48 cases, up more than 50% from the prior week and tenfold year-on-year, with H1N1 accounting for 98% of detections. Those aged 70+ constitute about 47.5% of cases. Of 47 prefectures, 44 saw increases; Okinawa, Tokyo, Aichi, Kanagawa, and Chiba were highest, possibly linked to Silver Week travel. Separately, flu activity is rising in China, Hong Kong, South Korea, and Singapore. Public-funded vaccination for influenza and COVID-19 begins in October, with Stage 1 from Oct 1 for seniors 65+, Indigenous 55+, preschoolers (6 months–before primary), high-risk groups, pregnant women, parents of infants, and care/health staff; Stage 2 from Nov 2 expands to adults 50+ with no high-risk chronic disease. Oct 1–2 totals: influenza vaccines 601,000 doses; COVID vaccines 209,000, with a daily flu vaccination record of 335,000 on Oct 2.",不明,Yes,No,No,1,Yes,不明,Yes,Yes,No,3,Yes,Yes,No,記事の主題は日本（沖縄・東京等）のインフルエンザ流行であり、日本・韓国・香港・シンガポールは対象国リストに含まれないため除外。中国（香港含む）については『flu activity is rising』と明記されているため対象国として含めた。H1N1は季節性株であり新型株出現の情報はない。重症度（入院・死亡）に関する具体的データは記事になく不明。,
aHR0cHM6Ly9pbmRpYW5leHByZXNzLmNvbS9hcnRpY2xlL3dvcmxkL3J1c3NpYS1wbGFndWUtbGFiLXdvcmtlci1kaWVzLW5lYXJseS0yMDAtdW5kZXItb2JzZXJ2YXRpb24tMTA5MDQ3NDAv,PICKUP,シベリアの研究所職員が肺ペスト疑いで死亡し、約200人が観察下に置かれ病院が隔離されるなど、重篤性・異常性ともに高い事例であるため。,Pneumonic Plague; Plague,Irkutskaya Oblast’; Irkutsk; Shelekhov; Yunnan Sheng; Russian Federation; Republic of Madagascar,,"Plague in Russia? Lab worker dies in Siberia, hospital quarantined",2026-10-03T04:33:30+00:00,https://indianexpress.com/article/world/russia-plague-lab-worker-dies-nearly-200-under-observation-10904740/,ENGLISH,humans; environment,"Laboratory worker in Russia’s Irkutsk region, Siberia, died of plague, prompting hospital quarantine and medical observation for about 200 people. The Irkutsk anti-plague institute employee, Daria Sh. (27–28), was hospitalized in Shelekhov with severe pneumonia, placed on a ventilator, and died Thursday; officials have described the illness as a particularly dangerous infection, with media outlets noting suspected pneumonic plague. The death report includes an unconfirmed claim that she broke a test tube containing live bacteria. The case involves Yersinia pestis, the plague bacterium, with incubation typically 1–7 days. WHO notes human plague remains endemic in several countries, with most 2019–2025 cases in the Democratic Republic of the Congo and Madagascar. The last major plague pandemic began in Yunnan, China (1855–c.1960). The incident coincides with hospital quarantine and ongoing exposure monitoring in Irkutsk.”} }{}{",Yes,Yes,不明,不明,2,Yes,Yes,不明,Yes,不明,3,Yes,Yes,不明,"事例はロシア・イルクーツク州で発生しており、対象国リスト（Zambia, Philippines, Thailand, Ghana, DRC, Brazil, Indonesia, China, Myanmar, Vietnam, India）には該当しない。記事中のDRC・マダガスカル・中国（雲南省）はWHOの疫学的背景情報・歴史的パンデミック言及であり、現事例の発生地ではないため verified_locations には含めない。",
aHR0cHM6Ly9saWZlc3R5bGUuYmlzbmlzLmNvbS9yZWFkLzIwMjYxMDAzLzEwNi8yMDA5NDE0L2thc3VzLWluZmx1ZW56YS1kaS1pbmRvbmVzaWEtbmFpay1rZW5hbGktZ2VqYWxhLWRhbi1wZW5hbmdhbmFubnlh,DISMISS,季節性インフルエンザの通常の増加であり、緊急事態との明言もなく、重症化や異常性を示す情報もないため見送りとする。,Influenza A; Influenza,Daerah Khusus Ibukota Jakarta; Jakarta,Influenza Cases in Indonesia Rise; Learn the Symptoms and Their Management.,"Kasus Influenza di Indonesia Naik, Kenali Gejala dan Penanganannya",2026-10-03T05:05:41+00:00,https://lifestyle.bisnis.com/read/20261003/106/2009414/kasus-influenza-di-indonesia-naik-kenali-gejala-dan-penanganannya,INDONESIAN,humans,"Influenza cases rise in Indonesia, with Jakarta-based Health Ministry (Kemenkes) data cited by Bisnis.com showing a late-September 2026 uptick (week 38). Of 265 specimens tested, 148 were positive for influenza (56% positivity), reflecting seasonal activity rather than a crisis. Influenza, primarily caused by influenza A and B, circulates in Indonesia’s tropical climate, aided by seasonal transition and increased mobility. Common symptoms include fever, cough, runny nose, sore throat, muscle aches, headache, and fatigue; most patients recover within about one week, and many do not require hospitalization, though complications can threaten the young, elderly, pregnant women, and those with comorbidities. Management emphasizes rest, hydration, and acetaminophen or ibuprofen for symptoms; antibiotics and aspirin should be avoided in children. No current emergency status; guidance urges staying home to limit transmission. Locations: Indonesia, Jakarta.",No,No,No,No,0,No,No,No,No,No,0,No,No,No,記事は季節性インフルエンザに関する一般的な健康情報記事であり、緊急性や異常な拡大の兆候はない。,
aHR0cHM6Ly90dy5uZXdzLnlhaG9vLmNvbS8lRTklODAlQTMlRTUlODElODclRTUlODclQkElRTUlOUMlOEIlRTklOTglQjIlRTYlQjUlODElRTYlODQlOUYtJUU2JTk3JUE1JUU2JTlDJUFDJUU2JUIyJTk2JUU3JUI5JUE5LSVFNiU5RCVCMSVFNCVCQSVBQyVFNyVBRCU4OSVFNyU5NiVBQiVFNiU4MyU4NSVFNSU4RCU4NyVFNiU=,WATCH,季節性インフルエンザ(H1N1)の例年以上の急増が日本で9週連続して続いており、台湾CDCも他国での流行拡大を指摘しているが、既知の病原体であり渡航制限等の措置は報告されていないため、フルRRAには及ばず経過観察とする。,COVID-19; Human Infection with Swine Influenza A H1N1; Influenza,Republic of Korea; United States; Japan; People's Republic of China; Hong Kong Special Administrative Region; Republic of Singapore; Taiwan,"Long holiday travel abroad to guard against influenza as outbreaks rise in Okinawa, Tokyo, and other parts of Japan.",連假出國防流感　日本沖繩、東京等疫情升溫,2026-10-03T04:48:03+00:00,https://tw.news.yahoo.com/%E9%80%A3%E5%81%87%E5%87%BA%E5%9C%8B%E9%98%B2%E6%B5%81%E6%84%9F-%E6%97%A5%E6%9C%AC%E6%B2%96%E7%B9%A9-%E6%9D%B1%E4%BA%AC%E7%AD%89%E7%96%AB%E6%83%85%E5%8D%87%E6%BA%AB-044803190.html,CHINESE,humans,"Japan sees influenza activity rise for the ninth straight week, with 44 of 47 prefectures reporting increases; Okinawa, Tokyo, Aichi, Kanagawa, and Chiba have the highest counts. Sentinel data show an average of 8.48 influenza-like illness cases, up over 50% from last week and tenfold the same period last year, with H1N1 accounting for 98%. Individuals aged 70+ comprise 47.5% of cases. The surge is likely linked to Silver Week travel. Taiwan's CDC notes rising influenza activity also in China, Hong Kong, Korea, Singapore, and the United States. Public-funded vaccination for influenza and COVID-19 began in October in two stages: Stage 1 (from Oct 1) for seniors 65+, Indigenous 55+, preschoolers 6 months–before school, high-risk groups, pregnant women, caregivers, and frontline workers; Stage 2 (from Nov 2) expands to adults 50+ without high-risk chronic conditions. Oct 1–2 totals: flu vaccines 601k, COVID vaccines 209k (YoY +9% and +19%); Oct 2 daily flu shots 335k, a record higher than 318k on Oct 3, 2025.",No,不明,No,No,0,Yes,不明,Yes,Yes,No,3,Yes,Yes,No,記事の主題は日本国内の季節性インフルエンザ流行であり、日本・韓国・米国・シンガポール・台湾は対象国リスト外のため除外。中国・香港は『流行拡大』の確認的言及があるため中国として計上（香港を含む）。,
aHR0cHM6Ly9lbHNpeWFzYS5jb20vYXJ0aWNsZS80MzE1MTM=,PICKUP,"DRCでのエボラ大規模アウトブレイク(8,300症例、死者4,000人超)が7州に拡大し、武装勢力の影響で対応が妨げられており、IHR基準・WPRO基準ともに複数該当する重大シグナル。",Ebola,Ituri; Democratic Republic of the Congo; Republic of Rwanda,"Ebola claims more than 4,000 lives in the Democratic Republic of the Congo.",إيبولا يحصد أكثر من 4 آلاف وفاة في الكونغو الديمقراطية,2026-10-03T05:11:00+00:00,https://elsiyasa.com/article/431513,ARABIC,humans,"Across the Democratic Republic of the Congo, Ebola has claimed more than 4,000 lives amid 8,300 confirmed cases and 2,162 recoveries, in the nation’s seventeenth outbreak. Originating in Ituri province in the northeast, the outbreak has spread to seven provinces in the north and east, with response hampered by resource shortages, armed groups, and public distrust. In North Kivu, the M23 movement, backed by Rwanda, has reported 6 Ebola cases, including 4 deaths, in areas under its control. The latest data underscore the severity of the seventh and ongoing outbreak. Friday's update documents 8,300 infections, 4,018 deaths, and 2,162 recoveries as the outbreak remains active.",Yes,Yes,Yes,不明,3,Yes,Yes,Yes,Yes,Yes,5,Yes,Yes,Yes,ルワンダは発生地域に含まれるが、記事サマリーではRwanda領内での感染事例は言及されておらず、M23勢力の背景説明のみのため verified_locationsから除外した。,
aHR0cHM6Ly93d3cuY25hLmNvbS50dy9uZXdzL2FoZWwvMjAyNjEwMDMwMDc0LmFzcHg=,DISMISS,台湾における輸入性デング熱の個別症例であり、検疫で検出・隔離管理されているため公衆衛生上の深刻な影響や異常性は認められない。フィリピンは感染源国として言及されているが、発症・感染自体はフィリピン国内での曝露によるものであり、対象国での新規発生事例ではない。,Dengue,Kaohsiung; Tainan; Taiwan; Xinshi District; Kaohsiung; Republic of Maldives; Malaysia; Taiwan,Tainan's ninth imported dengue fever case; Filipino male migrant worker detected on entry.,台南第9例登革熱境外移入　菲律賓男移工入境檢出,2026-10-03T04:51:00+00:00,https://www.cna.com.tw/news/ahel/202610030074.aspx,CHINESE,humans; vectors,"Taiwan reports its ninth imported dengue fever case in Tainan City: a Filipino male migrant worker in his 20s. He developed fever and headache while in the Philippines on Sept 29, arrived at Kaohsiung International Airport on Oct 1, and tested NS1 positive at quarantine, subsequently hospitalized in Tainan. Dengue was laboratory-confirmed on Oct 2. He had planned to work in Xinshi District, Tainan, and did not enter the community during hospitalization; investigators conducted health education, residence/workplace inspections, and mosquito-control measures. Nationally, Taiwan totals 179 dengue cases (12 locally acquired, 167 imported) as of Oct 2, with imported infections mainly from Vietnam, followed by Indonesia, the Philippines, the Maldives, and Malaysia.",No,No,No,No,0,No,No,No,No,No,0,No,No,No,記事の主題は台湾（対象国リスト外）での輸入症例報告。フィリピンは感染源として言及されているのみで、フィリピン国内での感染拡大事例ではないためverified_locationsには含めない。,
aHR0cHM6Ly93d3cuc2VjcmV0Y2hpbmEuY29tL25ld3MvYjUvMjAyNi8xMC8wMy8xMTA1NjE3Lmh0bWw=,PICKUP,ラオス・ベトナムでのASF拡大に伴い、中国本土への家畜由来製品流入と複数省での感染リスク上昇が報告され、国際的拡大と貿易・輸送制限（省間輸送禁止、輸入禁止）が確認されるため。,African Swine Fever; Foot And Mouth Disease,Hunan Sheng; Guizhou Sheng; Fujian Sheng; Guangxi Zhuangzu Zizhiqu; Jiangxi Sheng; Guangdong Sheng; Chongqing Shi; Chongqing; Sichuan Sheng; Zhejiang Sheng; Yunnan Sheng; Lao People's Democratic Republic; Socialist Republic of Vietnam; People's Republic of China,Reported: One million swine fever–infected pigs from Laos have entered China and been processed into cured pork products and other ready-to-eat meats; at least one person has been poisoned (Photo).,傳老撾百萬頭瘟豬進入中國 被製成臘肉熟食已有人中毒(圖) - 大陸時政 -,2026-10-03T05:05:39+00:00,https://www.secretchina.com/news/b5/2026/10/03/1105617.html,CHINESE,humans; animals,"African swine fever (ASF) outbreaks in Laos and Vietnam have raised cross-border fears in China. Lao authorities report ASF spread to 7 provinces and 91 counties, with 14,002 pigs dead, prompting nationwide bans on inter-provincial transport of live pigs and pig products and prohibiting live-pig imports. In Vietnam, outbreaks have been reported in a northern province (Thai Nguyen) and in the southern Kiên Giang Province, with the latter accounting for 16 outbreaks this year affecting about 88 farms. In China, reports from social platforms claim large numbers of dead pigs from Laos are entering the mainland and being processed into cured pork products and ready-to-eat meats; meanwhile, multiple Chinese regions—including Jiangxi, Fujian, Zhejiang, Guangdong, Guangxi, Yunnan, Guizhou, Sichuan, Hunan, and Chongqing—face rising ASF risk and associated transport/hygiene concerns. Official Chinese updates mention only a September report of swine O-type foot-and-mouth disease in Chongqing; the authenticity of broader claims is questioned. At least one poisoning case linked to the meat has been reported (Staphylococcus aureus).",No,No,Yes,Yes,2,不明,No,Yes,Yes,不明,2,Yes,Yes,不明,ASF自体はヒトに感染しない動物疾病だが、SNS上の未確認情報（ラオス産死亡豚の加工肉流入）と食中毒事例（黄色ブドウ球菌、別病原体）が混在している点に留意。中国当局は9月の重慶での豚O型口蹄疫のみ公式確認しており、広範な流入の真偽は未確認。ラオスは対象国リストに含まれないため verified_locations から除外。,
aHR0cHM6Ly93d3cuc2VjcmV0Y2hpbmEuY29tL25ld3MvZ2IvMjAyNi8xMC8wMy8xMTA1NjE3Lmh0bWw=,WATCH,ラオス・ベトナムでのアフリカ豚熱（ASF）拡大と中国への越境流入疑惑があるが、人体健康被害は別原因（黄色ブドウ球菌食中毒）であり、公式には重慶での口蹄疫のみ確認とされ情報の真偽が不確実なため、続報を注視する。,African Swine Fever; Foot And Mouth Disease,Hunan Sheng; Guizhou Sheng; Fujian Sheng; Guangxi Zhuangzu Zizhiqu; Jiangxi Sheng; Guangdong Sheng; Sichuan Sheng; Chongqing Shi; Chongqing; Tỉnh Sơn La; Zhejiang Sheng; Yunnan Sheng; Lao People's Democratic Republic; Socialist Republic of Vietnam; People's Republic of China,Report: A million swine fever–infected pigs from Laos have entered China and have been processed into cured pork and ready-to-eat foods; at least one person has been poisoned (Photo) - Mainland Politics.,传老挝百万头瘟猪进入中国 被制成腊肉熟食已有人中毒(图) - 大陆时政 -,2026-10-03T05:02:15+00:00,https://www.secretchina.com/news/gb/2026/10/03/1105617.html,CHINESE,humans; animals; environment,"African swine fever (ASF) outbreaks are spreading from Laos into neighboring Vietnam, raising concerns for China. Laos reports ASF across seven provinces and 91 counties, with 14,002 pig deaths, prompting bans on inter-provincial movement of live pigs and pig products and a prohibition on importing live pigs. Vietnam records new ASF activity in Son La with additional cases in the south. In China, posts from farmers warn of rising ASF risk in East, South and Southwest provinces, including Jiangxi, Fujian, Zhejiang, Guangdong, Guangxi, Yunnan, Guizhou, Sichuan, Hunan and Chongqing, noting high-risk contract-rearing and fattening farms and cross-border transmission risks. A circulating Oct 1–3 claim alleges many Lao diseased pigs entered China to be processed into cured pork and ready-to-eat foods, linked to a poisoning case from Longjiang pig’s feet rice, diagnosed as Staphylococcus aureus intoxication. Official MOA reports only O-type foot-and-mouth disease in Chongqing, casting doubt on broader claims.",No,Yes,Yes,Yes,3,Yes,不明,Yes,Yes,不明,3,Yes,Yes,不明,本件は動物疾病（ASF・口蹄疫）が主題でヒトへの直接感染性はない。報道内の人体中毒事例はASFとは無関係の黄色ブドウ球菌食中毒。ラオスは対象国リストに含まれないため verified_locations から除外。中国当局は『腊肉に豚熱感染豚使用』の噂を否定し、重慶での口蹄疫（O型）のみ公式確認としている点でデマの可能性が指摘されており、情報の信頼性に注意が必要。,
aHR0cHM6Ly93d3cuc2VhdHRsZXBpLmNvbS9uZXdzL3dvcmxkL2luc2lkZS10aGUtc3R1ZHktZm9yLWEtcmVtZWR5LXRvLWZpZ2h0LWNvbmdvLXMtYTIyNDYwNjU1,PICKUP,"コンゴ民主共和国で8,300例超・死亡4,000人規模のエボラ（ブンディブギョウイルス）流行が7州に拡大し、2014-2016年西アフリカの流行規模を超える恐れがあるとWHOが指摘しており、重大な公衆衛生上の脅威である。",Ebola,Ituri; Democratic Republic of the Congo; Republic of Angola,,Inside the study for a remedy to fight Congo's deadliest Ebola outbreak,2026-10-03T05:10:38+00:00,https://www.seattlepi.com/news/world/inside-the-study-for-a-remedy-to-fight-congo-s-a22460655,ENGLISH,humans,"Bundibugyo virus Ebola outbreak in eastern Congo’s Ituri province has logged over 8,300 confirmed cases and about 4,000 deaths since mid-May, with seven provinces affected and the outbreak outpacing efforts to track and slow transmission. A post-exposure prophylaxis trial of Gilead’s oral antiviral obeldesivir enrolled just over 250 participants and aims for nearly 1,000 children and adults over 12 who had contact with a confirmed case within five days and are asymptomatic; half receive a placebo. Participants are monitored daily in person for 21 days, with a 42‑day follow-up by phone. If symptoms develop, they receive supportive treatment. The study is coordinated by ALIMA, with Congo’s National Institute of Biomedical Research and ANRS Emerging Infectious Diseases. Ervebo vaccination is being used for health workers, though its protection against Bundibugyo is still under study. WHO notes the outbreak could surpass West Africa’s 2014–2016 toll of 11,000.",Yes,Yes,Yes,不明,3,Yes,Yes,Yes,Yes,Yes,5,Yes,Yes,Yes,Ituri州はDRCのADM1地域。Angolaは発生地域として挙げられているが記事本文中に具体的な発生言及がないため除外。,
aHR0cHM6Ly90dy5uZXdzLnlhaG9vLmNvbS8lRTUlOEYlQjAlRTUlOEQlOTclRTclQUMlQUM5JUU0JUJFJThCJUU3JTk5JUJCJUU5JTlEJUE5JUU3JTg2JUIxJUU1JUEyJTgzJUU1JUE0JTk2JUU3JUE3JUJCJUU1JTg1JUE1LSVFOCU4RiVCMiVFNSVCRSU4QiVFOCVCMyU5MyVFNyU5NCVCNyVFNyVBNyVCQiVFNSVCNyVBNSVFNSU=,DISMISS,台湾における個別の輸入デング熱症例であり、検疫で検出・隔離対応済みで公衆衛生上の深刻な影響や異常性は認められない。,Dengue,Kaohsiung; Tainan; Taiwan; Kaohsiung; Republic of Maldives; Malaysia; Republic of the Philippines; Taiwan,Tainan's ninth imported dengue fever case; Filipino male migrant worker detected on entry.,台南第9例登革熱境外移入　菲律賓男移工入境檢出,2026-10-03T04:51:58+00:00,https://tw.news.yahoo.com/%E5%8F%B0%E5%8D%97%E7%AC%AC9%E4%BE%8B%E7%99%BB%E9%9D%A9%E7%86%B1%E5%A2%83%E5%A4%96%E7%A7%BB%E5%85%A5-%E8%8F%B2%E5%BE%8B%E8%B3%93%E7%94%B7%E7%A7%BB%E5%B7%A5%E5%85%A5%E5%A2%83%E6%AA%A2%E5%87%BA-045158629.html,CHINESE,humans; vectors,"Taiwan’s Tainan City Health Bureau reports the city’s ninth dengue fever case imported from abroad. The patient is a Filipino migrant worker in his 20s who developed fever and headache on Sep 29 in the Philippines, entered Taiwan Oct 1 at Kaohsiung Xiaogang Airport, and returned a positive NS1 rapid test at airport quarantine. He was hospitalized in Tainan and diagnosed with dengue on Oct 2; he remains hospitalized through the viremic period and will not rejoin the community until recovery. Local health teams conducted education and environmental inspections of his residence and workplace, and carried out mosquito-control measures to eliminate breeding sites. Nationally, Taiwan has 179 dengue cases to date (12 locally transmitted, 167 imported). Import sources are led by Vietnam, followed by Indonesia, the Philippines, Maldives, and Malaysia.",No,No,No,No,0,No,No,No,No,No,0,No,No,No,本事例は台湾（対象国外）における輸入症例。感染源はフィリピンでの曝露とされるため、フィリピンを参考として記載。台湾自体は対象国リストに含まれない。,
aHR0cHM6Ly90aGVhY3RpdmUudGhhaXBicy5vci50aC9uZXdzL3VyYmFuLTIwMjYxMDAz,WATCH,洪水後のレプトスピラ症予防啓発レベルの記事で、現時点では確定症例数や集団発生の規模が不明。ヒト-ヒト感染はなく国際的拡大リスクは低いが、流行しやすい環境（浸水）のため経過観察とする。,Leptospirosis,Bangkok; Bangkok; Lat Krabang; Kingdom of Thailand,Flooding at Romklao Public Housing; Pharmacist Warns of Leptospirosis and Foot Rot from Wading Through Floodwaters | The Active,น้ำท่วมขังเคหะร่มเกล้า ภก.หวั่นโรคฉี่หนู-เท้าเปื่อยจากการลุยน้ำ | The Active,2026-10-03T05:20:24+00:00,https://theactive.thaipbs.or.th/news/urban-20261003,THAI,environment; animals; humans,"Flooding at Romklao Public Housing in Lat Krabang, Bangkok raises leptospirosis and foot rot risk after Sept 25–27 floods. A local pharmacist distributed free anti-leptospirosis meds and basic supplies, warning floodwaters can spread Leptospira, especially with wounds. Early symptoms of leptospirosis include high fever, headache, red eyes, calf pain. Preventive course: two tablets for about seven days; if still exposed after seven days, repeat. Medication should be prescribed by a pharmacist; if allergic, consult a doctor. Leptospirosis can be life-threatening, causing liver failure, kidney failure, and pneumonia. Authorities are draining water in eastern Bangkok, particularly Lat Krabang and Romklao community, using pumps and flood barriers to reduce water levels and prevent backflow.",不明,No,No,No,0,No,不明,Yes,Yes,No,2,Yes,Yes,No,洪水によるレプトスピラ症の予防啓発記事であり、症例数や死亡者数などの具体的な疫学データは記載されていない。地方自治体レベルでの排水対応は行われているが大規模な外部支援要請の情報はなし。,
aHR0cHM6Ly93d3cubWVzc2VuZ2VyLWlucXVpcmVyLmNvbS9hcC9hcF9pbnRlcm5hdGlvbmFsX25ld3MvaW5zaWRlLXRoZS1zdHVkeS1mb3ItYS1yZW1lZHktdG8tZmlnaHQtY29uZ29zLWRlYWRsaWVzdC1lYm9sYS1vdXRicmVhay9hcnRpY2xlXzNiMjgzZDNiLTIwMmEtNWJjNi1iMWY3LTVkZTExMjQwYjgyMi5odG1s,PICKUP,コンゴ民主共和国で同国史上最も致死的とされるエボラ（ブンディブギョウイルス）流行が継続しており、ワクチン・治療薬が未承認という異常事態であるため、IHR基準・WPRO基準ともに複数該当する。,Ebola,Kigali Province; Democratic Republic of the Congo; Republic of Rwanda,,Inside the study for a remedy to fight Congo's deadliest Ebola outbreak,2026-10-03T05:10:38+00:00,https://www.messenger-inquirer.com/ap/ap_international_news/inside-the-study-for-a-remedy-to-fight-congos-deadliest-ebola-outbreak/article_3b283d3b-202a-5bc6-b1f7-5de11240b822.html,ENGLISH,humans,"RWAMPARA, Congo — More than 250 participants have been enrolled in a trial of an investigational drug designed to prevent Ebola infection amid Congo’s fast-moving Bundibugyo virus outbreak, described as the deadliest Ebola outbreak in the Central African country. The drug targets Bundibugyo virus, for which there is currently no approved vaccine or treatment. The trial began in July and is one of several studies launched to provide protection and slow the outbreak. No laboratory-confirmation details, infection sources, or explicit case/death counts are provided in the report. The effort highlights ongoing public health measures in Congo to curb transmission while pursuing additional preventive options against the Bundibugyo ebolavirus in the region.",Yes,Yes,不明,不明,2,Yes,Yes,Yes,Yes,Yes,5,Yes,Yes,Yes,記事はコンゴ民主共和国でのブンディブギョウイルス（エボラ）流行に対する治験薬の研究を中心に記述。ルワンダは発生地域リストに含まれるが、記事サマリー上では出来事の主題として言及されていないため除外した。具体的な感染者数・死亡者数、国際的拡大の有無については記載なし。,
aHR0cHM6Ly90dy5uZXdzLnlhaG9vLmNvbS8lRTUlOEYlQjAlRTclODElQTMlRTYlQjUlODElRTYlODQlOUYlRTklQUIlOTglRTUlQjMlQjAtJUU2JTk3JUE1JUU2JTlDJUFDJUU2JTlBJUI0JUU1JUEyJTlFMTAlRTUlODAlOEQtJUU3JTk2JUJFJUU3JUFFJUExJUU3JUJEJUIyJUU3JUIxJUIyJUU1JUJGJUFCJUU2JTg5JTkzJUU=,WATCH,日本・台湾を中心に季節性インフルエンザ（A/H1N1）が急増しているが、重症度・死亡例データが不明であり、対象国（中国等）への直接的な影響も限定的なため、続報を注視する段階と判断。,COVID-19; Human Infection with Swine Influenza A H1N1; Influenza,Tokyo Prefecture; Tokyo; Republic of Korea; United States; Japan; Hong Kong Special Administrative Region; Republic of Singapore; Taiwan,Taiwan's influenza peak; Japan surges tenfold; Taiwan CDC urges vaccination.,台灣流感高峰、日本暴增10倍　疾管署籲快打疫苗,2026-10-03T05:28:22+00:00,https://tw.news.yahoo.com/%E5%8F%B0%E7%81%A3%E6%B5%81%E6%84%9F%E9%AB%98%E5%B3%B0-%E6%97%A5%E6%9C%AC%E6%9A%B4%E5%A2%9E10%E5%80%8D-%E7%96%BE%E7%AE%A1%E7%BD%B2%E7%B1%B2%E5%BF%AB%E6%89%93%E7%96%AB%E8%8B%97-052822794.html,CHINESE,humans,"Influenza activity is rising in Taiwan and neighboring Japan, prompting vaccination push. Taiwan’s CDC estimates the current wave may peak this week, with weekly influenza visits reaching about 150,000 and the outbreak potentially persisting into mid-November. In Japan, surveillance through Sept 20 reports 31,000 weekly influenza cases nationwide, averaging 8.48 cases per facility and a 53% week-over-week increase, roughly 10 times last year. About 98% of detected strains are A(H1N1), matching Taiwan’s circulating strain; individuals aged 70+ comprise 47.5% of cases. Okinawa is the most affected prefecture, followed by Tokyo, Aichi, Kanagawa, and Chiba, with the surge linked to Silver Week travel and lasting for nine weeks. Other countries also seeing rises: United States, China, Hong Kong, South Korea, and Singapore. Taiwan began publicly funded 'Left-Flow Right-New' influenza vaccination on Oct 1, with high-risk groups urged to vaccinate; vaccination plus COVID-19 vaccines may reduce pneumonia and cardiovascular risk.",不明,No,No,No,0,Yes,不明,Yes,Yes,No,3,Yes,Yes,No,記事の主な舞台は日本・台湾であり、両国とも監視対象国リストに含まれない。中国・香港・韓国・シンガポール・米国も『他国でも増加』として一文で触れられるのみで、主題的な発生国としては確認できないため verified_locations は空とした。季節性インフルエンザ（H1N1優勢株）の通常の流行拡大と考えられるが、日本での前年比10倍増という報告は注視が必要。,
aHR0cHM6Ly93d3cucG9saW1lcm5ld3MuY29tL3RhbWlsbmFkdW5ld3MvY2hlbm5haS1zcGVjaWFsLW1lZGljYWwtY2FtcHMtMTUtem9uZXMtZGVuZ3VlLXR5cGhvaWQtcHJldmVudGlvbi0xMjYxODgzOQ==,DISMISS,通常の季節的な公衆衛生対策（予防キャンプ）の報道であり、異常性や重大な公衆衛生上の脅威を示す情報はない。,Dengue; Typhoid,State of Tamil Nādu; Chennai; Republic of India,Special arrangements in Chennai to prevent dengue and typhoid.,"டெங்கு, டைபாய்டு பாதிப்பை தடுக்க சென்னையில் சிறப்பு ஏற்பாடுகள்",2026-10-03T05:53:45+00:00,https://www.polimernews.com/tamilnadunews/chennai-special-medical-camps-15-zones-dengue-typhoid-prevention-12618839,TAMIL,humans; vectors; environment,"In Chennai, India, on 2026-10-03, the Chennai Metropolitan Corporation’s medical team is conducting special medical camps across 15 zones to prevent dengue, typhoid, and related fevers and to treat affected individuals. The camps are part of a citywide public health effort to curb vector-borne and febrile illnesses. Activities include guidance to residential areas on preventing stagnant water accumulation, mosquito control measures, and the distribution of pamphlets on fever prevention. Public awareness materials emphasize preventing mosquito breeding and fever control. The initiative focuses on early detection and treatment at the camps, aiming to reduce transmission and protect residents from dengue and typhoid outbreaks in the city.",No,No,No,No,0,No,不明,No,No,No,0,No,Yes,No,地方自治体による通常の予防的公衆衛生活動であり、症例数や重症度などの具体的データは記載されていない。,
aHR0cHM6Ly9pdGFsaWEub2ttdWdlbGxvLml0L2NvdmlkLWluLWV1cm9wYS1yaXNvcmdlLWlsLXZpcnVzLW9jY2hpLXN1LXBqLTItMS8=,DISMISS,欧州でのCOVID-19症例増加は報告されているが、重症度の上昇や医療逼迫の証拠はなく、対象国（中国含む）に関する具体的な異常事態の記載もない。状況は「慎重ながら安定」とされている。,COVID-19,Lazio; Campania; Lombardia; Veneto; United States; Italian Republic; Republic of France; Kingdom of Spain; United Kingdom of Great Britain and Northern Ireland,"COVID-19: In Europe the virus is resurging, eyes on PJ.2.1!","Covid: In Europa risorge il virus, occhi su PJ.2.1!",2026-10-03T05:43:58+00:00,https://italia.okmugello.it/covid-in-europa-risorge-il-virus-occhi-su-pj-2-1/,ITALIAN,humans,"As of 3 October 2026, Europe faces renewed COVID-19 activity after a period of relative calm. France records a rise in cases toward the end of September, while Italy reports no alert and keeps the situation under control, aided by reopened schools. The World Health Organization flags four variants of interest: recombinants XFG and NB.1.8.1, plus BA.3.2, which circulated in Europe until last summer, and PQ.16.1.1 from China, which spread in Asia but has not produced a similar impact in Europe or the U.S., where immunity is higher. Since spring 2025 no single variant has become globally dominant; outbreaks are fragmented with countries observing lineages. In Europe, Spain, France and the United Kingdom report rising cases, and most European variants derive from XFG. There is no evidence linking PJ.2.1 to increases in France or Italian regions such as Lombardy, Veneto, Lazio, or Campania. Overall, the situation is cautiously stable.",No,No,No,No,0,No,不明,No,No,No,0,No,No,No,記事は主に欧州（イタリア、フランス、スペイン、英国）のCOVID-19動向を扱っており、対象国リストにある中国はPQ.16.1.1変異株の発生源として言及されているのみで、記事の主題ではないため verified_locations には含めない。,
aHR0cHM6Ly9iYW9sYW9jYWkudm4vbHVjLXllbi1iYW8tdmUtZGFuLXZhdC1udW9pLXRydW9jLWJlbmgtZGljaC10YS1sb24tY2hhdS1waGktcG9zdDkxMTAyNy5odG1s,DISMISS,動物疾病（ASF）であり、ヒトへの公衆衛生上の影響はなく、IHR・WPRO基準にも該当しないため見送り。,African Swine Fever,Tỉnh Yên Bái; Yên Bái; Lục Yên; Socialist Republic of Vietnam,Lục Yên protects its livestock herds from African swine fever.,Lục Yên bảo vệ đàn vật nuôi trước bệnh dịch tả lợn châu Phi,2026-10-03T05:06:46+00:00,https://baolaocai.vn/luc-yen-bao-ve-dan-vat-nuoi-truoc-benh-dich-ta-lon-chau-phi-post911027.html,VIETNAMESE,animals,"African swine fever (ASF) threatens pig farming in Lục Yên Commune, Yen Bai Province, Vietnam. About 14,800 pigs are raised in backyards and small farms. Authorities urge strict biosecurity: daily housing cleaning and disinfection, ready disinfectants and lime, weekly environmental treatment, and restricted entry of people and vehicles. Maintain clean water, feed only properly cooked scraps, monitor health, and report suspected cases to veterinary authorities rather than selling or slaughtering sick pigs. From Feb 8 to Sep 23, 2026, ASF has affected 31 communes/wards with 2,364 pigs infected, dead, or culled, totaling 97.7 tons; seven communes remain within a 21-day window. Proactive prevention protects herds, production, environment, and the local economy.",No,No,No,No,0,No,No,No,No,No,0,No,Yes,No,アフリカ豚熱は動物（豚）のみに影響する疾病でヒトへの感染リスクはない。地域の畜産業への経済的影響に関する記事であり、公衆衛生上のシグナルではない。,
aHR0cHM6Ly93d3cuYXNpYW5ldG5ld3MuY29tL2xvY2FsLW5ld3MvbWVhc2xlcy1zcHJlYWRzLWluLWtpZHMtaW4tc3RhdGUtbG9zdC10aHJlZS1saWZlLWluLW9uZS1tb250aC1hcnRpY2xlc2hvdy1jY3Rmbnc4,WATCH,インドのケララ州で麻疹の症例増加と小児死亡が報告されているが、国際的拡大や渡航制限のリスクは不明であり、ワクチン未接種が要因とみられる局地的流行として経過観察が妥当。,Rubella; Measles,Kozhikode; State of Kerala; Malappuram; Republic of India,Delay in diagnosis and treatment can be fatal; the fifth fever is spreading among children in the state.,"രോഗനിര്‍ണയവും ചികില്‍സയും വൈകിയാല്‍ മരണം വരെ സംഭവിക്കാം, സംസ്ഥാനത്ത് കുട്ടികള്‍ക്കിടയില്‍ അഞ്ചാം പനി വ്യാപിക്കുന്നു",2026-10-03T05:53:19+00:00,https://www.asianetnews.com/local-news/measles-spreads-in-kids-in-state-lost-three-life-in-one-month-articleshow-cctfnw8,MALAYALAM,humans,"In Kerala, a vaccine-preventable viral illness referred to as the fifth fever is spreading among children, with Kozhikode reporting 80 confirmed cases this year (vs 30 last year) and Malappuram showing rising numbers. In the past month, one child died in Kozhikode and two in Malappuram, underscoring the danger of delayed diagnosis and treatment. Major symptoms are high fever and body rashes; transmission occurs via airborne spread and close contact. The Measles-Rubella (MR) vaccine is essential, with doses typically given around 9 months and again between 16-24 months; gaps in adherence are fueling ongoing transmission, with cases clustering within families. Health authorities have issued advisories and are urging timely diagnosis, appropriate care, and strict vaccination coverage to curb the outbreak.",Yes,No,No,No,1,Yes,Yes,Yes,Yes,No,4,Yes,Yes,No,ケララ州コジコード・マラプラム地区で麻疹症例が前年比増加し、過去1か月で小児3名が死亡。ワクチン接種率の低下が要因とされる。国内の公衆衛生対応として地方当局が注意喚起を実施。,
aHR0cHM6Ly93d3cudmlyZ2lsaW8uaXQvbm90aXppZS9kb25uYS1tdW9yZS1kaS1wZXN0ZS1pbi1ydXNzaWEtMjAwLXBlcnNvbmUtaW4tcXVhcmFudGVuYS1pbC1iYXR0ZXJpby1mdWdnaXRvLWRhLXVuLWxhYm9yYXRvcmlvLTE3ODYzNzM=,PICKUP,肺ペストによる死亡例が実験室由来の可能性があり、ヒト-ヒト感染リスクと異常性からIHR基準を複数満たすため。,Pneumonic Plague; Plague,Moscow; Moskva; Irkutskaya Oblast’; Beijing Shi; Irkutsk; Beijing; Mongolia; Russian Federation,"A woman dies of plague in Russia, 200 people in quarantine, the bacterium 'escaped' from a laboratory.","Donna muore di peste in Russia, 200 persone in quarantena, il batterio ""fuggito"" da un laboratorio",2026-10-03T05:55:00+00:00,https://www.virgilio.it/notizie/donna-muore-di-peste-in-russia-200-persone-in-quarantena-il-batterio-fuggito-da-un-laboratorio-1786373,ITALIAN,vectors; animals; humans,"A 28-year-old laboratory technician, Darya Shipilova, died of pneumonic plague in Irkutsk, Siberia, Russia. The fatal case, caused by Yersinia pestis, is not believed to be natural transmission; early reports point to a laboratory incident involving a broken vial at the Irkutsk Anti-Plague Institute. About 200 people have been quarantined to limit spread. Pneumonic plague is among the forms that can pass between people. Irkutsk lies in eastern Russia near Lake Baikal, close to the Mongolian border (roughly 1,700 km from Beijing and 4,200 km from Moscow). Prompt antibiotic treatment is essential, and mortality with timely therapy is around 10%, though some Yersinia pestis strains show resistance. No formal government statement has been issued; the case is under investigation.",Yes,Yes,Yes,不明,3,Yes,Yes,不明,Yes,不明,3,Yes,不明,不明,イベント発生地はロシア・イルクーツク州であり、対象国リストに含まれないためverified_locationsは空。中国・モンゴルは距離参照のみで主題ではない。,
aHR0cHM6Ly90dy5uZXdzLnlhaG9vLmNvbS8lRTUlOEYlQjAlRTUlOEQlOTclRTklODAlQTMlRTclODglODYyJUU3JTk5JUJCJUU5JTlEJUE5JUU3JTg2JUIxJUU1JUEyJTgzJUU1JUE0JTk2JUU3JUE3JUJCJUU1JTg1JUE1LSVFOCU5QSU4QSVFNSVBRCU5MCVFNiU5QyU4MCVFNiU4NCU5QiVFNiVCQSVBQiVFNSVCQSVBNiVFNiU=,DISMISS,台湾（対象国外）における輸入症例2件の報告であり、地域内感染や異常な拡大は確認されていない定例的なサーベイランス情報。,Dengue,Kaohsiung; Tainan; Taiwan; New City; Tỉnh Quảng Ninh; Illinois; Kaohsiung; United States; Taiwan,Two consecutive imported dengue fever cases reported in Tainan; mosquitoes love warm temperatures—stay vigilant against mosquitoes even as autumn arrives.,台南連爆2登革熱境外移入！蚊子最愛溫度曝 入秋也要防蚊,2026-10-03T04:57:38+00:00,https://tw.news.yahoo.com/%E5%8F%B0%E5%8D%97%E9%80%A3%E7%88%862%E7%99%BB%E9%9D%A9%E7%86%B1%E5%A2%83%E5%A4%96%E7%A7%BB%E5%85%A5-%E8%9A%8A%E5%AD%90%E6%9C%80%E6%84%9B%E6%BA%AB%E5%BA%A6%E6%9B%9D-%E5%85%A5%E7%A7%8B%E4%B9%9F%E8%A6%81%E9%98%B2%E8%9A%8A-045738970.html,CHINESE,humans; vectors,"Two consecutive imported dengue fever cases were reported in Tainan City, Taiwan, as of 3 October 2026. The first case involves a Taiwanese woman in her 50s from the South District who traveled to Ha Long Bay, Vietnam (Sept 19–24); she developed fever on Sept 27, sought care Sept 28–29, and was laboratory-confirmed as dengue fever type 1. The second case is a Filipino man in his 20s from New City District (Gangqian Li); he developed fever Sept 29, arrived at Kaohsiung Airport on Oct 1 with NS1 positive at quarantine, and was PCR-confirmed dengue fever on Oct 2, remaining hospitalized without community exposure. Nationwide this year: 12 locally acquired and 167 imported dengue cases. Control measures include education, environmental inspections, and vector control; 1,287 positive containers were found Jan–Sept, with barrels, jars, and pots comprising 63.4% of breeding sites. Temperature 25–27°C favors mosquito activity; travelers should use protective measures and seek prompt care if symptomatic.",No,No,No,No,0,No,No,No,No,No,0,No,No,No,台湾は対象国リストに含まれないため除外。ベトナムは一方の患者の渡航歴（感染源）として言及されているのみで、記事の主題はベトナムでの流行ではなく台湾国内の輸入症例監視であるため、verified_locationsには含めない。,
aHR0cHM6Ly9iZXRvLmNkL3JkYy10c2hpc2VrZWRpLWV0LWplYW4tbm9lbC1iYXJyb3QtZXZvcXVlbnQtbGEtc2VjdXJpdGUtZWJvbGEtZXQtdW4tcHJvamV0LWRlLTEzLW1pbGxpb24tZGV1cm9zLXBvdXItbGVzLXZpY3RpbWVzLw==,WATCH,既知の進行中のエボラ流行（第17波）に関する外交・支援協議の記事であり新規異常事態ではないが、流行継続中のため経過観察が妥当。,Ebola,Kinshasa City; Ituri; Kinshasa; Bunia; Democratic Republic of the Congo; Republic of France,"DRC: Tshisekedi and Jean-Noël Barrot discuss security, Ebola, and a €1.3 million project for the victims.","RDC : Tshisekedi et Jean-Noël Barrot évoquent la sécurité, Ebola et un projet de 1,3 million d'euros pour les victimes",2026-10-03T06:01:38+00:00,https://beto.cd/rdc-tshisekedi-et-jean-noel-barrot-evoquent-la-securite-ebola-et-un-projet-de-13-million-deuros-pour-les-victimes/,FRENCH,humans,"DRC faces its 17th Ebola virus disease outbreak as President Félix-Antoine Tshisekedi and French Minister Jean-Noël Barrot reviewed security in the east and the Ebola response during a Kinshasa meeting on October 2. With Health Minister Dr. Roger Kamba and Deputy Foreign Minister Noëlla Ayaganagato present, the talks reinforced France–DRC cooperation and outlined field efforts, including Barrot’s upcoming trip to Bunia in Ituri to support the outbreak response. Separately, a declaration of intent was signed to strengthen the rule of law and aid victims of sexual violence in conflict zones, between the Congolese Ministry of Justice and France’s Ministry for Europe and Foreign Affairs, in the presence of FONAREV officials. The project, with a budget exceeding €1.3 million for 2026–2028, funds legal fees, mobile legal clinics, itinerant hearings, and training for judges, prosecutors, and police to improve documentation and judicial processing of crimes.",不明,No,不明,不明,0,No,不明,Yes,Yes,Yes,3,Yes,Yes,Yes,記事はDRCの第17次エボラ流行に対するフランスの外交・資金支援に焦点を当てており、新規症例数や重症度の詳細データは含まれていない。既存流行の継続状況として注視すべき。,
aHR0cHM6Ly93d3cudHZuLTIuY29tL211bmRvL2VwaWRlbWlhLWVib2xhLXJlcHVibGljYS1kZW1vY3JhdGljYS1jb25nb18xXzIyNjQwMDYuaHRtbA==,PICKUP,致死率48.4%の大規模エボラ流行が6州に拡大し、ワクチン・治療薬が未確立のBundibugyoウイルスによる過去最悪の流行であるため、IHR基準・WPRO基準ともに複数該当する。,Ebola,Ituri; Democratic Republic of the Congo,"The Ebola epidemic in the Democratic Republic of the Congo surpasses 4,000 deaths.",La epidemia de ébola en República Democrática del Congo supera los 4.000 muertos,2026-10-03T06:00:46+00:00,https://www.tvn-2.com/mundo/epidemia-ebola-republica-democratica-congo_1_2264006.html,SPANISH,humans,"As of 2026-10-03, the Ebola outbreak in the Democratic Republic of the Congo has reached 8,300 cases and 4,018 deaths (case fatality rate 48.4%), the worst and most lethal on record for the country. The epidemic began in Ituri province (northeast) and is caused by Bundibugyo virus, for which no vaccine or specifically approved treatment exists. It has spread rapidly to six northern and eastern provinces, in areas with weak state presence and armed groups. In its early phase, Bundibugyo virus can cause seemingly mild symptoms, delaying detection. Several therapies and vaccines are in trials for this strain, which is relatively poorly characterized; historically, Zaire ebolavirus has driven most outbreaks in the RDC.",Yes,Yes,Yes,不明,3,Yes,Yes,Yes,Yes,Yes,5,Yes,Yes,Yes,ワクチン未承認のBundibugyo型による史上最悪の流行であり、武装勢力が存在する地域での対応困難さも懸念材料。フルRRAへの移行が妥当。,
aHR0cHM6Ly90dy5uZXdzLnlhaG9vLmNvbS8lRTYlOTclQTUlRTYlOUMlQUMlRTYlQjUlODElRTYlODQlOUYlRTklODAlQTM5JUU5JTgwJUIxJUU0JUI4JThBJUU1JThEJTg3LSVFNiVCMiU5NiVFNyVCOSVBOS0lRTYlOUQlQjElRTQlQkElQUMlRTclOTclODUlRTQlQkUlOEIlRTUlQTIlOUUtJUU1JTlDJThCJUU1JTg1JUE3JUU=,DISMISS,季節性インフルエンザの定例的な流行報告であり、H1N1は既知の季節性株。IHR基準・WPRO基準とも明確な該当はなく、アジア各国・米国での同時期の流行上昇も例年見られる現象の範囲内と考えられる。,COVID-19; Human Infection with Swine Influenza A H1N1; Influenza,Republic of Korea; United States; Japan; People's Republic of China; Hong Kong Special Administrative Region; Republic of Singapore; Taiwan,"Japan's influenza cases have risen for nine consecutive weeks! Okinawa and Tokyo see more cases; more than 600,000 people vaccinated against influenza in two days.",日本流感連9週上升！沖繩、東京病例增　國內流感疫苗2天逾60萬人接種,2026-10-03T05:42:30+00:00,https://tw.news.yahoo.com/%E6%97%A5%E6%9C%AC%E6%B5%81%E6%84%9F%E9%80%A39%E9%80%B1%E4%B8%8A%E5%8D%87-%E6%B2%96%E7%B9%A9-%E6%9D%B1%E4%BA%AC%E7%97%85%E4%BE%8B%E5%A2%9E-%E5%9C%8B%E5%85%A7%E6%B5%81%E6%84%9F%E7%96%AB%E8%8B%972%E5%A4%A9%E9%80%BE60%E8%90%AC%E4%BA%BA%E6%8E%A5%E7%A8%AE-054230400.html,CHINESE,humans,"As of Oct 3, 2026, influenza activity in Japan has risen for nine consecutive weeks, with Okinawa, Tokyo, Aichi, Kanagawa, and Chiba reporting higher case counts. Week 38 (Sept 14–20) saw an average of 8.48 sentinel/lab-confirmed influenza cases, up 53.1% from week 37 (5.54); year-on-year the week is about tenfold last year’s 0.8. Those aged 70+ account for 47.5% of cases, and 98% of circulating viruses are H1N1. Across 44 of 47 prefectures, cases increased; the surge began in week 30 and may be amplified by Silver Week travel. Outside Japan, China, Hong Kong, South Korea, Singapore, and the United States also report rising influenza activity. In Taiwan, Phase 1 of the public influenza and COVID-19 vaccination program began Oct 1. In two days (Oct 1–2), influenza vaccinations reached 601,000 doses (60.1万), up 9% YoY; COVID-19 vaccines reached 209,000 (20.9万), up 19%. On Oct 2, daily flu vaccinations rose to 335,000 (33.5万). Taiwan’s CDC notes high domestic flu activity, with outpatient visits potentially 150,000 this week and continued risk through mid-October; eligible individuals are urged to complete the ‘Left Flu, Right New’ vaccination program, which also reduces pneumonia and cardiovascular risk.",No,No,No,No,0,No,不明,No,Yes,No,1,Yes,No,No,記事は主に日本・台湾のインフルエンザ流行状況とワクチン接種実績を報じるもの。中国・香港・韓国・シンガポール・米国も流行上昇が言及されているが、対象国リストに含まれるのは中国のみで、香港は中国に含めた。季節性インフルエンザの定例報道でありシグナルとしての優先度は低い。,
aHR0cHM6Ly9tYWxheWFsYW0uYm9sZHNreS5jb20vYmVhdXR5L2Rlbmd1ZS1mZXZlci1vdXRicmVhay1rZXJhbGEtcHJldmVudGlvbi10aXBzLTIwMjYtMDExLTYxMzk5Lmh0bWw=,WATCH,ケララ州で例年の雨季に伴うデング熱の季節的流行であり、異常性は低いが、1日あたり症例数が多く継続的な感染リスクがあるため経過観察が妥当。,Dengue,State of Kerala; Republic of India,Dengue fever is spreading in Kerala; here are safety precautions to take at home during the monsoon season.,കേരളത്തിൽ ഡെങ്കിപ്പനി പടരുന്നു; മഴക്കാലത്ത് വീടുകളിൽ ശ്രദ്ധിക്കേണ്ട സുരക്ഷാ മുൻകരുതലുകൾ ഇതാ,2026-10-03T06:14:04+00:00,https://malayalam.boldsky.com/beauty/dengue-fever-outbreak-kerala-prevention-tips-2026-011-61399.html,MALAYALAM,humans; vectors; environment,"Dengue fever is spreading in Kerala, India, after two days of heavy rain, with daily cases reportedly exceeding ten thousand; Ernakulam district alone reported 43 cases in two days last week. Integrated Disease Surveillance Programme (IDSP) data up to October 2 confirm ongoing transmission, while the India Meteorological Department forecasts heavy rainfall through October 7, likely sustaining dengue risk. Home prevention focuses on removing standing water in tanks, containers, and other sites every two days; cover tanks; install window screens; sleep under mosquito nets; wear long-sleeved, light-colored clothing; and use repellents containing DEET, picaridin, or IR3535. Avoid lemon eucalyptus oil products for children under 3 years and any repellent for infants under 2 months. If dengue is suspected, drink fluids, rest, and avoid aspirin or NSAIDs; ORS recipe: 1 L water, 6 tsp sugar, 1/2 tsp salt. Red flags—severe abdominal pain, persistent vomiting, bleeding, extreme weakness, or shortness of breath—require immediate medical care. Community ward cleanup and school checklists are planned; keep emergency contacts handy.",不明,No,No,No,0,No,不明,Yes,Yes,No,2,Yes,Yes,No,記事は主に家庭での予防・応急処置情報であり、重症例や死亡者数の記載はない。モンスーン期の季節性デング熱として既知のパターンに該当する可能性が高い。,
aHR0cHM6Ly93d3cuYWxraGFsZWVqLmFlLzIwMjYtMTAtMDMvJUQ4JUI5JUQ4JUIxJUQ4JUE4LSVEOSU4OCVEOCVCOSVEOCVBNyVEOSU4NCVEOSU4NS8lRDglQTclRDklODQlRDglQjklRDglQTclRDklODQlRDklODUvJUQ5JTg4JUQ5JTgxJUQ5JThBJUQ4JUE3JUQ4JUFBLSVEOCVBNSVEOSU4QSVEOCVBOCVEOSU4OCVEOSU4NCU=,PICKUP,"致死率約50%、死者4,000人超、WHOが新たな保健地域への急速な拡大を警告しており、IHR基準・WPRO基準ともに複数該当するためフルRRAへ進むべきシグナル。",Ebola,Democratic Republic of the Congo,"Ebola deaths in the Democratic Republic of the Congo exceed 4,000, with warnings about how rapidly it is spreading.","وفيات ""إيبولا"" في الكونغو تتجاوز 4 آلاف وتحذيرات من سرعة انتشاره",2026-10-03T05:45:00+00:00,https://www.alkhaleej.ae/2026-10-03/%D8%B9%D8%B1%D8%A8-%D9%88%D8%B9%D8%A7%D9%84%D9%85/%D8%A7%D9%84%D8%B9%D8%A7%D9%84%D9%85/%D9%88%D9%81%D9%8A%D8%A7%D8%AA-%D8%A5%D9%8A%D8%A8%D9%88%D9%84%D8%A7-%D9%81%D9%8A-%D8%A7%D9%84%D9%83%D9%88%D9%86%D8%BA%D9%88-%D8%AA%D8%AA%D8%AC%D8%A7%D9%88%D8%B2-4-%D8%A2%D9%84%D8%A7%D9%81-%D9%88%D8%AA%D8%AD%D8%B0%D9%8A%D8%B1%D8%A7%D8%AA-%D9%85%D9%86-%D8%B3%D8%B1%D8%B9%D8%A9-%D8%A7%D9%86%D8%AA%D8%B4%D8%A7%D8%B1%D9%87,ARABIC,humans,"As of 3 October 2026, Ebola has killed 4,018 people out of 8,300 confirmed cases in the Democratic Republic of the Congo, roughly half of infections and the fastest wave the country has faced. The outbreak was declared on 15 May and is driven by the Bundibugyo strain, a rare variant with no approved cure or vaccine. The World Health Organization warns of rapid geographic spread into new health zones, increasing pressure on already limited public health resources and complicating containment. Authorities report ongoing transmission and difficulties in stopping spread, underscoring the lack of targeted medical countermeasures and the urgent need for sustained resources to manage the outbreak.",Yes,Yes,Yes,不明,3,Yes,Yes,Yes,Yes,Yes,5,Yes,Yes,Yes,承認済みの治療薬・ワクチンがないBundibugyo株による流行で、致死率が約50%と極めて高く、国際的な資源投入の緊急性が示唆されている。,
aHR0cHM6Ly93d3cubmFra2hlZXJhbi5pbi8yNC1ieS03LW5ld3MvZGVuZ3VlLW91dGJyZWFrLXRocmVhdGVucy10aGUtY2FwaXRhbC1zcGVjaWFsLWNhbXBzLWFjcm9zcy1jaGVubmFpLTEyNjE5MDM1,WATCH,チェンナイでデング熱・腸チフス等の季節性流行が報告されているが、重症度や拡大規模など詳細情報が不足しており、既存の対策（特別クリニック・啓発活動）で管理可能とみられるため経過観察とする。,Dengue; Typhoid,State of Tamil Nādu; Chennai; Republic of India,Dengue outbreak threatening the capital: Special camps across Chennai.,தலைநகரை அச்சுறுத்தும் டெங்கு பரவல்: சென்னை முழுவதும் சிறப்பு முகாம்கள்,2026-10-03T06:53:44+00:00,https://www.nakkheeran.in/24-by-7-news/dengue-outbreak-threatens-the-capital-special-camps-across-chennai-12619035,TAMIL,humans; vectors; environment,"Chennai faces a dengue outbreak along with typhoid and typhus fever across multiple districts and residential areas. The city administration has intensified containment with 15 special fever clinics operating in all zones to curb transmission and ensure rapid treatment for affected residents. Public health messaging aims to build comprehensive awareness of protective practices at home to stop further spread of viral fevers. In key localities, including Saidapet, civic and health department officials are on the ground, launching intensive outreach and field operations. Printed leaflets explain how to prevent mosquito breeding and how to guard against dengue. The drive prioritizes rapid diagnosis, community engagement, and vector control to reduce cases and protect vulnerable populations in the capital city.",不明,No,No,No,0,No,不明,Yes,Yes,No,2,Yes,Yes,No,デング熱はインド・チェンナイで毎年季節的に発生する感染症であり、地方自治体が通常の公衆衛生対応（特別クリニック、啓発活動、媒介蚊対策）を実施している段階。重症度・死亡者数等の具体的データが記事に記載されていないため、続報を注視する必要がある。,
aHR0cDovL3d3dy53YXRlcmRpcGxvbWF0Lm9yZy9zdG9yeS8yMDI2LzEwL2Vib2xhLWFwcHJvYWNoZXMtY2FyLWJvcmRlci1mcmFnaWxlLXdhdGVyLWFuZC1oZWFsdGgtc3lzdGVtcy1mYWNlLWNyaXRpY2FsLXRlc3Q=,PICKUP,"DRCで6,200例超・3,000人超の死者を出す大規模エボラ流行が継続中で、ウガンダへの越境伝播が確認され、CAR国境にも拡大リスクがあるためIHR基準を複数満たす。",Ebola,South Kivu Province; Ituri; Democratic Republic of the Congo; Central African Republic; Republic of Uganda,,"As Ebola approaches the CAR border, fragile water and health systems face a critical test",2026-10-03T06:37:49+00:00,http://www.waterdiplomat.org/story/2026/10/ebola-approaches-car-border-fragile-water-and-health-systems-face-critical-test,ENGLISH,humans; environment,"Bundibugyo Ebola Virus Disease outbreak in the Democratic Republic of the Congo (DRC) threatens the Central African Republic (CAR) border and Uganda. As of 1 September, the DRC reported over 6,200 confirmed Ebola cases and more than 3,000 deaths; Uganda recorded 19 cases (2 deaths, 7 recoveries). The outbreak centers in Ituri, North Kivu and South Kivu, with cross-border movement toward CAR raising transmission risk. Ebola spreads by contact with bodily fluids; symptoms include vomiting, diarrhoea, abdominal pain and bleeding, with fatality rates varying from 25% to 90% by strain and care. WASH and health-system fragility in eastern DRC amplify transmission; 1.15 million IDPs and 1.8 million returnees in North/South Kivu, and 360,000 in extreme WASH deprivation. Response includes water trucking, chlorination points, latrine rehabilitation and hygiene kits. A WHO/Africa CDC six-month plan costs USD 518 million (June–November 2026); major pledges include US ~$512m, EU €79.5m (+€15m for Ebola), UK £20m, and AU ~$80m toward a $100m continental target.",Yes,Yes,Yes,不明,3,Yes,Yes,Yes,Yes,Yes,5,Yes,Yes,Yes,ウガンダ、中央アフリカ共和国への越境リスクが言及されているが、両国は対象国リストに含まれないため verified_locations には含めていない。国際的な資金拠出（WHO/Africa CDC計画、米・EU・英・AUの支援）から国際的関心の高さが伺える。,
aHR0cHM6Ly93d3cudC1vbmxpbmUuZGUvbmFjaHJpY2h0ZW4vcGFub3JhbWEvYnVudGVzLWt1cmlvc2VzL2lkXzEwMTQ2NDIzMi9wZXN0LXdvaGwtaW4tcnVzc2xhbmQtYXVzZ2Vicm9jaGVuLWtyYW5rZW5oYXVzLWluLWlya3V0c2stYWJnZXJpZWdlbHQuaHRtbA==,PICKUP,肺ペスト疑いの死亡例が発生し、病院隔離・接触者約200人の健康監視、公的行事中止など深刻かつ異常な事態であり、IHR基準を2つ以上満たすためフルリスク評価に進むべき。,Pneumonic Plague; Plague,Shelekhov; Irkutsk; Irkutskaya Oblast’; Russian Federation,200 people in quarantine: plague outbreak feared in Siberia.,200 Menschen in Quarantäne: Pest-Ausbruch in Sibirien befürchtet,2026-10-03T06:48:27+00:00,https://www.t-online.de/nachrichten/panorama/buntes-kurioses/id_101464232/pest-wohl-in-russland-ausgebrochen-krankenhaus-in-irkutsk-abgeriegelt.html,GERMAN,humans; environment,"Plague outbreak feared in Siberia as a hospital in Schelechow, near Irkutsk, is quarantined after a patient is suspected of a highly dangerous infection, potentially pneumonic plague. A young woman with severe pneumonia, who was intubated and died, has not had official death confirmation. Reports vary: she may have contracted plague after returning from Thailand, or she was a laboratory worker at the Irkutsk Anti-Plague Institute where a vial with live plague bacteria shattered during sample preparation. Investigators opened a criminal case for possible safety violations linked to the fatal incident. Governor Igor Kobsew convened a special sanitation and infectious-disease commission meeting; Anna Popova attended. Authorities urge calm; identified contacts are under medical surveillance, with laboratory results negative so far. Public events in Irkutsk have been canceled. Reported contact numbers range from about 100 to nearly 200.",Yes,Yes,不明,不明,2,Yes,Yes,不明,Yes,不明,3,Yes,Yes,不明,発生地域としてタイが記載されているが、記事内ではタイ渡航歴が感染経路の一説に過ぎず、実際の発生・隔離事象はロシア・イルクーツクで起きているため、対象国リストに該当する国はなしと判断した。ロシアは対象国リストに含まれないため verified_locations は空配列とした。,
aHR0cHM6Ly90dy5uZXdzLnlhaG9vLmNvbS8lRTclOTklQkIlRTklOUQlQTklRTclODYlQjElRTYlQjglODUlRTYlQjYlODglRTclODglODYlRTclODMlOEYlRTklQkUlOEQtJUU4JTk3JUE1JUU5JTlDJUE3JUU3JUFCJTg0JUU0JUJEJThGJUU1JUFFJUI2LSVFNSVBRSVCMyVFNSU5NiU4OSVFNyU5NyU5QiVFNSVCMCVCMSVFOSU=,DISMISS,台湾彰化市における局地的な登革熱症例（年間2例目）への薬剤噴霧作業に伴う副次的健康被害の記事であり、国際的な公衆衛生上の懸念や感染拡大リスクは認められない。,Dengue,Taipei; Taiwan; Hemei; Fujian Sheng; Putou Shequ; Xiushui Township; Taiwan,"Dengue fever fumigation fiasco! Pesticide mist invades homes, causing sore throats and prompting medical visits.",登革熱清消爆烏龍！ 藥霧竄住家 害喉痛就醫,2026-10-03T06:38:00+00:00,https://tw.news.yahoo.com/%E7%99%BB%E9%9D%A9%E7%86%B1%E6%B8%85%E6%B6%88%E7%88%86%E7%83%8F%E9%BE%8D-%E8%97%A5%E9%9C%A7%E7%AB%84%E4%BD%8F%E5%AE%B6-%E5%AE%B3%E5%96%89%E7%97%9B%E5%B0%B1%E9%86%AB-063800370.html,CHINESE,humans; vectors; environment,"Changhua City, Taiwan, records the year’s second locally acquired dengue fever case, both in Changhua City. On Oct 2, 2026, four townships—Changhua City, Hemei, Xiushui, and Putou—launched cross-district fumigation to curb dengue, using thermal fogging machines. A high-concentration pesticide mist reportedly drifted into residents’ homes, causing throat irritation, coughing, throat pain, and hoarseness, prompting medical visits by a family member and nearby neighbors. Neighbors complained of strong odors and irritation. The spraying team wore protective gear, and officials said the mist escaped from another manhole cover, drifting into homes where occupants were present. Environmental and Health Bureaus pledged to cover medical expenses and review spraying methods, while residents urged prior notification during this outbreak response.",No,No,No,No,0,No,No,No,No,No,0,Yes,Yes,No,記事の主題は登革熱の媒介蚊駆除における薬剤噴霧の失敗と住民への健康被害であり、感染症そのものの拡大や重篤化は報告されていない。台湾は対象国リストに含まれず、中国（PRC）の主題でもないためverified_locationsは空とした。,
aHR0cHM6Ly9rb3Jhbi1qYWthcnRhLmNvbS8yMDI2LTEwLTAzL3dhYmFoLWVib2xhLXRlcnVzLW1lbnllYmFyLWxlYmloLWRhcmktNDAwMC1vcmFuZy10ZXdhcy1kaS1yZC1rb25nbw==,PICKUP,"致死率約48%・8,300症例・4,000人以上の死亡という深刻な公衆衛生被害があり、複数州への拡大、紛争による対応阻害、国際支援の表明など、IHR基準・WPRO基準の複数に該当する。",Ebola,Ituri; Democratic Republic of the Congo; United States; Republic of France,"Ebola Outbreak Continues to Spread, More Than 4,000 People Have Died in DR Congo.","Wabah Ebola Terus Menyebar, Lebih dari 4.000 Orang Tewas di RD Kongo",2026-10-03T06:40:00+00:00,https://koran-jakarta.com/2026-10-03/wabah-ebola-terus-menyebar-lebih-dari-4000-orang-tewas-di-rd-kongo,INDONESIAN,humans,"DR Congo’s Ebola outbreak, the worst in the country’s history, has caused 4,018 deaths from 8,300 confirmed cases with 2,162 recoveries (case fatality about 48.4%) as of October 2, 2026. The outbreak began in Ituri province in the northeast and has spread to seven northern and eastern provinces, including North Kivu, where four deaths are reported among six cases in areas controlled by the anti-government M23 group. Response efforts are hindered by ongoing conflict and distrust of authorities, with more than 5,000 displaced and a transit center for Ebola patients burned in Ituri after soldiers entered to aid refugees. France has pledged €13.4 million for Ebola control (January–July 2026) and the United States will add $267 million. Vaccines and treatments targeting the Bundibugyo strain are under study.",Yes,Yes,Yes,不明,3,Yes,Yes,Yes,Yes,Yes,5,Yes,Yes,Yes,米国・フランスは資金援助国として言及されているのみで、発生国ではないため verified_locations から除外した。紛争地域（M23支配地域）での感染拡大・対応困難が懸念材料。,
aHR0cHM6Ly93d3cubmR0di5jb20vaGVhbHRoL2d1amFyYXQtZGVuZ3VlLWhpdHMtZWt0YS1kaXdhcy1wYXJhZGUtY29udGluZ2VudC0yNC10ZXN0LXBvc2l0aXZlLTEyMTMxNTg1,WATCH,"単一施設内での局地的デング熱クラスターであり、重症例や死亡は報告されていないが、大規模行事(10,000人規模)前であり経過観察が必要。",Dengue,State of Mahārāshtra; Gandhinagar; State of Bihār; State of Chhattīsgarh; State of Gujarāt; State of Kerala; Uttar Pradesh; Republic of India,,"Gujarat: Dengue Hits 'Ekta Diwas' Parade Contingent, 24 Test Positive",2026-10-03T06:18:27+00:00,https://www.ndtv.com/health/gujarat-dengue-hits-ekta-diwas-parade-contingent-24-test-positive-12131585,ENGLISH,humans; vectors,"Dengue outbreak among Rashtriya Ekta Diwas preparations in Gandhinagar, Gujarat, with 24 personnel testing positive over two days. On Thursday, 34 admissions yielded 23 positives; Friday saw five more admissions (one positive, four suspected). All patients, mostly aged 25–30, present fever and body ache and remain stable with no complications; about 10 discharged by Friday afternoon. Infections involve personnel from Uttar Pradesh, Chhattisgarh, Maharashtra, Kerala and Bihar staying in a common Gandhinagar hostel for Ekta Diwas prep at Ekta Nagar. Source of infection under epidemiological assessment; no confirmed outbreak link yet. State data noted earlier: over 1.35 lakh suspected dengue samples tested across 42 hospitals, with 2,099 positives in 2026 up to that point. The Rashtriya Ekta Diwas parade is planned for Oct 30–31, with ~10,000 police/paramilitary, cultural performances, flypast, and PM Modi’s address.",No,No,No,No,0,No,No,Yes,Yes,No,2,Yes,Yes,No,"デング熱はインドで地域的流行性疾患であり、本件は共同宿泊施設での集団感染。10月30-31日の大規模パレード前のため、感染拡大の推移に注意が必要。州全体では既に2,099例の陽性が報告されており、季節性流行の一環とみられる。",
aHR0cHM6Ly93d3cudHZvbmVuZXdzLmNvbS9iZXJpdGEvbmFzaW9uYWwvNDcwOTM5LXRlbXVhbi1pbmZsdWVuemEtYS1kaS10YW5nZXJhbmctY2FwYWktMzAtcmlidS1rYXN1cy1zZXBhbmphbmctamFudWFyaS1zZXB0ZW1iZXItMjAyNi1rYWRpbmtlcy1oYW1waXItcmlidWFuLWthc3VzLXBlci1idWxhbg==,WATCH,季節性インフルエンザ様疾患の増加だが検査未確定で原因病原体が不明瞭であり、乾季・大気汚染による季節性要因と説明されているため異常性は低い。ただしヒト-ヒト感染拡大の継続性があり経過観察が必要。,Influenza; Influenza A; Hendra,Banten; Tangerang; Republic of Indonesia,"Influenza A cases in Tangerang reach 30,000 from January to September 2026, Health Office head: nearly thousands of cases per month.","Temuan Influenza A di Tangerang Capai 30 Ribu Kasus Sepanjang Januari-September 2026, Kadinkes: Hampir Ribuan Kasus per Bulan",2026-10-03T07:06:49+00:00,https://www.tvonenews.com/berita/nasional/470939-temuan-influenza-a-di-tangerang-capai-30-ribu-kasus-sepanjang-januari-september-2026-kadinkes-hampir-ribuan-kasus-per-bulan,INDONESIAN,humans; environment,"Influenza A exposure in Tangerang Regency, Banten, Indonesia, reached 30,000 cases from January to September 2026, per Hendra Tarmizi, head of the Tangerang Health Office. Monthly cases rose from about 20,000–25,000 to nearly 28,000–30,000, with August–September 2026 adding roughly 5,000 cases per month. The surge is linked to extreme weather and dust pollution from a prolonged dry spell. Many health facilities have not conducted laboratory tests to confirm influenza A; most acute respiratory infections are attributed to the influenza virus. The rise spans all ages and all sub-districts. Transmission is rapid via close contact and droplets. Prevention emphasizes boosting immunity and reducing close contact with infected individuals, with higher risk of severe disease for young children and adults with asthma or bronchitis.",No,No,No,No,0,No,不明,Yes,Yes,No,2,不明,Yes,No,多くの医療機関で検査が未実施のため、インフルエンザA型と確定診断されたわけではなく急性呼吸器感染症全般がインフルエンザとして計上されている可能性がある。乾季・大気汚染との関連が指摘されており、季節性変動の範囲内と考えられる。,
aHR0cHM6Ly93d3cuZGluYW1hbmkuY29tL3RhbWlsbmFkdS8yMDI2L09jdC8wMy9kZW5ndWUtYWZmZWN0cy0yMDAwLXBlb3BsZS1pbi1jaGVubmFpLXNwZWNpYWwtbWVkaWNhbC1jYW1wcy10b2RheQ==,WATCH,"インド・タミルナードゥ州で季節性デング熱が拡大しており（州全体で約18,000例）、地域の公衆衛生対応が強化されているが、国際的拡大や渡航制限のリスクは低く、例年の流行の範囲内と考えられる。",Dengue,State of Tamil Nādu; Chennai; Republic of India,"Dengue hits 2,000 people in Chennai! Special medical camps at 109 locations today.","சென்னையில் 2,000 பேருக்கு டெங்கு! 109 இடங்களில் இன்று சிறப்பு மருத்துவ முகாம்கள்!",2026-10-03T07:04:34+00:00,https://www.dinamani.com/tamilnadu/2026/Oct/03/dengue-affects-2000-people-in-chennai-special-medical-camps-today,TAMIL,humans; vectors,"Chennai has recorded about 2,000 dengue fever cases, with 50 new infections confirmed yesterday. To curb spread, the city’s authorities have intensified mosquito-control activities and are operating 109 special medical camps across 15 administrative zones of the Greater Chennai Corporation today. Tamil Nadu as a whole is experiencing rising dengue activity, with approximately 18,000 cases reported in the state up to last week; officials have not released statewide figures since then. Health officials advise residents who develop dengue symptoms to seek prompt testing at nearby hospitals. The report highlights ongoing public-health measures, including vector control and rapid diagnosis, as part of the broader effort to contain dengue outbreaks in Chennai and surrounding areas.",不明,No,No,No,0,No,不明,Yes,Yes,No,2,Yes,Yes,No,デング熱は南アジアで季節性に流行する疾患であり、本記事はチェンナイ市および州レベルでの対応強化を報じている。重症度（死亡者数等）の具体的情報はなく、通常の流行対策の範囲内と見られるためWATCH判定とした。,
aHR0cHM6Ly9wbHVzaW5mby5tay92by1ydXNraW90LXJlZ2lvbi1pcmt1dHNrLXpoZW5hLXBvY2hpbmEtb2QtY2h1bWEtaXN0YXRhLWJvbGVzdC12by0xNC12ZWstdWJpLW9rb2x1LXBvbG92aW5hLW9kLW5hc2VsZW5pZXRvLW5hLWV2cm9wYS8=,PICKUP,肺ペストによる死亡例が確認され、実験室由来の感染で約200人が隔離対象となっている。重症度・異常性からIHR基準に2項目該当し、フルリスク評価が必要。,Bubonic Plague; Pneumonic Plague; Plague,Respublika Buryatiya; Bangkok; Irkutskaya Oblast’; Irkutsk; Russian Federation,"In the Irkutsk Region of Russia, a woman died of plague! The same disease killed about half of Europe’s population in the 14th century.",ВО РУСКИОТ РЕГИОН ИРКУТСК ЖЕНА ПОЧИНА ОД ЧУМА! Истата болест во 14 век уби околу половина од населението на Европа - plusinfo.mk,2026-10-03T07:05:25+00:00,https://plusinfo.mk/vo-ruskiot-region-irkutsk-zhena-pochina-od-chuma-istata-bolest-vo-14-vek-ubi-okolu-polovina-od-naselenieto-na-evropa/,MACEDONIAN,humans; environment,"In Russia’s Irkutsk region, eastern Siberia, a 28-year-old laboratory technician, Daria Shipilova, died of pneumonic plague. She worked at the Institute for Plague Prevention in Irkutsk; local media suggest she may have contracted the infection via a broken test tube. About 200 people who may have been in contact are in quarantine. The Health Ministry had not yet commented as of 2026-10-03. Governor Aleksei Tsidenov of Buryatia stated the deceased was from neighboring Irkutsk. The causative agent is Yersinia pestis; pneumonic plague spreads person-to-person by airborne routes and is the most virulent form, though bubonic plague via flea bites also exists. Without timely diagnosis and urgent antibiotics, mortality is high for both forms. The article references the Black Death (1346-1353), a pandemic across Euroasia and North Africa that killed an estimated 75-200 million and erased 30-60% of Europe’s population, with major societal upheaval.",Yes,Yes,不明,不明,2,Yes,Yes,不明,不明,不明,2,Yes,不明,不明,"事例はロシア・イルクーツク州（実験室関連感染）であり、対象国リスト（Zambia, Philippines, Thailand, Ghana, DRC, Brazil, Indonesia, China, Myanmar, Vietnam, India）には該当しない。発生地域にThailandが含まれているが記事内容に無関係のため除外。肺ペストの実験室感染例として国際的関心は高く、続報の確認が必要。",
aHR0cHM6Ly93d3cuamFncmFuLmNvbS91dHRhci1wcmFkZXNoL2V0YWgtZmV2ZXItcmFtcGFudC1pbi1ldmVyeS1ob3VzZWhvbGQtaW4tcmFzdWxwdXItZ2FyaGF1bGktc2l4LWxpdmVzLWxvc3QtaW4tZmlmdGVlbi1kYXlzLWV0YWgtbmV3cy00MDM5Mjk2NS5odG1sP2FwcD10cnVl,WATCH,単一村落での原因不明の発熱・死亡クラスターだが、原因病原体や診断が未確定で、ヒト-ヒト感染の証拠もないため続報を注視する。,Unknown Illness,Marhara; State of Bihār; Etah; Uttar Pradesh; Republic of India,"Ravages of infectious diseases in Rasulpur Garhauli, Etah: six deaths in fifteen days","एटा के रसूलपुर गढ़ौली में संक्रामक रोगों का कहर, 15 दिन में छह मौतें - fever rampant in every household in rasulpur garhauli six lives lost in fifteen days etah news",2026-10-03T07:11:00+00:00,https://www.jagran.com/uttar-pradesh/etah-fever-rampant-in-every-household-in-rasulpur-garhauli-six-lives-lost-in-fifteen-days-etah-news-40392965.html?app=true,HINDI,humans; environment,"Six deaths in 15 days, suspected to be due to infectious diseases, have unsettled Rasulpur Garhauli village in Marhara block, Etah district, Uttar Pradesh. The deceased are Khub Singh, Chiranjilal, Dharmjit (alias Pappu), Shanti Devi, Radha, and Yatindra. Residents report fever and illness across many households, but the health department has not officially confirmed the cause as an infectious disease. Authorities responded with anti-larva spraying and fogging; health teams are conducting camps, collecting blood samples, and arranging treatment per test results. Virendra Singh Lodhi, the local MLA, along with Acting CMO Dr. Ravi Ranjan Yadav, BDO Sudhakar Dubey, and ADO Panchayat Deepak Gupta, visited the village to assess the situation and console families. Private medical consultations are also being sought by residents.",不明,Yes,No,No,1,Yes,Yes,不明,不明,No,2,Yes,Yes,No,蚊媒介感染症（デング熱等）を示唆する対応（殺虫剤散布、燻蒸）が取られているが、公式な病原体確定情報はまだない。地元自治体・保健当局が既に対応中で外部支援の必要性は現時点で不明。,
aHR0cHM6Ly9hY3R1YWxpdGUuY2QvMjAyNi8xMC8wMy9yZGMtMTAtZ2V1cmlzLWRlYm9sYS1zb3J0aXMtZGVzLWNlbnRyZS1kZS10cmFpdGVtZW50LXVuZS1wcmVtaWVyZS1kZXB1aXMtbGEtcmVzdXJnZW5jZQ==,PICKUP,"北キブ州ベニで累計1,600例超の確認例を伴うエボラ流行が継続中であり、公衆衛生上深刻かつ国際的拡大リスクもあるためフルリスク評価が必要。",Ebola; Malaria,Ituri; Democratic Republic of the Congo,"DRC: 10 Ebola survivors discharged from treatment centers, a first since the outbreak's resurgence in Beni.","RDC : 10 geuris d'Ebola sortis des centre de traitement, une première depuis la résurgence de l'épidémie à Beni",2026-10-03T07:14:20+00:00,https://actualite.cd/2026/10/03/rdc-10-geuris-debola-sortis-des-centre-de-traitement-une-premiere-depuis-la-resurgence,FRENCH,humans,"Ten Ebola survivors were discharged on October 2, 2026, from treatment centers in Beni, North Kivu, Democratic Republic of Congo, marking another step in the city’s persistent outbreak. The centers run by International Medical Corps and MSF-Holland reported that the patients spent 10 to 22 days in isolation. Dr. Jérémie Muhindo, who oversees medical care in the response coordination, emphasized rapid symptom detection and immediate referral of suspected cases as the main defense against further transmission. Survivors described receiving adequate care and urged others to trust the response teams. One survivor recalled malaria-like initial symptoms and how he reached the treatment center in a fragile state, recovering to good health. North Kivu remains the second Ebola focus after Ituri, with over 1,600 confirmed cases across multiple health zones, while health workers and communities continue the fight to end the outbreak. Two survivors had previously been discharged from treatment centers.",Yes,Yes,Yes,不明,3,Yes,Yes,Yes,Yes,Yes,5,Yes,Yes,Yes,"記事自体は治癒者退院という前向きなニュースだが、背景には北キブ州ベニでの大規模エボラ流行（1,600例超）が継続しており、イトゥリ州に次ぐ第二の流行拠点であることから継続監視が必要。",
aHR0cHM6Ly9hZmFtaWx5LnZuL2NhbmgtZ2lhYy12b2ktc290LXh1YXQtaHV5ZXQtZGVuZ3VlLWNodXllbi1naWEtY2hpLXJhLW5odW5nLW5ob20tY28tbmd1eS1jby1jaHV5ZW4tbmFuZy0yMzYyNjEwMDMxMjI4MzE0MDQuY2hu,WATCH,ベトナム南部での季節性デング熱流行に関する注意喚起記事で、重症例・死亡例の報告はあるが、異常な拡大や国際的リスクは認められず、通常の季節性流行の範囲内と考えられるため経過観察とする。,Dengue,Ho Chi Minh City; Ho Chi Minh City; Socialist Republic of Vietnam,Be Vigilant Against Dengue Fever: High-Risk Groups Need Close Monitoring.,Cảnh giác với sốt xuất huyết Dengue: Nhóm nguy cơ cao cần theo dõi sát,2026-10-03T07:19:00+00:00,https://afamily.vn/canh-giac-voi-sot-xuat-huyet-dengue-chuyen-gia-chi-ra-nhung-nhom-co-nguy-co-chuyen-nang-236261003122831404.chn,VIETNAMESE,humans,"Dengue fever in Southern Vietnam accounts for 73.1% of cases, with all individuals at risk of progression to severe disease. High-risk groups include elderly; people with underlying conditions (hypertension, diabetes, cardiovascular/kidney disease); infants; pregnant women; and overweight/obese individuals needing close monitoring. At a briefing by Ho Chi Minh City Department of Preventive Medicine and Takeda Vietnam, experts explain why these groups are prone to complications. The danger phase often occurs days 3–7, even after fever subsides, and can progress to dengue shock syndrome, severe hemorrhage, or multi-organ failure. Ho Chi Minh City Hospital for Tropical Diseases treated two ill patients aged 16 and 21; one needed ECMO for over a month costing VND 1 billion, the other dialysis for 45 days; a 20-year-old died on September 8. Prevention relies on three measures: remove standing water and breeding sites, use bed nets, seek care for fever; discuss vaccination with health workers.",No,No,No,No,0,No,Yes,Yes,Yes,No,3,Yes,Yes,不明,ホーチミン市の予防医学局とTakeda社による重症化リスク啓発ブリーフィングに基づく記事。デング熱はベトナムで季節性に流行する風土病であり、本記事は特定の異常発生ではなく一般啓発・注意喚起が主目的。,
aHR0cHM6Ly9tYXdhemluLm5ldC9EZXRhaWxzLmFzcHg-amltYXJlPTI5MjMzMQ==,PICKUP,"コンゴ民主共和国における過去最悪のエボラ流行（感染8,300人、死者4,018人）で、7州に拡大し武装勢力支配地域も含むため、IHR基準・WPRO基準ともに複数該当する重大シグナル。",Ebola,Ituri; Democratic Republic of the Congo,"More than 4,000 deaths due to the Ebola outbreak in the Democratic Republic of the Congo.",أكثر من 4 آلاف وفاة جراء وباء إيبولا في الكونغو الديمقراطية,2026-10-03T07:33:51+00:00,https://mawazin.net/Details.aspx?jimare=292331,ARABIC,humans,"Ebola outbreak in the Democratic Republic of the Congo has killed more than 4,000 people out of 8,300 confirmed infections, authorities said on Friday, marking the seventeenth and deadliest outbreak in the country’s history. The latest totals show 8,300 infections, 4,018 deaths, and 2,162 recoveries, illustrating the substantial impact on communities across multiple provinces. Six Ebola cases, including four deaths, were recorded in North Kivu Province in the northeast, within areas controlled by armed groups. The outbreak began in Ituri Province in the northeast and has spread to seven provinces across the north and east, signaling a wide geographic footprint of transmission.",Yes,Yes,Yes,不明,3,Yes,Yes,Yes,Yes,Yes,5,Yes,Yes,Yes,史上17回目かつ最も致死的なエボラ流行とされ、武装勢力支配地域での感染確認もあり、対応の困難さが懸念される。致死率は約48%と非常に高い。,
aHR0cHM6Ly93d3cuYWFqa2FhbGRhaWx5LmNvbS9uZXdzL2xpdmUtZGVtb3Mtb2YtYW1idWxhbmNlLXNlcnZpY2Vz,DISMISS,世界狂犬病デーに合わせた啓発イベントの報道であり、実際の感染症発生や症例報告ではないため、トリアージ基準に該当しない。,Rabies,State of Gujarāt; Jamnagar,Jamnagar: Live demos of the 108 and 1962 animal ambulance services regarding rabies awareness were shown at Naghadi Kumar School.,જામનગર: નાઘેડી કુમાર શાળામાં રેબીઝ અવેરનેસ અંગે 108 અને 1962 પશુ એમ્બ્યુલન્સ સેવાઓના લાઈવ ડેમો દર્શાવાયા,2026-10-03T07:23:31+00:00,https://www.aajkaaldaily.com/news/live-demos-of-ambulance-services,GUJARATI,humans; animals,"World Rabies Day was marked at Naghadi Kumar School in Jamnagar district, Gujarat, with live demonstrations of 108 Emergency Ambulance and 1962 Animal Ambulance services to raise awareness about rabies. The event, led by Dr. Mohmmed Shoyeb Khan of EMRI Green Health Services’ roaming veterinary clinic, involved veterinarians, EMTs, and pilots. The theme 'Stronger Together' emphasized community involvement in rabies prevention, bite management, vaccination, and emergency response. Students were guided on post-bite first aid, dog bite precautions, timely treatment, and vaccination importance. The program highlighted emergency helplines, including 108 Emergency, 1962 Animal Ambulance, 181 Women Helpline, Child Helpline, Khilkhilat Vehicle Service, and 112 All-in-One Emergency Services. Demonstrations of the 108 Ambulance, Karuna Animal Ambulance, and roaming veterinary clinic were conducted to provide practical understanding. A quiz awarded prizes, reinforcing science-based knowledge and promoting animal welfare, social responsibility, and awareness of emergency services.",No,No,No,No,0,No,No,No,No,No,0,No,No,No,記事は狂犬病の啓発イベント・教育プログラムに関する内容であり、実際の発生事例の報告ではない。,
aHR0cHM6Ly9jb2JyYXBvc3QuY29tL2Jsb2cvMjQtbmF0aW9uYWwtdW5pdHktZGF5LXBhcmFkZS1wZXJzb25uZWwtdGVzdC1wb3NpdGl2ZS1mb3ItZGVuZ3VlLWluLWd1amFyYXQ=,WATCH,グジャラート州でのデング熱クラスター（24人入院）だが、インドでは季節性に流行する既知の疾患であり重症度・異常性は限定的。特定グループ内での発生動向を注視する。,Dengue,State of Gujarāt; Gandhinagar; Republic of India,,24 National Unity Day Parade Personnel Test Positive For Dengue In Gujarat,2026-10-03T05:48:36+00:00,https://cobrapost.com/blog/24-national-unity-day-parade-personnel-test-positive-for-dengue-in-gujarat,ENGLISH,humans; vectors,"As of 3 October 2026, dengue outbreak linked to visiting security and cultural contingents in Gujarat has left at least 24 personnel hospitalized in Gandhinagar, who were rehearsing for National Unity Day celebrations. According to NDTV, dozens more remain under observation after presenting fever, joint pain, and muscle aches over the last 48 hours. Senior medical officers reported the affected individuals are part of contingents preparing for the event, underscoring ongoing transmission among those involved in the National Unity Day rehearsals in Gujarat.",No,No,No,No,0,No,No,Yes,Yes,No,2,Yes,不明,No,デング熱はインドで季節性に流行する風土病的疾患であり、今回は国家統一デー関連の要員間での集団発生という特異性はあるが、重症度・国際的影響は限定的と判断。続報（感染規模拡大、死亡例等）があればPICKUPに格上げを検討。,
aHR0cHM6Ly9iYW9oYXRpbmgudm4vZ2lhLXRhbmctYmVuaC10cnV5ZW4tbmhpZW0tby10cmUtbmdhbmgteS10ZS1raHV5ZW4tY2FvLXBob25nLW5ndWEtcG9zdDMxODEyMi5odG1s,WATCH,季節性の小児呼吸器・手足口病の増加報告であり、重症例は一部あるが国際的拡大や渡航制限等の懸念は見られず、通常の季節性流行の範囲内と考えられるため経過観察とする。,Respiratory Syncytial Virus (RSV) Infection; COVID-19; Measles; Pertussis; Enterovirus 71; Seasonal Influenza,Socialist Republic of Vietnam,"Rise in infectious diseases among children, the health sector urges preventive measures.","Gia tăng bệnh truyền nhiễm ở trẻ, ngành y tế khuyến cáo phòng ngừa",2026-10-03T08:00:00+00:00,https://baohatinh.vn/gia-tang-benh-truyen-nhiem-o-tre-nganh-y-te-khuyen-cao-phong-ngua-post318122.html,VIETNAMESE,humans,"From July 1, 2026 to October 3, 2026, Ha Tinh Province, Vietnam, reports rising pediatric infectious diseases, led by Respiratory Syncytial Virus (RSV) and hand-foot-mouth disease, with other circulated pathogens including seasonal influenza, adenovirus, COVID-19, measles, and pertussis. Ha Tinh General Hospital’s Pediatric Department notes RSV admissions averaging 15–20 daily, totaling over 160 RSV hospitalizations in September, many progressing to pneumonia and respiratory failure. Nationwide, under-15 RSV cases reach 435; COVID-19 82; hand-foot-mouth 61; measles 7; pertussis 2. RSV begins with mild upper-respiratory symptoms but can advance to bronchiolitis and severe respiratory distress in young children; transmission is via droplets and direct contact; no specific antiviral exists. A 5-month-old, N.H.L. from Toàn Lưu, recovered after timely care. Hand-foot-mouth presents with fever, mouth sores, and vesicular rash on hands/feet; 61 cases since early July. Authorities urge vigilance, avoid self-medicating with antibiotics, and reinforce infection control and surveillance.",No,No,No,No,0,No,Yes,Yes,Yes,No,3,Yes,Yes,No,RSVや手足口病による小児入院増加は季節性のものであり、国際的な公衆衛生緊急性は低いが、重症化例（肺炎・呼吸不全）が報告されているため地域の医療機関への負荷を注視する必要がある。,
aHR0cHM6Ly9mci5hZnJpY2FuZXdzLmNvbS8yMDI2LzEwLzAzL3JkYy1sZXNwb2lyLWR1bi10cmFpdGVtZW50LXByZXZlbnRpZi1jb250cmUtZWJvbGEv,PICKUP,"コンゴ民主共和国でのブンディブギョ型エボラ流行が8,300例・死者4,018例（致死率48.4%）に達し、7州に拡大、暴力や住民移動により監視・接触者追跡が困難で、西アフリカ2014-16年流行を超える懸念があるため、フルリスク評価が必要。",Ebola,Kigali Province; Ituri; Democratic Republic of the Congo; Republic of Rwanda,DRC: Hope for a preventive treatment against Ebola.,RDC : l'espoir d'un traitement préventif contre Ebola,2026-10-03T08:04:26+00:00,https://fr.africanews.com/2026/10/03/rdc-lespoir-dun-traitement-preventif-contre-ebola/,FRENCH,humans,"In the Democratic Republic of the Congo, the Bundibugyo Ebola outbreak is testing a post-exposure prophylaxis (EBO-PEP) antiviral in Rwampara, Ituri Province, with over 250 exposed participants and a target of about 1,000 adults and youths over 12. Initiated in July, the trial administers the experimental antiviral to recent contacts of a confirmed case, with daily follow-up for 21 days and up to 42 days. Some participants joined after losing relatives; ALIMA coordinates the study. No vaccine or approved treatment exists specifically for Bundibugyo Ebola; the Ervebo vaccine is used for frontline health workers, but its protection against Bundibugyo remains uncertain. As of 2 October, the outbreak has 8,300 confirmed cases and 4,018 deaths (case fatality 48.4%), with >2,000 recoveries, across seven northern and eastern provinces. Violence, displacement, and access barriers hinder surveillance and contact tracing, fueling concern it could exceed West Africa’s 2014–2016 toll (~11,000 deaths).",Yes,Yes,Yes,不明,3,Yes,Yes,Yes,Yes,Yes,5,Yes,Yes,Yes,記事ではルワンダ（Kigali Province）も発生地域として挙げられているが、記事本文はコンゴ民主共和国（イトゥリ州）での流行・治験に焦点を当てており、ルワンダは対象国リストに含まれないため除外した。,
aHR0cHM6Ly90YWFyaWZhLnJ3LzIwMjYvMTAvMDMvYWZjLW0yMy10aWdodGVuLXJlc3BvbmQtYWdhaW5zdC1lYm9sYS02LWNhc2VzLXJlcG9ydGVkLw==,PICKUP,DRC北キブ州でエボラ出血熱の新規症例（死亡例を含む）が確認され、紛争地域での対応という管理上の課題もあり、IHR基準・WPRO基準の双方で複数該当するためフルリスク評価が必要。,Ebola,Butembo; Alimbongo; Kayna; Goma; Province du Nord-Kivu; Democratic Republic of the Congo,,"AFC/M23 Tighten Respond Against Ebola, 6 Cases Reported - Taarifa Rwanda:",2026-10-03T08:22:17+00:00,https://taarifa.rw/2026/10/03/afc-m23-tighten-respond-against-ebola-6-cases-reported/,ENGLISH,humans,"As of 3 October 2026, six Ebola virus disease (EVD) cases have been detected in North Kivu Province, DRC, according to AFC/M23 authorities. Four cases were identified in Alimbongo and two in Kayna; investigations indicate the cases are linked to imported contamination from Butembo. Four detections occurred after post-mortem sample collections, while two symptomatic patients are currently receiving care. Health teams are intensifying surveillance, expanding the search for suspected cases, and identifying and following contacts to rapidly interrupt transmission. The rebel administration says contact tracing and case management are being reinforced to prevent further spread. A meeting of AFC/M23 leadership held on 2 October in Goma assessed the epidemiological situation and ordered urgent measures to strengthen the response.",Yes,Yes,Yes,不明,3,Yes,Yes,Yes,Yes,Yes,5,Yes,Yes,Yes,北キブ州は武装勢力AFC/M23が実効支配する地域であり、通常の公衆衛生対応体制が機能しにくい可能性がある点に留意。ブテンボからの輸入感染とされ、接触者追跡・症例管理の継続状況を注視する必要がある。,
aHR0cHM6Ly93d3cuc2V0bi5jb20vbmV3cy8xOTE2Nzc3,DISMISS,単一家族内の食中毒事例であり、広範な集団発生や公衆衛生上の緊急性を示す情報はなく、啓発的な生活情報記事の性質が強い。,Paratyphoid; Typhoid,Liaoning Sheng; Shenyang,Fried eggs nearly cost them their lives! A family of three poisoned and hospitalized; experts suspect one cleaning step gone too far in the pursuit of cleanliness.,吃炒蛋險奪命！一家3口集體中毒送醫　專家曝疑因「1步驟」太愛乾淨惹禍,2026-10-03T08:14:21+00:00,https://www.setn.com/news/1916777,CHINESE,humans; environment,"In Shenyang, Liaoning Province, China, a family of three was hospitalized after eating fried eggs, with investigators linking the illness to washing eggs before storage. The water removes the eggshell’s natural protective film, allowing microbes, including Salmonella, to invade and accelerate spoilage, and refrigeration cannot fully prevent contamination. If eggs have already been washed, cook them promptly and consume quickly; if refrigerated, finish within three days and keep separate from ready-to-eat foods. Do not freeze eggs; for visibly dirty shells, wipe with a dry cloth instead of washing. Key storage guidance: never wash before storage, avoid mixing with other foods, and store the larger end up to preserve the air cell and extend freshness. When buying eggs, avoid shells with heavy fecal matter or bloodstains. No broader outbreak details beyond this incident were reported.",No,No,No,No,0,No,No,No,No,No,0,No,No,No,記事は食品衛生啓発（卵の洗浄・保存方法）が主眼であり、疾病名にParatyphoid/Typhoidが付与されているが本文はサルモネラによる単発食中毒事例の説明であり、広域アウトブレイクの情報はない。,
aHR0cHM6Ly93d3cubW5ld3MudHcvZXh0ZXJuYWwvbWlycm9yZGFpbHk4OTQyOA==,PICKUP,日本国内で季節性インフルエンザ（H1N1優勢株）が9週連続増加し前年比10倍という異常な規模で拡大、複数国（中国・香港・韓国・シンガポール・米国）でも同様の増加が報告されており国際的拡大の可能性がIHR基準に該当するため。,Human Infection with Swine Influenza A H1N1; Influenza,Tokyo Prefecture; Tokyo; Kanagawa; Okinawa; Chiba-ken; Chiba; Aichi-ken; Republic of Korea; United States; Japan; Hong Kong Special Administrative Region; Republic of Singapore; Taiwan,"Japan's influenza outbreak has risen for nine consecutive weeks; cases are ten times higher than last year; Taiwan CDC urges ""Left Drift, Right New"" as people travel abroad again.",日本流感疫情連9週上升！病例為去年10倍　疾管署籲「左流右新」再出國,2026-10-03T07:44:00+00:00,https://www.mnews.tw/external/mirrordaily89428,CHINESE,humans,"Taiwan's CDC issued an epidemic alert on 2026-10-03 warning that Japan's influenza activity has risen for nine straight weeks, with Okinawa, Tokyo, and Aichi reporting the highest case counts. Similar upticks are seen in nearby areas and abroad, including China, Hong Kong, Korea, Singapore, and the United States. Taiwan activated the dual vaccination campaign 'Left Drift, Right New' on October 1 and urges travelers to complete vaccination before departure to reduce risk of severe disease and complications. Japanese data from the Ministry of Health, Labour and Welfare show Week 38 (Sept 14–20) influenza-like illness sentinel cases averaged 8.48 per facility, up 53.1% from 5.54 prior week, and roughly ten times last year's 0.8. Those aged 70+ accounted for 47.5% of cases. The predominant strain is H1N1. Across Japan's 47 prefectures, 44 reported increases, with the top five Okinawa, Tokyo, Aichi, Kanagawa, and Chiba.",No,Yes,Yes,No,2,Yes,Yes,Yes,Yes,No,4,Yes,Yes,No,主たる発生国は日本（対象国リスト外）。中国・香港等は『類似した増加が見られる』との付随的言及に留まり、具体的な発症データが示されていないため、対象国リストの基準上verified_locationsには含めていない。季節性インフルエンザ（H1N1）であり新規病原体ではないが、異常な増加率と高齢者における重症化傾向がみられるため、続報の確認が望ましい。,
aHR0cHM6Ly9mci5hcGFuZXdzLm5ldC9oZWFsdGgvcmRjLWxlcGlkZW1pZS1kZWJvbGEtZnJhbmNoaXQtbGUtY2FwLWRlcy00LTAwMC1kZWNlcy8=,PICKUP,"DRCでのエボラ大規模流行（8,300症例、4,018死亡）が7州63保健地域に拡大し、ワクチン未対応のブンディブギョ型ウイルスも循環しており、国際的拡大リスクと公衆衛生への深刻な影響が認められる。",Ebola,Tshopo; South Kivu Province; Bas Uele; Haut Uele; Mangbwalu; Province du Sud-Ubangi; Ituri; Democratic Republic of the Congo,"DRC: the Ebola epidemic surpasses 4,000 deaths.",RDC : l'épidémie d'Ebola franchit le cap des 4 000 décès,2026-10-03T08:25:17+00:00,https://fr.apanews.net/health/rdc-lepidemie-debola-franchit-le-cap-des-4-000-deces/,FRENCH,humans,"Ebola virus disease in the Democratic Republic of Congo surpassed 4,000 deaths with 8,300 confirmed cases and 4,018 fatalities, and 2,162 recoveries; case fatality around 48.4%. The outbreak spans 63 health zones across seven provinces—Ituri, North Kivu, South Kivu, Haut-Uele, Bas-Uele, Tshopo and Sud-Ubangi—with Ituri hardest hit, especially Mandima, Nia Nia and Mongbwalu. By Oct 2, 2026, the total reached 8,300 cases and 4,018 deaths; earlier tallies showed 7,890 cases/3,799 deaths (Sept 23) and 8,067/3,901 (Sept 26). The OMS reported declining new cases and deaths over the last two 14-day periods, but transmission remains high in several zones. Vaccination efforts face a challenge: the Bundibugyo virus, for which Ervebo is not licensed, is circulating. On Aug 20, 70,000 Ervebo doses were allocated; 20,000 for a phase III trial against Bundibugyo, 50,000 for health workers. Security and access constraints in Ituri hinder response; ongoing transmission and community deaths persist.",Yes,Yes,Yes,不明,3,Yes,Yes,Yes,Yes,Yes,5,Yes,Yes,Yes,致死率約48.4%と高く、治安・アクセス制約が対応を阻害。ワクチン未対応株（Bundibugyo）循環により流行制御の不確実性が高い。既に大規模流行として継続監視中の既知イベントと推測されるが、深刻度・拡大性からPICKUP判定とする。,
aHR0cHM6Ly93d3cua3VyaXIucnMvcGxhbmV0YS8xMDEyMjU1NC9rdWdhLWxhYm9yYXRvcmlqYS1pcmt1dHNrLWRldm9qa2EtcnVzaWph,PICKUP,ロシア・イルクーツクの国立ペスト研究所で研究者が肺ペストに感染し死亡、約200人が隔離されるなど、重大かつ異常な事案でIHR基準に2項目該当するため。,Pneumonic Plague; Plague,Irkutskaya Oblast’; Irkutsk; Shelekhov; Russian Federation; Republic of Madagascar,"Darja (28) broke a test tube, died of the plague after four days: Accident in a state laboratory, more than 200 people in quarantine! Dramatic situation in Siberia.","DARJA (28) SLOMILA EPRUVETU, UMRLA OD KUGE POSLE ČETIRI DANA: Nesreća u državnoj laboratoriji, više od 200 ljudi u karantinu! Dramatična situacija u Sibiru",2026-10-03T08:38:16+00:00,https://www.kurir.rs/planeta/10122554/kuga-laboratorija-irkutsk-devojka-rusija,SERBIAN,humans,"28-year-old Darja S., a laboratory technician at the Irkutsk-based State Institute for the Fight Against Plague in eastern Siberia, died of pneumonic plague after a vial containing Yersinia pestis broke on Sept 25. About 200 people who had contact with her were isolated or moved for medical surveillance; the hospital ward was quarantined and admissions/discharges suspended in several departments. She was admitted to a hospital in Shelekhov (about 20 km from Irkutsk) on Sept 29 and died in the night of Oct 2. Authorities confirmed the fatal plague; the institute has not issued a public statement, and officials say no symptoms have appeared among contacts so far. Globally, plague persists with 423 deaths reported 2019–2025 (WHO), most in Congo and Madagascar. Pneumonic plague is deadly if untreated; antibiotics are effective and a vaccine is under development. It remains unclear why she could not be saved.",Yes,Yes,No,No,2,Yes,Yes,No,Yes,不明,3,Yes,Yes,不明,事案はロシア（イルクーツク）で発生したラボ内感染事故であり、対象国リストに含まれないため verified_locations は空配列。DRC・マダガスカルは世界的な流行状況の文脈で言及されているのみで、本事案の発生地ではない。,
aHR0cHM6Ly93d3cuYW50YXJhbmV3cy5jb20vYmVyaXRhLzU3Njk4ODQvdW1pLXNpYXBrYW4tdGltLW11bHRpZGlzaXBsaW4tcGVya3VhdC1rb25zb3JzaXVtLXRi,DISMISS,大学による研究・教育体制強化に関する発表であり、新規アウトブレイクや異常事態の報告ではないため、シグナルとしての緊急性は低い。,Tuberculosis,Provinsi Sulawesi Selatan; Makassar; Republic of Indonesia,UMI Prepares Multidisciplinary Team to Strengthen the TB Consortium.,UMI siapkan tim multidisiplin perkuat Konsorsium TB,2026-10-03T08:47:29+00:00,https://www.antaranews.com/berita/5769884/umi-siapkan-tim-multidisiplin-perkuat-konsorsium-tb,INDONESIAN,humans; environment,"Makassar, Indonesia — Universitas Muslim Indonesia (UMI) Makassar is assembling a multidisciplinary team to strengthen the TB Consortium, aiming for a university-led response to tuberculosis. Rector Prof Dr Hambali Thalib said TB management requires cross-disciplinary approaches and that the university can integrate education, research, and community service. UMI will deploy a data-driven strategy across faculties, with Medicine as the leading sector, and Pharmacy, Public Health, Economics, Engineering and others contributing as needed. The plan emphasizes identifying whether local TB burdens stem from health, environmental, or genetic factors to tailor interventions. Plt. Head of LLDIKTI IX Prof dr Budu noted the TB Eradication Consortium will coordinate with three ministries: Health, Home Affairs, and Education, Science and Technology. Indonesia accounted for about 10% of global TB cases in 2024 and ranks second worldwide in TB burden.",No,No,No,No,0,No,不明,No,No,No,0,No,Yes,No,結核は既知の地域流行疾患であり、本記事は大学主導の体制強化・研究イニシアチブに関する内容。新規の症例急増や異常事態の報告はない。,
aHR0cHM6Ly90ZzI0LnNreS5pdC9tb25kby92aWRlby8yMDI2LzEwLzAzL2Vib2xhLXNpLWFnZ3JhdmEtbGEtc2l0dWF6aW9uZS1pbi1jb25nby1vbHRyZS00bWlsYS1tb3J0aS0xMTI4ODM2,PICKUP,DRCにおけるエボラ出血熱の大規模アウトブレイクで、致死率約50%、死者4000人超と深刻な公衆衛生上の影響があり、国際的拡大・渡航制限のリスクも懸念されるためIHR基準を複数満たす。,Ebola,Democratic Republic of the Congo; Republic of Angola,"Ebola, the situation in the Democratic Republic of the Congo worsens: over 4,000 deaths.","Ebola, si aggrava la situazione in Congo: oltre 4mila morti",2026-10-03T08:44:30+00:00,https://tg24.sky.it/mondo/video/2026/10/03/ebola-si-aggrava-la-situazione-in-congo-oltre-4mila-morti-1128836,ITALIAN,humans,"As of 3 October 2026, Ebola in the Democratic Republic of the Congo is worsening, with 4,018 deaths among 8,300 confirmed cases across seven provinces, yielding a case fatality rate near 50%. The Ministry of Health reports the rising toll, while Médecins Sans Frontières cautions the true figure may be higher. This outbreak is the deadliest Ebola episode recorded in the Democratic Republic of the Congo to date and the second-largest globally, behind West Africa’s 2014–2016 epidemic. The report underscores ongoing transmission and the strain on health systems. The article provides no details on symptoms, transmission sources, vaccination status, or imported/exported cases, but the data indicate a severe, expanding public health crisis.",Yes,Yes,Yes,Yes,4,Yes,Yes,Yes,Yes,Yes,5,Yes,Yes,Yes,記事はDRCにおけるエボラ流行のみを主題としており、Angolaへの言及は本文サマリーにないため除外。MSFが実際の数値はさらに多い可能性を指摘しており、過小報告のリスクあり。,
aHR0cHM6Ly93d3cuemFvYmFvLmNvbS5zZy9uZXdzL2NoaW5hL3N0b3J5MjAyNjEwMDMtOTc3ODQ3MQ==,DISMISS,季節性感染症（インフルエンザ・COVID-19・デング熱等）に関する定例の公衆衛生注意喚起であり、異常な流行や重篤な影響は報告されていない。,Norovirus; COVID-19; Influenza; Enterovirus 71; Chikungunya; Dengue,People's Republic of China,China CDC Health Risk Alert: Influenza Activity Fluctuates at Moderate-to-Low Levels.,中疾控健康风险提示：流感中低流行水平波动,2026-10-03T08:50:00+00:00,https://www.zaobao.com.sg/news/china/story20261003-9778471,CHINESE,humans; vectors; environment,"China CDC health risk alert (Published 2026-10-03) notes influenza activity fluctuates at moderate-to-low levels across China during the Oct 1-7 National Day holiday travel period, while COVID-19 remains at low endemic levels. With increased population movement, authorities urge masking at transport hubs and indoor venues to curb respiratory disease spread. Mosquito-borne diseases persist in southern provinces, with dengue fever and chikungunya fever presenting scattered cases and local clusters; residents are advised to eliminate standing water to reduce vector breeding. Holidays raise risks of norovirus infections and hand-foot-mouth disease due to gatherings and suboptimal food/water hygiene. The WeChat risk alert was published on Oct 2. For outbound travel, travelers should monitor destination-specific infectious disease risks and report overseas travel history if ill after return. Flu vaccination is emphasized as it reduces severe outcomes; the flu season begins in October regionally, prompting early vaccination near home.",No,No,No,No,0,No,No,No,No,No,0,No,No,No,国慶節連休に伴う通常の季節性感染症注意喚起であり、複数疾患（インフルエンザ、COVID-19、デング、チクングニア、ノロウイルス、手足口病）に言及しているが、いずれも中低水準・散発的との記述でシグナルとしての緊急性は低い。,
aHR0cHM6Ly93d3cubGFwcmVzc2UudG4vMjAyNi8xMC8wMy9yZGMtbGVwaWRlbWllLWRlYm9sYS1kZXBhc3NlLWxlcy00LTAwMC1tb3J0cy1ldC1kZXZpZW50LWxhLXBsdXMtbWV1cnRyaWVyZS1kZS1saGlzdG9pcmUtZHUtcGF5cy8=,PICKUP,"エボラ出血熱がDRC史上最悪の流行となり死者4,000人超・7州に拡大、紛争地域での対応困難と国際的拡大リスクがあり、IHR基準・WPRO基準ともに複数該当するためフルRRAへ進むべき。",Ebola,Ituri; Democratic Republic of the Congo; Republic of Rwanda,"DRC: The Ebola epidemic surpasses 4,000 deaths and becomes the deadliest in the country's history.",RDC : l'épidémie d'Ebola dépasse les 4 000 morts et devient la plus meurtrière de l'histoire du pays - La Presse de Tunisie,2026-10-03T08:51:34+00:00,https://www.lapresse.tn/2026/10/03/rdc-lepidemie-debola-depasse-les-4-000-morts-et-devient-la-plus-meurtriere-de-lhistoire-du-pays/,FRENCH,humans,"Ebola in the Democratic Republic of the Congo has surpassed 4,000 deaths among about 8,300 confirmed cases, making it the deadliest outbreak in the country’s history (the 17th Ebola outbreak there). As of Oct 2, 2026, 4,018 deaths and 2,162 recoveries are reported. In North Kivu, six Ebola cases were noted, four of which were fatal, in areas controlled by the M23 rebels; M23, reportedly backed by Rwanda, announced these figures. The outbreak began in Ituri province and has spread to seven provinces in the north and east. Response is hampered by resource shortages, armed groups, and public mistrust in health authorities amid insecurity. The UN says violent clashes disrupted response in Ituri; a treatment center was burned, and soldiers reportedly entered a site hosting displaced people, causing evacuations. WHO had shown encouraging signs by mid-September, but AU health officials say the epidemic remains uncontrolled.",Yes,Yes,Yes,不明,3,Yes,Yes,Yes,Yes,Yes,5,Yes,Yes,Yes,ルワンダは発生地域として付与されているが、記事はM23がルワンダに支援されていると報じているのみで、ルワンダ国内での発生は確認されないため除外した。武力紛争による対応阻害、治療センター焼失など不安定要因が深刻。,
aHR0cHM6Ly9hY3R1YWxpdGUuY2QvMjAyNi8xMC8wMy9lYm9sYS1lbi1yZGMta2luc2hhc2EtbWV0LWVuLXBsYWNlLXVuLXBsYW4tZGUtcHJlcGFyYXRpb24tZXQtZGUtcmVwb25zZS1kZS0xODAtam91cnM=,PICKUP,"エボラ（ブンディブギョ株）がDRC7州63保健区に拡大し、確認症例8,300件、死亡4,018件（致死率約48.4%）に達する大規模アウトブレイクであり、IHR基準・WPRO基準ともに複数該当するためフルリスク評価が必要。",Ebola,Tshopo; South Kivu Province; Province du Sud-Ubangi; Kinshasa City; Ituri; Kinshasa; Democratic Republic of the Congo,Ebola in the DRC: Kinshasa puts in place a 180-day preparedness and response plan valued at 1.2 billion USD.,"Ebola en RDC : Kinshasa met en place un plan de préparation et de réponse de 180 jours chiffré à 1,2 milliard USD",2026-10-03T08:50:19+00:00,https://actualite.cd/2026/10/03/ebola-en-rdc-kinshasa-met-en-place-un-plan-de-preparation-et-de-reponse-de-180-jours,FRENCH,humans,"DR Congo launches a 180-day, $1.2 billion preparedness and response plan for Ebola virus disease, Bundibugyo strain, following official declaration on May 15, 2026. The plan aims to sustain surveillance, patient care, contact tracing, and community prevention as the outbreak spreads across seven provinces and 63 health zones, with Ituri as the main hotspot. At a Kinshasa press briefing on Oct 2, INSP Director-General Dieudonné Mwamba outlined the plan and stressed transparency and accountability in resource use, urging partners to confirm their commitments. Health Minister Samuel Kamba reported involvement of 97 partners, but only 25% had justified resources; noncompliant organizations may be contacted or removed. Incident Manager Steve Ahuka Mundeke provided epidemiological figures: 8,300 confirmed cases and 4,018 deaths (approx. 48.4% case fatality), with over 2,100 recoveries. Affected provinces: Ituri, North Kivu, South Kivu, Haut-Uélé, Bas-Uélé, Tshopo, Sud-Ubangi.",Yes,Yes,Yes,Yes,4,Yes,Yes,Yes,Yes,Yes,5,Yes,Yes,Yes,既に2026年5月15日に公式宣言された既知のアウトブレイクに関する続報。致死率約48.4%と非常に高く、97パートナーのうち資源確保が確認できたのは25%のみという資金・リソースギャップが指摘されている。国際支援ニーズが明確。,
aHR0cHM6Ly93d3cuc3RhLnNpL2h0dHAucGhwP2lkPTM2MDU5NzI=,PICKUP,"過去最悪規模のエボラ流行で死者4,018人、症例8,300人と公衆衛生への深刻な影響があり、IHR基準の複数該当とWPRO基準も満たすためフルRRAに進むべき。",Ebola,Kinshasa City; Kinshasa; Democratic Republic of the Congo,"In the DRC, more than 4,000 people have died due to an Ebola outbreak.",V DR Kongo zaradi izbruha ebole umrlo več kot 4000 ljudi,2026-10-03T08:57:00+00:00,https://www.sta.si/http.php?id=3605972,SLOVENIAN,humans,"Democratic Republic of the Congo is facing the worst Ebola outbreak ever recorded. Congolese authorities reported in Kinshasa on October 3 that the outbreak has claimed more than 4,000 lives, with the death toll at 4,018. A total of 8,300 cases have been laboratory-confirmed. The report underscores that this is the deadliest Ebola outbreak to date. All figures refer to confirmed cases and deaths, and no information on specific infection sources or affected provinces is provided in the article. The data reflect the ongoing, severe impact of Ebola in the DRC, marking a critical public health emergency for the country.",Yes,Yes,不明,不明,2,Yes,Yes,Yes,Yes,Yes,5,Yes,Yes,Yes,記事は感染源や具体的な感染州については言及していないが、過去最悪規模のエボラ流行として深刻度が高く、国際的な支援ニーズが示唆される。,
aHR0cHM6Ly90aWVucGhvbmcudm4vZGEtbmFuZy1naGktbmhhbi0yLWNhLXNvdC1yZXQtbmdvYWktbGFpLW5ndW9pLWJlbmgtdHVuZy1vLWNoYXUtcGhpLXBvc3QxODgxNzk2LnRwbw==,WATCH,ベトナム・ダナンで輸入マラリア症例が2例確認されたが、現時点で散発的な輸入例に留まり、二次感染の報告はなく、国際的拡大のリスクは低い。地域CDCが監視強化を呼びかけており、今後の推移を注視する必要がある。,Malaria Falciparum; Malaria,Côte d’Ivoire; Da Nang; Africa; Thành Phố Đà Nẵng; Federal Republic of Nigeria; Republic of Cote d'Ivoire; Socialist Republic of Vietnam,"Da Nang records 2 imported malaria cases, patients who had previously been in Africa.","Đà Nẵng ghi nhận 2 ca sốt rét ngoại lai, người bệnh từng ở châu Phi",2026-10-03T08:41:59+00:00,https://tienphong.vn/da-nang-ghi-nhan-2-ca-sot-ret-ngoai-lai-nguoi-benh-tung-o-chau-phi-post1881796.tpo,VIETNAMESE,humans,"Two imported malaria cases in Da Nang, Vietnam, involve travelers returning from Africa. Between September 29 and October 1, Da Nang recorded two malaria cases with epidemiological links to Africa: one had stayed in Nigeria and the other had been in Côte d’Ivoire before returning. Laboratory testing confirmed Plasmodium falciparum infection in both cases; they are currently receiving treatment at Da Nang Hospital. Plasmodium falciparum is a highly dangerous malaria parasite capable of severe disease and life-threatening complications if not promptly diagnosed and treated. The city’s CDC calls for enhanced surveillance, early detection, rapid testing, and timely management to prevent secondary transmission. Health facilities should screen for fever, chills, sweating, or unexplained fatigue, especially in people with recent travel to malaria-endemic regions, and report suspected cases immediately. Since January, Da Nang has recorded four imported P. falciparum malaria cases.",No,No,No,No,0,No,Yes,不明,Yes,No,2,不明,Yes,No,症例はいずれもアフリカ（ナイジェリア、コートジボワール）渡航歴のある輸入例であり、ベトナム国内での感染ではない。コートジボワール・ナイジェリアは対象国リストに含まれないため除外。地域CDCは監視強化と早期発見・治療を呼びかけているが、二次感染の兆候は報告されていない。,
aHR0cHM6Ly93d3cubGl2ZWhpbmR1c3Rhbi5jb20vYnJhbmQtc3Rvcmllcy9oaXYtYW5kLWhlcGF0aXRpcy10ZXN0aW5nLXRvLWJlZ2luLXNvb24tYXQtZ292ZXJubWVudC1kcnVnLWRlLWFkZGljdGlvbi1jZW50cmVzLTIwMTc5MTAxNzcyNjIyNS5odG1s,DISMISS,既存の公衆衛生対策（検査体制の拡充）に関する行政施策の報道であり、アウトブレイクや異常事態ではないため該当基準なし。,Hepatitis B; Hepatitis C; HIV,State of Punjab; Republic of India,HIV and Hepatitis Testing Soon in Government De-Addiction Centers.,सरकारी नशा मुक्ति केंद्रों में एचआईवी और हेपेटाइटिस की जांच जल्द,2026-10-03T08:59:42+00:00,https://www.livehindustan.com/brand-stories/hiv-and-hepatitis-testing-to-begin-soon-at-government-drug-de-addiction-centres-201791017726225.html,HINDI,humans,"Punjab government to begin HIV, Hepatitis B, and Hepatitis C testing in government drug de-addiction and rehabilitation centers, linking 'Triple H' screening to the War Against Drugs initiative. The move aims to screen people undergoing rehabilitation for blood-borne infections, enable timely treatment, and connect patients to ongoing care and medical monitoring. Acknowledging higher risk among those who inject drugs, health minister Dr. Balbir Singh emphasized early diagnosis and counseling. Rather than periodic camps, screening will be integrated into the de-addiction process to provide regular testing and identify those needing further tests or treatment during care. In August, Punjab adopted NAT and CLIA testing to strengthen rapid identification and blood safety for HIV, Hepatitis B and C. Free testing for these infections is available at all general clinics. Private centers have started, with government centers to follow, aiming for seamless screening, treatment, referrals, and follow-up.",No,No,No,No,0,No,No,No,No,No,0,No,Yes,No,これは麻薬依存症治療施設におけるHIV・肝炎検査体制の拡充という保健政策に関する記事であり、新規感染症の発生や流行を報告するものではない。,
aHR0cHM6Ly93d3cubGl2ZWhpbmR1c3Rhbi5jb20vdXR0YXItcHJhZGVzaC9qYXVucHVyL3N0b3J5LWluY3JlYXNlZC1tb3NxdWl0by1wcm9saWZlcmF0aW9uLWxvY2FsLWNvdW5jaWwtaW50ZW5zaWZpZXMtZm9nZ2luZy1jYW1wYWlnbi1hZ2FpbnN0LWRlbmd1ZS1hbmQtbWFsYXJpYS0yMDE3OTEwMTc1MDYzMTAuaHRtbA==,DISMISS,確定症例の報告はなく、季節的な予防的防蚊対策についての行政広報記事であり、IHR・WPRO基準のいずれにも該当しない。,Malaria; Dengue,Uttar Pradesh; Jaunpur,Jaunpur News: Fogging was carried out in wards to prevent mosquito-borne diseases.,Jaunpur News: मच्छर जनित रोगों से बचाव को वार्डों में कराई गई फॉगिंग,2026-10-03T08:51:49+00:00,https://www.livehindustan.com/uttar-pradesh/jaunpur/story-increased-mosquito-proliferation-local-council-intensifies-fogging-campaign-against-dengue-and-malaria-201791017506310.html,HINDI,humans; vectors,"Jaunpur's Jafrababad Nagar Panchayat intensified fogging after the rainy spell to curb mosquito-borne diseases, notably dengue and malaria. Under Chairperson Umme Rahila, the campaign ran late into the evening across wards including Tadatala, Chak Mahmood, and Shekhwada, plus the main market and other areas. Fogging machines sprayed a chemical solution, targeting drains, water-logged locations, and garbage-prone zones to prevent larvae from breeding. Officials warned that post-monsoon periods heighten the risk of mosquito-borne illnesses. The article reports no confirmed cases, focusing instead on preventive vector-control measures to reduce transmission risk ahead of potential outbreaks as of 3 October 2026.",No,No,No,No,0,No,不明,No,No,No,0,No,No,No,記事は確定症例のない予防的な防蚊（フォギング）活動の報告であり、デング・マラリアの発生状況についての具体的データは含まれていない。,
aHR0cHM6Ly93d3cubWF0aHJ1Ymh1bWkuY29tL2hlYWx0aC9mZWF0dXJlcy9pbmZsdWVuemEtZmx1LXN5bXB0b21zLXZpcmFsLWluZmVjdGlvbi1ndWlkZS1qcjV2dTcyMg==,DISMISS,特定の集団発生や異常事態を報じるものではなく、インフルエンザに関する一般的な健康啓発記事であるため、シグナルとしての該当性は低い。,Influenza A; Influenza,State of Kerala,"Not just a waterborne fever, but a viral infection that weakens the body: influenza; immunity is paramount.","വെറും ജലദോഷപ്പനിയല്ല, ശരീരത്തെയാകെ തളർത്തുന്ന വൈറൽ അണുബാധയാണ് ഇൻഫ്ലുവൻസ; പ്രതിരോധം പ്രധാനം",2026-10-03T08:57:53+00:00,https://www.mathrubhumi.com/health/features/influenza-flu-symptoms-viral-infection-guide-jr5vu722,MALAYALAM,humans,"Influenza is a viral infection caused by influenza A and B. Annual antigenic changes enable reinfection. Symptoms appear abruptly and include fever, body pains, fatigue, dry cough, sore throat, and nasal congestion; children may have vomiting or diarrhea. Most recover in 5–7 days, though cough and fatigue can persist up to two weeks. Transmission occurs via droplets from coughs or sneezes, talking, or contaminated surfaces; contagious from one day before symptoms to about five days after onset. Prevention emphasizes vaccination (annual flu shot for those over 6 months), hand hygiene, covering coughs, and staying away from others when sick. Treatment centers on rest, fluids, and light nutrition; antibiotics are not effective against viruses. Antivirals may be used in high-risk patients if started within 48 hours. Seek care for breathing trouble, chest pain, fever lasting more than three days, or severe fatigue, especially in children. Reported from Thalassery Mission Hospital, Kerala.",No,No,No,No,0,No,No,No,No,No,0,No,No,No,記事は季節性インフルエンザの症状・予防・治療に関する一般啓発情報であり、特定の集団発生や異常な感染状況の報告ではない。ケララ州の病院名が言及されているが、これは情報源であり発生地という意味ではない。,
aHR0cHM6Ly93d3cuMjBtaW4uY2gvc3Rvcnkvc2liaXJpZW4tbGFib3JhbnRpbi1kYXJqYS0yOC1zdGlyYnQtYW4tcGVzdC1zcGl0YWwtdW50ZXItcXVhcmFudGFlbmUtMTAzNjQzNDMw,PICKUP,肺ペストによる死亡例が発生し、高い感染力と致死性を有する病原体であることから公衆衛生上重大な懸念があり、感染源（研究所事故か渡航歴か）も未確定で国際的拡大リスクの評価が必要なため。,Pneumonic Plague; Plague,Irkutskaya Oblast’; Irkutsk; Shelekhov; Russian Federation,Lab technician dies of the plague in Irkutsk: 200 people under observation.,Laborantin stirbt an Pest in Irkutsk: 200 Personen unter Beobachtung,2026-10-03T09:02:34+00:00,https://www.20min.ch/story/sibirien-laborantin-darja-28-stirbt-an-pest-spital-unter-quarantaene-103643430,GERMAN,humans; environment,"Plague death reported in Irkutsk region, Russia; 28-year-old laboratory technician Darja S. (also reported as Darja T.) died from pneumonic plague after exposure at the Irkutsk Antiplague Institute, which handles live Yersinia pestis cultures. In Schelechow, a hospital department near Irkutsk, the unit is quarantined and about 200 close contacts are under medical observation; no illnesses have yet been reported. The patient was admitted Tuesday with severe pneumonia and died Thursday; officials describe a suspected highly dangerous infection. Investigators have opened a criminal case over safety violations; sources differ on the infection source: a laboratory accident involving a broken reagent vial, or infection after a trip to Thailand. It is unclear whether cases are imported or linked to the lab. The WHO emphasizes pneumonic plague is highly contagious via droplets and can be fatal without prompt treatment. Public events in Irkutsk were canceled.",Yes,Yes,不明,不明,2,Yes,Yes,不明,Yes,不明,3,Yes,Yes,不明,事件はロシア・イルクーツク州で発生しており、対象国リストに含まれるタイへの渡航歴は感染源の一仮説として挙げられているに過ぎず、実際の発生国として確認できないためverified_locationsは空とした。感染源（研究所事故か渡航歴か）の確定情報が待たれる。,
aHR0cHM6Ly93d3cudHZvbmVuZXdzLmNvbS9iZXJpdGEvNDcwOTM2LXRlcm55YXRhLWluaS1hbGFzYW4taW5mbHVlbnphLWEtY2VwYXQtbWVudWxhci1zZWJhbnlhay0zMC1yaWJ1LWthc3VzLWRpdGVtdWthbi1kaS10YW5nZXJhbmc=,WATCH,タンゲランで季節性インフルエンザAの症例数が急増（29地区・全年齢層に拡大）しているが、重症度や死亡者数、国際的拡大の情報がなく、現時点ではフルリスク評価に進む根拠は不十分なため継続監視とする。,COVID-19; Influenza A,Banten; Tangerang; Republic of Indonesia,"Turns out this is why Influenza A spreads quickly, with as many as 30,000 cases found in Tangerang.","Ternyata Ini Alasan Influenza A Cepat Menular, Sebanyak 30 Ribu Kasus Ditemukan di Tangerang",2026-10-03T09:21:06+00:00,https://www.tvonenews.com/berita/470936-ternyata-ini-alasan-influenza-a-cepat-menular-sebanyak-30-ribu-kasus-ditemukan-di-tangerang,INDONESIAN,humans; environment,"Influenza A is driving a surge in Tangerang, Indonesia, with about 30,000 influenza A cases recorded from January to September 2026, per the Tangerang Health Office. In the last two months (August–September 2026) cases rose by roughly 5,000 per month. The Health Office notes rapid transmission resembles COVID-19, spreading mainly through close contact and respiratory droplets. Weather factors—persistent rains and dust—are cited as contributing to the rise, underscoring the need for healthy lifestyle and hygiene (PHBS) measures. Prevention emphasizes maintaining immune strength and health protocols to reduce close contact with patients. The surge affects nearly all age groups and spans 29 districts across Tangerang, not limited to a specific demographic.",不明,No,No,No,0,Yes,不明,Yes,Yes,No,3,不明,Yes,No,地方保健局（Tangerang Health Office）の統計に基づく報道で、症例数は多いが重症度・死亡・国際的拡大に関する情報がない。季節性要因（降雨・粉塵）が主因とされ、COVID-19との類似性が言及されているのみで、新規変異株等の異常性は確認されていない。,
aHR0cHM6Ly93d3cuY25iY2luZG9uZXNpYS5jb20vcmVzZWFyY2gvMjAyNjEwMDIxOTMyMTItMTI4LTc3MzAwNC9pbmZsdWVuemEtYS1yYW1haS1sYWdpLWRpLXJpLWluaS1zZWphcmFoLXBhbmphbmdueWE=,WATCH,季節性インフルエンザA(H1N1)pdm09の陽性率上昇が報告されているが、重症度や医療機関負荷は中〜低レベルであり、季節的パターンの範囲内とされているため、現時点ではフルRRAに進める根拠は乏しい。,Human Infection with Swine Influenza A H1N1; Influenza A; Influenza,Jawa Barat; Bandung; Republic of Indonesia,Influenza A Still Widespread in Indonesia; Here Is Its Long History.,"Influenza A Ramai Lagi di RI, Ini Sejarah Panjangnya",2026-10-03T09:32:33+00:00,https://www.cnbcindonesia.com/research/20261002193212-128-773004/influenza-a-ramai-lagi-di-ri-ini-sejarah-panjangnya,INDONESIAN,humans,"Influenza A remains widespread in Indonesia with rising activity, including Bandung where more residents visit health facilities and emergency rooms. National surveillance in Aug–Sep 2026 shows a 56% positivity rate among 265 sentinel specimens, with 148 testing positive for influenza, dominated by A(H1N1)pdm09. Despite the rise, primary care (puskesmas) activity is medium and hospitals low, reflecting a seasonal pattern in Indonesia. Influenza A is not a new virus; it has circulated for over a century. Symptoms include fever, myalgia, headache, nausea, and fatigue, with transmission mainly via respiratory droplets. Historically, the A type caused the 1918–1919 Spanish Flu (H1N1) with about 500 million infections and 20–50 million deaths. Virus identification occurred in 1933; vaccines began around 1942, and GISRS was established in 1952 to monitor global strains, with pandemics like the 1957 Asian Flu (H2N2).",No,No,No,No,0,No,No,Yes,Yes,No,2,Yes,不明,No,既知の季節性インフルエンザ(H1N1)pdm09による活動増加で、新規性や異常性は低い。プライマリケア・病院負荷も中〜低と報告されており、現時点ではWATCHが妥当。続報でサーベイランスデータの推移を確認する。,
aHR0cHM6Ly93d3cuenVybmFsMjQuc2kvc3ZldC91bXJsby16ZS12ZWMta290LTQwMDAtbGp1ZGktc21ydG5vc3QtdmlydXNhLTQ4LW9kc3RvdG5hLWRyLWtvbmdvLXZpcnVzLWVib2xhLTQ2NjExNA==,PICKUP,致死率48.4%・死者4000人超の大規模エボラ流行であり、ヒト-ヒト感染拡大、治安悪化による対応困難、国際支援（米国の追加資金拠出）も発生しているためフルRRAが必要。,Ebola,Ituri; Democratic Republic of the Congo; United States,"More than 4,000 people have already died; the virus's fatality rate is 48%.","Umrlo že več kot 4000 ljudi, smrtnost virusa 48-odstotna",2026-10-03T00:00:00+00:00,https://www.zurnal24.si/svet/umrlo-ze-vec-kot-4000-ljudi-smrtnost-virusa-48-odstotna-dr-kongo-virus-ebola-466114,SLOVENIAN,humans,"Over 4,000 people have died from the Ebola outbreak in the Democratic Republic of Congo, with 4,018 deaths among 8,300 confirmed cases and a case fatality rate of 48.4%, per AFP as of October 3, 2026. The outbreak, officially confirmed mid-May, spans northern and eastern DRC, with the first Bundibugyo-strain case recorded in Ituri province. Response efforts are hindered by public distrust and violence, including militia clashes in Ituri that displaced more than 5,000 people. In North Kivu, an attack on a health facility killed a contracted worker; a treatment center in Ituri burned. The United States plans an additional $267 million to curb spread. Trials of vaccines and therapies are under way, including initial doses of Ervebo for health workers, a vaccine previously effective against the Zaire ebolavirus strain.",Yes,Yes,不明,不明,2,Yes,Yes,Yes,Yes,Yes,5,Yes,Yes,Yes,米国は資金拠出国であり発生地域ではないためverified_locationsから除外。Bundibugyo株によるエボラ流行で、民兵による襲撃や治療施設焼失など対応が著しく困難な状況。,
aHR0cHM6Ly93d3cucnR2c2xvLnNpL3N2ZXQvYWZyaWthL3YtZHIta29uZ28temFyYWRpLW5hamh1anNlZ2EtZG9zbGVqLXphem5hbmVnYS1pemJydWhhLWVib2xlLXVtcmxvLXZlYy1rb3QtNDAwMC1sanVkaS83OTU2OTc=,PICKUP,致死率48.4%、死者4000人超という深刻な公衆衛生インパクトがあり、暴力・不信感による対応妨害や国際支援(米国の追加資金拠出)も発生しており、IHR基準・WPRO基準ともに複数該当する。,Ebola,Ituri; Democratic Republic of the Congo; United States,"In the DRC, more than 4,000 people have died due to the worst Ebola outbreak recorded to date.",V DR Kongo zaradi najhujšega doslej zaznanega izbruha ebole umrlo več kot 4000 ljudi,2026-10-03T09:33:52+00:00,https://www.rtvslo.si/svet/afrika/v-dr-kongo-zaradi-najhujsega-doslej-zaznanega-izbruha-ebole-umrlo-vec-kot-4000-ljudi/795697,SLOVENIAN,humans,"In the Democratic Republic of Congo, the worst Ebola outbreak on record has killed more than 4,000 people, with 8,300 confirmed cases and 4,018 deaths (case-fatality 48.4%). The outbreak, confirmed in mid‑May, has affected northern and eastern regions, with the initial case linked to Bundibugyo in Ituri province. Response is hampered by distrust and violence, as UN reports show more than 5,000 people displaced from Ituri after militia clashes; an Ebola treatment center was burned, and a contractor responsible for outbreak detection was killed in an attack on a health facility in North Kivu. Treatments and vaccines under evaluation include Ervebo, with first doses given to health workers under a clinical trial. Ervebo has previously shown efficacy against Zaire ebolavirus. The United States plans to provide an additional $267 million to contain the outbreak.",Yes,Yes,Yes,不明,3,Yes,Yes,Yes,Yes,Yes,5,Yes,Yes,Yes,米国は発生地域ではなく資金支援国として記載されているため verified_locations から除外した。,
aHR0cHM6Ly93d3cuZHcuY29tL2ZhLWlyLyVEOCVBNyVEOCVBRCVEOCVBQSVEOSU4NSVEOCVBNyVEOSU4NC0lRDglQjQlREIlOEMlRDklODglRDglQjktJUQ4JUI3JUQ4JUE3JUQ4JUI5JUQ5JTg4JUQ5JTg2LSVEOCVCMSVEQiU4QyVEOSU4OCVEQiU4Qy0lRDglQUYlRDglQjEtJUQ4JUIzJURCJThDJUQ4JUE4JUQ4JUIxJURCJTg=,PICKUP,肺ペスト疑いの死亡例が発生し、病院隔離・公共イベント中止などの対応がとられており、IHR基準の複数（深刻性・異常性・渡航制限）に該当するためフルリスク評価が必要。,Pneumonic Plague; Plague,Altayskiy Kray; Irkutskaya Oblast’; Irkutsk; Russian Federation,Risk of pneumonic plague outbreak in Siberia; hospital quarantine in Russia.,احتمال شیوع طاعون ریوی در سیبری؛ قرنطینه بیمارستانی در روسیه,2026-10-03T09:37:18+00:00,https://www.dw.com/fa-ir/%D8%A7%D8%AD%D8%AA%D9%85%D8%A7%D9%84-%D8%B4%DB%8C%D9%88%D8%B9-%D8%B7%D8%A7%D8%B9%D9%88%D9%86-%D8%B1%DB%8C%D9%88%DB%8C-%D8%AF%D8%B1-%D8%B3%DB%8C%D8%A8%D8%B1%DB%8C-%D9%82%D8%B1%D9%86%D8%B7%DB%8C%D9%86%D9%87-%D8%A8%DB%8C%D9%85%D8%A7%D8%B1%D8%B3%D8%AA%D8%A7%D9%86%DB%8C-%D8%AF%D8%B1-%D8%B1%D9%88%D8%B3%DB%8C%D9%87/a-79529344,PERSIAN,humans; environment,"Pneumonic plague risk is reported in Siberia after a death in Irkutsk region. A hospital in the town of Shlkhov near Irkutsk quarantined its inpatient ward following a young woman’s death after severe pneumonia and ventilation; authorities have not officially confirmed pneumonic plague. The outpatient clinic remains open. Details of the case are disputed: one account says she returned from Thailand; another implicates a staff member, Darya S., at the Irkutsk Plague Institute, whose handling of live bacteria allegedly led to exposure. Investigations into potential safety violations have begun. Governor Igor Kobzev convened a special meeting; all public events in Irkutsk were canceled; Rospotrebnadzor chief Anna Popova visited. About 197 people are under surveillance; roughly 189 are hospitalized. Plague is rare in Russia, with the last known case in 2016 in Altai, but it is treatable with antibiotics if detected early.",Yes,Yes,Yes,Yes,4,Yes,Yes,不明,Yes,不明,3,Yes,Yes,不明,発生地はロシア・イルクーツク州であり、対象国リストに含まれないためverified_locationsは空とした。タイへの渡航歴は一説として言及されているが未確認・争いがあり、実際の発生地としては扱わない。公式には肺ペストと確認されておらず、続報の確認が必要。,
aHR0cHM6Ly93d3cubWVkaWFwYXJ0LmZyL2pvdXJuYWwvZmlsLWRhY3R1YWxpdGVzLzAzMTAyNi9yZGMtbGUtY2hlZi1kZS1sYS1kaXBsb21hdGllLWZyYW5jYWlzZS1kYW5zLWwtZXBpY2VudHJlLWQtZWJvbGE=,PICKUP,コンゴ民主共和国で「同国史上最も深刻なエボラ出血熱流行」とされる第17次アウトブレイクが継続しており、フランス外相の訪問という高い国際的関心も確認されるため、フルリスク評価に進むべきシグナルと判断する。,Ebola,Ituri; Democratic Republic of the Congo,DRC: The French Foreign Minister in the Ebola Epicenter,RDC: le chef de la diplomatie française dans l'épicentre d'Ebola,2026-10-03T09:25:11+00:00,https://www.mediapart.fr/journal/fil-dactualites/031026/rdc-le-chef-de-la-diplomatie-francaise-dans-l-epicentre-d-ebola,FRENCH,humans,"French Foreign Minister Jean-Noël Barrot arrived Saturday in the eastern Ituri province of the Democratic Republic of Congo, the epicenter of the most severe Ebola outbreak in the country's history, AFP reported. The DRC is grappling with its 17th Ebola outbreak, underscoring a protracted public health crisis in a region long affected by the disease. The report situates Ituri as the focal point of transmission within the DRC’s ongoing Ebola response. No specific figures on cases or deaths, laboratory confirmations, infection sources, or containment milestones are provided in the excerpt. Barrot's visit signals continued international attention to the Ebola emergency, as authorities and partners work to curb transmission in a high-risk setting.",Yes,Yes,不明,不明,2,Yes,Yes,Yes,Yes,Yes,5,Yes,Yes,Yes,記事には具体的な症例数・死亡者数・感染経路等の詳細データは含まれていないが、エボラ出血熱という疾患特性上、重症度・流行しやすさ・国際支援の必要性は高いと判断した。続報で具体的疫学データの確認が必要。,
aHR0cHM6Ly93d3cuYmVyaXRhc2F0dS5jb20vaW50ZXJuYXNpb25hbC8zMDMxMTMxLzQwMTgtb3JhbmctdGV3YXMtYWtpYmF0LXdhYmFoLWVib2xhLWRpLWtvbmdv,PICKUP,致死率48.4%の大規模エボラ流行がDRC複数州に拡大し、紛争により対応が阻害されており、IHR基準・WPRO基準ともに複数該当する重大な公衆衛生事案である。,Ebola,Ituri; Democratic Republic of the Congo; United States; Republic of France,"4,018 people died due to the Ebola outbreak in the Congo.",4.018 Orang Tewas Akibat Wabah Ebola di Kongo,2026-10-03T09:44:09+00:00,https://www.beritasatu.com/internasional/3031131/4018-orang-tewas-akibat-wabah-ebola-di-kongo,INDONESIAN,humans,"Ebola outbreak in the Democratic Republic of Congo (DRC) has caused 4,018 deaths from 8,300 cases, with 2,162 recoveries and a case-fatality rate of 48.4% as of early October 2026. The outbreak began in Ituri (northeastern DRC) in mid-May and has spread to seven provinces across the north and east, including North Kivu, amid instability and conflict. Violence and scarce resources hinder control efforts, with over 5,000 displaced refugees reported by the UN. A Ebola patient transit center in Ituri was set ablaze after army involvement, and a contractor working at a health facility in North Kivu was killed. International support includes France pledging €13.4 million (Jan–Jul) and the United States providing US$267 million. Vaccines and therapeutics are under study against the Bundibugyo strain; first Ervebo doses have been given to frontline health workers in clinical trials, despite Ervebo’s prior effectiveness against the Zaire strain.",Yes,Yes,Yes,不明,3,Yes,Yes,Yes,Yes,Yes,5,Yes,Yes,Yes,米国・フランスは支援国として記載されているのみで発生国ではないため除外。Bundibugyo株による流行で複数州（イトゥリ、北キブ等）に拡大しており、紛争による対応阻害が深刻化している。,
aHR0cHM6Ly93d3cudGhlaGluZHUuY29tL25ld3MvbmF0aW9uYWwvMzgzMi1jaGlsZHJlbi1kaWFnbm9zZWQtd2l0aC1sZXByb3N5LWFzLWluZGlhLXRhcmdldHMtaW50ZXJydXB0aW9uLW9mLXRyYW5zbWlzc2lvbi1ieS0yMDI3L2FydGljbGU3MTU0MDA2NC5lY2U=,DISMISS,ハンセン病は慢性感染症であり、国家サーベイランスプログラムの定例報告に過ぎず、急性の公衆衛生緊急事態や国際的拡大のリスクを示す情報はない。,Leprosy,Republic of India,,"3,832 children diagnosed with leprosy as India targets interruption of transmission by 2027",2026-10-03T09:45:26+00:00,https://www.thehindu.com/news/national/3832-children-diagnosed-with-leprosy-as-india-targets-interruption-of-transmission-by-2027/article71540064.ece,ENGLISH,humans,"3,832 child leprosy cases reported in India during 2025-26, including 37 with Grade-2 disability at diagnosis, signaling delayed detection. Child cases rose 91.6% above the NLEP target of 2,000. Across all ages, India detected 91,783 new leprosy cases in 2025-26; prevalence 0.56 per 10,000; 1,945 patients had G2D at diagnosis (2.12% of cases); national G2D rate 1.34 per million, above target. India led the WHO’s 2025 global update with the world’s largest share of new cases: 91,783, followed by Brazil 22,901 and Indonesia 16,292, together 78.3%. The WHO notes 3,832 child cases in India during April 2025–March 2026. The National Strategic Plan 2023–27 aims to interrupt transmission at district level by 2027, with zero indigenous child cases for five consecutive years; 2026–27 targets: 1,000 child cases and G2D <0.5 per million. Detection gaps and stigma remain ongoing challenges.",No,No,No,No,0,No,No,No,No,No,0,No,Yes,No,記事はインドの国家ハンセン病根絶プログラム（NLEP）の年次統計報告であり、ブラジル・インドネシアはグローバル順位比較のための言及に留まり、発生地域としての主題ではないため除外した。,
aHR0cHM6Ly9hY3R1YWxpdGUuY2QvMjAyNi8xMC8wMy9lYm9sYS1iZW5pLWRldXgtcGF0aWVudGVzLWd1ZXJpZXMtcXVpdHRlbnQtbGUtY3RlLWRlLW11dHdhbmdh,PICKUP,進行中のDRCエボラアウトブレイクに関する続報であり、死亡例や継続的なフォローアップ患者が存在するなど重症度・流行継続性の基準に該当し、当局の対応（政府の関心）も確認されるためフルRRAでの継続評価が妥当。,Ebola,Province du Nord-Kivu; Mutwanga; Democratic Republic of the Congo,Ebola in Beni: two recovered female patients leave Mutwanga Ebola Treatment Center.,Ebola à Beni : deux patientes guéries quittent le CTE de Mutwanga,2026-10-03T09:42:02+00:00,https://actualite.cd/2026/10/03/ebola-beni-deux-patientes-gueries-quittent-le-cte-de-mutwanga,FRENCH,humans,"Two female Ebola survivors, Wasingya Sabuni and Kavugho Syayisoghola, were discharged on Oct 2 from the Ebola Treatment Center at Mutwanga General Reference Hospital in Mutwanga health zone, North Kivu, after 22 and 28 days of care. Discharge certificates were issued by Dr. Germain Kamaliro, who urged prompt care-seeking and cautioned against ignorance that leads to deaths. Mutwanga health zone reports 15 confirmed Ebola cases: 2 recovered, 6 under follow-up, 4 dead. Separately, 10 recovered patients left treatment centers in Beni on Oct 2, contributing to a notable daily tally. By Sept 30, no new health zones were affected, with 41 total recoveries across affected provinces. Ongoing community sensitization and survivor reintegration efforts continue to support the outbreak response.",Yes,No,No,不明,1,No,Yes,Yes,Yes,不明,3,不明,Yes,不明,既存のDRC北キブ州エボラアウトブレイクに関する定期的な進捗報告（回復者退院）。新規地域への拡大はなく、感染管理活動は継続中。既知アウトブレイクのため新規性は低いが、重症度・流行継続性の観点から経過監視が必要。,
aHR0cHM6Ly8zdy5odWFucWl1LmNvbS9hLzM5NzI3NC80VFNpWTFERW9LQQ==,DISMISS,単発の個人症例報告であり、破傷風はヒト-ヒト感染せず、公衆衛生上の異常事態や国際的拡大リスクは認められない。,Tetanus,Zhejiang Sheng,"Man climbs a mountain to cut bamboo, is suddenly pricked once, diagnosed with ""Seven-Day Madness""! Doctor: If left untreated, the mortality rate could reach 100%.","男子上山砍毛竹，突然被刺一下，确诊""七日疯""！医生：若放任不管，致死率或达100%",2026-10-03T09:52:57+00:00,https://3w.huanqiu.com/a/397274/4TSiY1DEoKA,CHINESE,humans; environment,"69-year-old Hua Bo (pseudonym) in Zhejiang, China, developed severe tetanus after a bamboo puncture on the left forearm. The wound was red and purulent but seemed to heal; within days he developed toothache, inability to open the mouth (trismus), difficulty chewing, neck and back stiffness, and generalized muscle spasms, culminating in respiratory failure and ICU admission. He received CPR, tracheal intubation, mechanical ventilation, high-dose tetanus immune globulin, and antibiotics; he stabilized and is recovering. Tetanus is caused by Clostridium tetani, found in soil, dust, rust, and animal feces; it is not caused by wind, and untreated infection carries death. With treatment, global mortality remains 30-50%. Incubation ranges from 1 day to months, often around day 7, hence the 'seven-day madness'. Diagnosis is clinical. Prevention focuses on proper wound care, vaccination, and timely medical care after injuries; protection in adults over 40 is low (~11%), and boosters may be advised.",No,No,No,No,0,No,No,No,No,No,0,No,No,No,破傷風は土壌中の菌による外傷性感染症であり、ヒト-ヒト感染しないため、単発症例は公衆衛生上のシグナルとはならない。健康教育目的の一般向け記事と判断。,
aHR0cHM6Ly9jYW5hbGRvcGV0LmlnLmNvbS5ici8yMDI2LTEwLTAzL3JhaXZhLWVtLXBldHMtLXZlamEtY29tby1wcm90ZWdlci1jYWVzLWUtZ2F0b3MuaHRtbA==,DISMISS,一般的な啓発記事であり、新規の異常な発生や急性の公衆衛生リスクを示すものではない。過去10年間の累積データに基づく予防啓発情報であり、緊急性・社会的関心の高まりは確認できない。,Rabies,São Paulo; São Paulo,Rabies in pets: see how to protect dogs and cats.,Raiva em pets: veja como proteger cães e gatos,2026-10-03T10:00:10+00:00,https://canaldopet.ig.com.br/2026-10-03/raiva-em-pets--veja-como-proteger-caes-e-gatos.html,PORTUGUESE,humans; animals,"Rabies remains a risk for pets in Brazil, including the interior of São Paulo. Between 2015 and 2026, Brazil recorded 270 rabies cases in dogs and cats. Transmission occurs mainly via saliva, most often through bites, but deep scratches and licking exposed wounds or mucous membranes also pose risks. Even indoor pets face risk from urban bats. Early signs are nonspecific (fever, reduced appetite, irritability, withdrawal); progressive neurological symptoms include disorientation, aggression, and excessive salivation from swallowing difficulties. Definitive diagnosis is only confirmed postmortem in brain tissue, making any neurological change or exposure to a potentially infected animal an emergency. Prevention centers on vaccination starting at four months with mandatory annual boosters. Vaccination not only protects pets but also reduces human risk and community transmission. PetCenso Saúde data show rabies vaccination is among the most common canine/feline vaccines; insured pets undergo more vet visits and vaccines.",No,No,No,No,0,No,No,No,No,No,0,No,No,No,記事はペット飼い主向けの啓発・予防情報であり、2015-2026年の累積270例というデータに基づく一般的注意喚起。急性アウトブレイクやヒトへの感染拡大を示す記述はない。,
aHR0cHM6Ly9mci5hcGFuZXdzLm5ldC9uZXdzL3JkYy1saW1wYXNzZS1mYWNlLWF1eC1jb21iYXRzLWV0LWEtZWJvbGEv,PICKUP,"DRCでエボラ累計8,000症例・3,901死亡（致死率約49%）に達し、紛争による治安悪化とアクセス困難で複数州に拡大中。IHR基準の複数該当と国際支援の必要性が確認される重大シグナル。",Ebola,South Kivu Province; Masisi; Mwenga; Walikale; Uvira; Province du Nord-Kivu; Ituri; Democratic Republic of the Congo; Republic of Fiji,DRC: Deadlock in the face of fighting and Ebola.,RDC : l'impasse face aux combats et à Ebola,2026-10-03T10:01:41+00:00,https://fr.apanews.net/news/rdc-limpasse-face-aux-combats-et-a-ebola/,FRENCH,humans,"Fighting in the eastern Democratic Republic of the Congo continues amid a severe Ebola outbreak that worsens a dire humanitarian crisis. Despite intensified diplomacy, clashes persist in North Kivu and South Kivu, with the AFC/M23 group controlling vast territories and fighting Congolese forces in Masisi, Walikale, Mwenga, Fizi and Uvira. MONUSCO chief James Swan reported a widening gap between peace talks and ground reality; two ceasefire verification missions visited Minembwe and Masisi. Ebola, declared in May, had 8,000 confirmed cases and 3,901 deaths across seven provinces as of 28 September, with the outbreak centered in Ituri and now spreading toward North Kivu; insecurity and access challenges hamper response. Over 26 million facing acute food insecurity; more than 6 million displaced; UN humanitarian plan remains underfunded. Civil society cites M23 abuses and mineral exploitation (cassiterite, coltan, gold) fueling conflict. ADF, ISIS-affiliate, attacks civilian sites in Ituri and parts of North Kivu.",Yes,Yes,Yes,不明,3,Yes,Yes,Yes,Yes,Yes,5,Yes,Yes,Yes,発生地域にFijiが含まれるが記事内容と無関係なため除外。エボラはイツリ州を中心に北キブ州へ拡大中で、紛争（AFC/M23）により対応が妨げられている。致死率が高く、人道危機（避難民600万人超、食料不安2600万人超）と相まって深刻度が高い。,
aHR0cHM6Ly9oay5vbi5jYy9oay9ia24vY250L25ld3MvMjAyNjEwMDMvYmtuLTIwMjYxMDAzMTgwMDE5ODU5LTEwMDNfMDA4MjJfMDAxLmh0bWw=,PICKUP,香港で季節性インフルエンザ活動が高水準にあり、重症小児例（21例中1死亡、2例重篤）が継続的に報告されている。WPRO基準の重症度・流行しやすさ・曝露継続性が該当し、当局の監視報道（社会的関心）もあることから、動向確認のためフルリスク評価への移行を検討する。,Influenza B; Influenza,Hong Kong Special Administrative Region; People's Republic of China,"9-year-old chronically ill girl infected with Influenza B in critical condition, complicated by septic shock and severe pneumonia.",9歲長期病女童染乙流危殆　併發敗血性休克及嚴重肺炎,2026-10-03T10:00:19+00:00,https://hk.on.cc/hk/bkn/cnt/news/20261003/bkn-20261003180019859-1003_00822_001.html,CHINESE,humans,"As of Oct 3, 2026, a 9-year-old girl with chronic illness in Hong Kong is in critical condition with Influenza B, complicated by septic shock and severe pneumonia. She developed fever on Sept 30, with cough and vomiting on Oct 1, and tested positive for Influenza B at Queen Elizabeth Hospital's Pediatric Intensive Care Unit. She had not received the 2026/27 seasonal flu vaccine. Household contacts recently had mild fever and upper respiratory symptoms and have recovered. The Department of Health's Centre for Health Protection reports influenza activity remains high and is expected to stay elevated in coming weeks, with more school outbreaks. Since late June, 21 severe pediatric influenza cases have been recorded in Hong Kong: 16 recovered/discharged, 2 stable, 2 critical, 1 death. No travel during incubation; investigation ongoing.",No,No,No,No,0,No,Yes,Yes,Yes,No,3,Yes,Yes,No,本事例は香港（中国特別行政区）における季節性インフルエンザBの重症小児例であり、国際的拡大や渡航制限のリスクは認められない。香港政府衛生署（CHP）は学校アウトブレイクの増加や継続的な流行を報告しており、今後の症例数・重症度の推移を注視する必要がある。,
aHR0cHM6Ly93d3cubWFkaHlhbWFtLmNvbS9oZWFsdGgvbmV3cy9tZWFzbGVzLWlzLXNwcmVhZGluZy0xNTYwMDg4,PICKUP,インドのケララ州で麻疹の症例数が前年比で大幅増加し、複数の死者が確認されているため、重症度・異常性の観点からフルRRAへの移行が妥当。,Rubella; Measles,State of Kerala; Republic of India,Measles is spreading; three children have died.,അഞ്ചാംപനി വ്യാപിക്കുന്നു; നഷ്ടമായത് മൂന്ന് കുട്ടികളുടെ ജീവൻ | Measles is spreading,2026-10-03T09:58:36+00:00,https://www.madhyamam.com/health/news/measles-is-spreading-1560088,MALAYALAM,humans,"Measles outbreaks are rising in Kerala, with Kozhikode district contributing to the surge. As of October 2, 2026, 477 cases have been confirmed and 940 cases are under suspicion, with three deaths reported. The current year shows a markedly higher burden than last year, which had 37 confirmed cases and 331 symptomatic individuals seeking care. In Kozhikode, one death was reported last month, and authorities note two additional deaths among those suspected of infection. Health officials have issued heightened vigilance amid the spread. Symptoms include high fever and characteristic rashes; delayed diagnosis and treatment can be fatal. Vaccination remains the main preventive measure, but gaps persist. The Measles-Rubella vaccine is recommended at 9 months and again at 16–24 months; in Kozhikode, some deaths occurred among children who could not be vaccinated due to other illnesses.",Yes,Yes,No,No,2,Yes,Yes,Yes,Yes,不明,4,Yes,Yes,不明,ケララ州コーリコード県で症例数・死者数が前年を大きく上回り、ワクチン未接種児童での死亡例も報告されている。,
aHR0cHM6Ly93d3cuZGVsZmkubHYvNDY3MTM0MzkvYXJ6ZW1lcy8xMjAxMzY5Njcva3JpZXZpamEtZ2FuZHJpei0yMDAtY2lsdmVrdS1ob3NwaXRhbGl6ZXRpLXBlYy1haXpkb21hbS1wYXItbWVyYS1pbmZla2NpanU=,PICKUP,肺ペストによる死亡例と多数の濃厚接触者の隔離が報告されており、ヒト-ヒト感染のリスクがあるため、IHR基準・WPRO基準ともに複数該当する。,Pneumonic Plague; Plague,Irkutskaya Oblast’; Irkutsk; Shelekhov; Russian Federation,"In Russia, nearly 200 people hospitalized after suspected plague infection.",Krievijā gandrīz 200 cilvēku hospitalizēti pēc aizdomām par mēra infekciju,2026-10-03T10:04:47+00:00,https://www.delfi.lv/46713439/arzemes/120136967/krievija-gandriz-200-cilveku-hospitalizeti-pec-aizdomam-par-mera-infekciju,LATVIAN,humans; vectors,"In Russia’s Irkutsk Oblast, nearly 200 people are hospitalized for observation after contact with a patient who reportedly died from pneumonic plague. No official confirmation yet; Shelekhov Hospital is quarantined for a 'highly dangerous infection,' while the regional hospital complex remains open. About 189 people are under observation; 12 were referred to an anti-plague institute, with some showing symptoms but no confirmed infection. The deceased was a young woman who arrived Sept 29 with pneumonia-like symptoms and died two days later after ventilatory support. Possible infection sources include work at an anti-plague institute or a lab accident; other accounts mention travel to Thailand. Governor Igor Kobzev convened an emergency commission; Chief Sanitary Doctor Anna Popova arrived. Known contacts are under medical supervision; initial tests have been negative. Yersinia pestis causes bubonic, pneumonic, or septicemic plague; pneumonic form can spread person-to-person.",Yes,Yes,Yes,不明,3,Yes,Yes,不明,Yes,不明,3,Yes,Yes,不明,発生地はロシア・イルクーツク州であり、対象国リストには含まれない。タイへの渡航歴が疑われる感染源の一つとして言及されているが、タイ国内での発生を示すものではないため verified_locations には含めない。,
aHR0cHM6Ly9tZXRyb2hrLmNvbS5oay8lRTYlQjglQUYlRTglODElOUUvJUU0JUI5JTlEJUU2JUFEJUIyJUU1JUE1JUIzJUU3JUFCJUE1JUU2JTlGJTkzJUU0JUI5JTk5JUU2JUI1JTgxJUU1JThEJUIxJUU2JUFFJTg2LSVFOSU5NSVCNyVFNiU5QyU5RiVFNyU5NyU4NSVFNiU4MiVBMyVFNiU5QyVBQSVFNiU4OSU5MyVFNyU5NiU=,DISMISS,香港における季節性インフルエンザ（B型）の重症小児例であり、既存のサーベイランス体制下で把握されている季節的流行の一部であるため、異常性や国際的拡大リスクは認められない。,Influenza B; Influenza,Hong Kong Special Administrative Region; People's Republic of China,Nine-year-old girl with influenza B in critical condition; chronically ill patients unvaccinated.,九歲女童染乙流危殆 長期病患未打疫苗｜METROHK.com.hk,2026-10-03T09:52:38+00:00,https://metrohk.com.hk/%E6%B8%AF%E8%81%9E/%E4%B9%9D%E6%AD%B2%E5%A5%B3%E7%AB%A5%E6%9F%93%E4%B9%99%E6%B5%81%E5%8D%B1%E6%AE%86-%E9%95%B7%E6%9C%9F%E7%97%85%E6%82%A3%E6%9C%AA%E6%89%93%E7%96%AB%E8%8B%97-957770,CHINESE,humans,"Nine-year-old girl with chronic illness in Hong Kong is in critical condition due to influenza B with septic shock and severe pneumonia, confirmed Oct 1–3, 2026. She developed fever Sept 30, sought care, and is now in the Queen Elizabeth Hospital Pediatric Intensive Care Unit. Preliminary investigation shows no travel during incubation; she was unvaccinated for the 2026/27 seasonal flu vaccine. Two household contacts had mild fever/URIs and recovered. Since late June, Hong Kong entered flu season with high activity; 21 severe pediatric influenza cases recorded, 16 recovered, 2 stable, 2 critical, 1 death. The vaccination program for 2026/27 began Sept 17; about 100 schools have conducted outreach with a new electronic consent feature, aiming to finish by mid-December. Public advised to vaccinate, and to seek urgent care for respiratory distress, altered consciousness, persistent fever or seizures; mask and hygiene recommended for high-risk households.",No,No,No,No,0,No,Yes,No,No,No,1,No,No,No,季節性インフルエンザの一環としての個別重症例報告。香港では今季既に21例の小児重症例（うち1死亡）が確認されており、サーベイランスと予防接種プログラムが通常通り運用中。渡航歴なし、濃厚接触者は軽症。地域的・国際的な異常拡大の兆候はない。,
aHR0cHM6Ly9hY3AuY2QvbmF0aW9uL3JkYy1mcmFuY2UtbGEtY29vcGVyYXRpb24tZXQtbGEtcmlwb3N0ZS1jb250cmUtZWJvbGEtYWJvcmRlZXMtYS1sYS1wcmVzaWRlbmNlLWNvbmdvbGFpc2Uv,PICKUP,DRCで進行中のエボラ流行（イトゥリ州が震源地）への国際協力・支援が大統領レベルで協議されており、重症感染症の継続的拡大・対応継続性の観点からフルRRAでの経過確認が妥当。,Ebola,Kinshasa City; Ituri; Kinshasa; Bunia; Democratic Republic of the Congo; Republic of France,DRC-France: Cooperation and the Ebola response discussed at the Congolese Presidency - ACP,RDC- France : la coopération et la riposte contre Ebola abordées à la Présidence congolaise - ACP,2026-10-03T10:19:16+00:00,https://acp.cd/nation/rdc-france-la-cooperation-et-la-riposte-contre-ebola-abordees-a-la-presidence-congolaise/,FRENCH,humans,"Kinshasa, 3 October 2026 — President Félix Tshisekedi and French Foreign Minister Jean-Noël Barrot reviewed bilateral cooperation and the Democratic Republic of the Congo’s Ebola response strategy, with Health Minister Dr. Roger Kamba and Deputy Foreign Minister Noëlla Ayanganagato present. Discussions covered eastern DRC security and the government’s outbreak response, with Barrot planning a Bunia visit to bolster the effort and to implement France’s commitments under a protocol on impunity and reparations for sexual violence in conflicts. France delivered 20 tonnes of aid in July to the DRC, directed to Ituri province, the outbreak’s epicentre, coordinated by the Crisis and Support Centre (CDCS) of the Foreign Ministry. Bilateral cooperation spans diplomatic, security, health, and sustainable development domains, reinforced by high-level engagements.",Yes,No,不明,不明,1,No,Yes,Yes,Yes,Yes,4,不明,Yes,Yes,記事は新規発生情報ではなく、進行中のDRCエボラ流行に対する仏政府の外交的支援・協力に関する内容。アウトブレイクの継続性と国際支援の必要性が示されているため、既存案件のフォローアップとしてPICKUP判定。,
aHR0cHM6Ly9hZmx1ZGlhcnkuYmxvZ3Nwb3QuY29tLzIwMjYvMTAvYW50aXZpcmFsLXJlc2VhcmNoLW43MHN5MTU1aC1jb21iaW5lZC5odG1s,WATCH,H9N2の薬剤耐性変異株が中国で流行し、マウスモデルで高い病原性を示しているが、ヒト感染の直接的なクラスターや重症例の報告がなく、現段階では情報不足。引き続き監視が必要。,Low Pathogenic Avian Influenza A H9N2; Human Infection with Avian Influenza A H9N2,People's Republic of China,,Antiviral Research: N70S/Y155H Combined Mutation of Neuraminidase of Avian Influenza H9N2 Virus confers oseltamivir and zanamivir resistance and pathogenicity to Mice,2026-10-03T10:14:39+00:00,https://afludiary.blogspot.com/2026/10/antiviral-research-n70sy155h-combined.html,ENGLISH,humans; animals,"H9N2 avian influenza circulating in China carries dual neuraminidase mutations N70S and Y155H, linked to reduced in vitro susceptibility to oseltamivir and zanamivir; peramivir remains effective. In vitro assays show up to 42-fold and 23-fold reductions in neuraminidase inhibition for isolates with N70S/Y155H compared with non-mutants. In vivo, these H9N2 strains exhibit high pathogenicity in BALB/c mice without prior adaptation. The N70S/Y155H mutations are common among recent Chinese isolates (1998–2024). The study highlights limited in vivo protection by neuraminidase inhibitors against these mutants and urges enhanced surveillance and prevention for H9N2 with N70S/Y155H. While not definitively elevating public health risk, it underscores the need to monitor resistance trends in poultry-derived H9N2.",不明,Yes,不明,不明,1,Yes,不明,Yes,Yes,Yes,4,不明,不明,不明,記事は学術的な研究論文の報告であり、ヒト感染の確定例やアウトブレイク報告ではない。ただし、N70S/Y155H複合変異の薬剤耐性特性とマウスでの高病原性、および中国での流行が確認されているため、鳥-ヒト感染の可能性と耐性菌株の監視という観点からWATCHレベルの継続監視が妥当。,
aHR0cHM6Ly93d3cuc2hyb3BzaGlyZXN0YXIuY29tL3dvcmxkLW5ld3MvZHJ1Zy10cmlhbC1zZWVrcy10by1oYWx0LWRyLWNvbmdvcy1kZWFkbGllc3QtZWJvbGEtb3V0YnJlYWstOTI2MjY2Mw==,PICKUP,"致死率の高いエボラ（ボンジブゴ株）が7州に拡大し8,300症例・4,000死亡という大規模流行であり、IHR基準の複数（深刻な公衆衛生影響、異常性、国際拡大リスク）に該当するためフルRRAへ進むべき。",Ebola,Ituri; Democratic Republic of the Congo,,Drug trial seeks to halt DR Congo's deadliest Ebola outbreak,2026-10-03T10:13:33+00:00,https://www.shropshirestar.com/world-news/drug-trial-seeks-to-halt-dr-congos-deadliest-ebola-outbreak-9262663,ENGLISH,humans,"Bundibugyro ebolavirus outbreak in eastern DR Congo: 8,300 confirmed cases and 4,000 deaths since mid-May, spanning seven provinces with Ituri as the epicenter. No approved vaccine or treatment for Bundibugyo virus. A post-exposure prophylaxis trial of Gilead’s antiviral pill obeldesivir began in July at an Ituri health centre, enrolling over 250 high-risk contacts (health workers and relatives) who are asymptomatic; target ~1,000 participants aged 12+ exposed within the last five days. The study is randomized, 50% placebo; participants monitored daily for 21 days, with a final follow-up at 42 days. If symptoms develop, they receive supportive treatment. The trial aims to determine if obeldesivir can interrupt transmission before symptom onset, since Ebola spreads only after symptoms begin, potentially breaking the infection chain. Coordinated by ALIMA with INRB and ANRS Emerging Infectious Diseases.",Yes,Yes,Yes,不明,3,Yes,Yes,Yes,Yes,Yes,5,Yes,Yes,Yes,"承認済みワクチン・治療薬がないボンジブゴエボラウイルスの流行で、国際機関（ALIMA、INRB、ANRS）が治験を実施中。死亡者数4,000人は極めて深刻。",
aHR0cHM6Ly93d3cuaGswMS5jb20vJUU3JUE0JUJFJUU2JTlDJTgzJUU2JTk2JUIwJUU4JTgxJTlFLzYwMzk2MDc5LyVFNiVCNSU4MSVFNiU4NCU5Ri05JUU2JUFEJUIyJUU3JUFCJUE1JUU2JTlGJTkzJUU0JUI5JTk5JUU2JUI1JTgxJUU0JUJEJUI1JUU3JTk5JUJDJUU2JTk1JTk3JUU4JUExJTgwJUU2JTgwJUE3JUU0JUJDJTk=,WATCH,香港で小児の重症インフルエンザ症例（基礎疾患あり）が発生し季節性流行が継続しているが、単発の重症例報告であり国際的拡大や渡航制限のリスクは認められないため、経過観察とする。,Influenza B; Influenza,Hong Kong Special Administrative Region; People's Republic of China,Influenza | A 9-year-old child with influenza B complicated by septic shock and severe pneumonia; condition critical in the PICU.,流感｜9歲童染乙流併發敗血性休克及嚴重肺炎　留醫PICU情況危殆,2026-10-03T10:15:57+00:00,https://www.hk01.com/%E7%A4%BE%E6%9C%83%E6%96%B0%E8%81%9E/60396079/%E6%B5%81%E6%84%9F-9%E6%AD%B2%E7%AB%A5%E6%9F%93%E4%B9%99%E6%B5%81%E4%BD%B5%E7%99%BC%E6%95%97%E8%A1%80%E6%80%A7%E4%BC%91%E5%85%8B%E5%8F%8A%E5%9A%B4%E9%87%8D%E8%82%BA%E7%82%8E-%E7%95%99%E9%86%ABpicu%E6%83%85%E6%B3%81%E5%8D%B1%E6%AE%86,CHINESE,humans,"On 3 October 2026, Hong Kong's Centre for Health Protection reported a severe pediatric influenza case: a 9-year-old girl with an underlying chronic condition, diagnosed with influenza B complicated by septic shock and severe pneumonia. She remains critically ill in Paediatric Intensive Care Unit; laboratory tests confirmed influenza B. There was no travel during incubation. She developed fever on 30 September, with cough and vomiting on 1 October, and was treated at a private clinic before transfer to Queen Elizabeth Hospital for PICU care. Two household contacts had mild fever/URIs and have recovered. CHP will continue investigation. Since late June, 21 pediatric influenza severe cases have been recorded in Hong Kong: 16 recovered, 2 stable, 2 critical, 1 death. With school reopenings, transmission remains high. About 100 schools are conducting outreach vaccination for the 2026/27 season, aided by electronic consent feature, aiming to finish by mid-December. Vaccination is urged.",No,No,No,No,0,No,Yes,Yes,Yes,No,3,Yes,Yes,No,季節性インフルエンザBによる重症小児例。香港衛生防護センターが調査継続中。学校再開に伴う感染拡大とワクチン接種推進の文脈。香港の事例はChina(1814991)に統合。,
aHR0cHM6Ly93d3cubWVkaWFjb25nby5uZXQvYXJ0aWNsZS1hY3R1YWxpdGUtMTY4MDEyX3JkY19mcmFuY2VfZmVsaXhfdHNoaXNla2VkaV9ldF9sZV9taW5pc3RyZV9mcmFuY2Fpc19kZXNfYWZmYWlyZXNfZXRyYW5nZXJlc19qZWFuX25vZWxfYmFycm90X2Rpc2N1dGVudF9kZV9sYV9zZWN1cml0ZV9ldF9kZV9sYV9yaXBvc3Q=,PICKUP,進行中のDRCエボラ出血熱アウトブレイクに対し、フランスを含む国際的な支援・協力が強化されている点で社会的・政治的関心が高く、WPRO基準の重症度・流行可能性・管理可能性に該当する。,Ebola,Paris; Kinshasa City; Ituri; Kinshasa; Bunia; Democratic Republic of the Congo; Republic of France,News | DRC–France: Félix Tshisekedi and French Minister of Foreign Affairs Jean-Noël Barrot discuss security and the Ebola response.,Actualité | RDC-France : Félix Tshisekedi et le ministre français des Affaires Étrangères Jean-Noël Barrot discutent de la sécurité et de la riposte contre Ebola | mediacongo.net,2026-10-03T10:26:29+00:00,https://www.mediacongo.net/article-actualite-168012_rdc_france_felix_tshisekedi_et_le_ministre_francais_des_affaires_etrangeres_jean_noel_barrot_discutent_de_la_securite_et_de_la_riposte_contre_ebola.html,FRENCH,humans,"On 3 October 2026, the Democratic Republic of Congo's President Félix-Antoine Tshisekedi met French Minister of Europe and Foreign Affairs Jean-Noël Barrot in Kinshasa to review bilateral cooperation, the security situation in the eastern regions, and the government's Ebola outbreak response. The discussions reinforced ties and reviewed the strategy to contain Ebola, with Barrot set to travel to Bunia in Ituri Province to support on-the-ground response efforts. The visit also aims to implement France–DRC commitments under a protocol addressing impunity and providing reparations for sexual violence linked to conflicts. This high-level engagement underscores ongoing international coordination to contain Ebola and bolster health-security cooperation between Kinshasa and Paris amid broader security challenges in the region.",Yes,No,不明,不明,1,No,Yes,Yes,Yes,Yes,4,Yes,Yes,Yes,本記事はイトゥリ州ブニアを含むDRCの既知のエボラアウトブレイクに関する外交的協議であり、フランスの関与は支援目的。フランス（Paris等）は発生地ではないため verified_locations から除外した。,
aHR0cHM6Ly93d3cubWFhbGFpbWFsYXIuY29tL25ld3MvdGFtaWxuYWR1L21lZGljYWwtY2FtcHMtdG8tcHJldmVudC1kZW5ndWUtaW4tY2hlbm5haQ==,DISMISS,デング熱はインドの流行地域で例年発生する既知の感染症であり、行政による通常の予防・対策活動が報じられているのみで、異常性や国際的拡大のリスクは認められない。,Dengue,State of Tamil Nādu; Chennai; Republic of India,Medical camps to prevent dengue infection in Chennai.,சென்னையில் டெங்கு பாதிப்பை தடுக்க மருத்துவ முகாம்கள்,2026-10-03T10:48:59+00:00,https://www.maalaimalar.com/news/tamilnadu/medical-camps-to-prevent-dengue-in-chennai,TAMIL,humans; vectors,"Dengue fever control measures are underway in Chennai as the civic administration intensifies sanitation and vector-control operations in high-incidence areas. The city is conducting ward-by-ward dengue camps and encouraging residents to use these medical facilities for care. Under the order of Municipal Commissioner Samiran, health workers are engaged in mosquito-control activities while targeted cleanliness drives are intensified in affected localities. Across 15 zones, health officials supervise medical camps operating daily from 9:00 a.m. to 12:00 noon. Teams survey areas with higher dengue activity and conduct on-site screening; residents with fever lasting more than three days are advised to undergo blood testing. The program emphasizes early detection and treatment at the camps, with a focus on preventing dengue transmission by improving sanitation and eliminating mosquito breeding sites. The public can avail themselves of these camps for treatment.",No,No,No,No,0,No,不明,Yes,Yes,No,2,No,Yes,No,地方自治体による日常的な媒介蚊対策・医療キャンプの実施報告であり、症例数や重症度に関する具体的データは記事に含まれていない。,
aHR0cHM6Ly93d3cuYW03MzAuY29tLmhrL2FydGljbGUvMTA1NjUxMA==,PICKUP,香港で季節性インフルエンザが活発化し、小児重症例（21例、うち重篤2例・死亡1例）が発生しており、学校再開に伴う今後の感染拡大が懸念されるため、フルリスク評価に進むべきと判断。,Influenza B; Influenza,Hong Kong Special Administrative Region; People's Republic of China,"Influenza | A 9-year-old girl contracted Influenza B, complicated by septic shock and pneumonia; condition is critical | am730",流感｜9歲女童染乙型流感　併發敗血性休克及肺炎情況危殆 | am730,2026-10-03T10:47:19+00:00,https://www.am730.com.hk/article/1056510,CHINESE,humans,"Influenza B infection in a 9-year-old girl with chronic illness in Hong Kong progressed to septic shock and severe pneumonia, currently in critical condition in the Queen Elizabeth Hospital Pediatric Intensive Care Unit. She developed fever on Sept 30, with cough and vomiting the next day; respiratory samples tested positive for Influenza B. She had no travel history during the incubation period and had not received the seasonal flu vaccine. Two household contacts had mild fever and upper respiratory symptoms recently and have recovered. Since late June, Hong Kong’s influenza season remains highly active; there have been 21 severe pediatric influenza cases, including 2 critical cases and 1 death. With school reopening and increased group activities, influenza activity and school outbreaks are expected to stay elevated in the coming weeks; authorities urge vigilance and preventive measures.",No,No,No,No,0,No,Yes,Yes,Yes,No,3,Yes,Yes,No,個別の重症例報道だが、香港全体で小児重症インフルエンザ例が21件（うち死亡1例）報告されており、季節性インフルエンザの活動が高水準で推移している点に注意。学校再開による集団感染拡大の可能性があり、続報の確認が必要。,
aHR0cHM6Ly9uZXdzLm1pbmdwYW8uY29tL2lucy8lRTYlQjglQUYlRTglODElOUUvYXJ0aWNsZS8yMDI2MTAwMy9zMDAwMDEvMTc5MTAyMjE2NDg5MS8lRTYlOTYlQjAlRTUlQTIlOUUlRTQlQjglODAlRTUlQUUlOTclRTUlODUlOTIlRTclQUIlQTUlRTYlQjUlODElRTYlODQlOUYlRTUlOUElQjQlRTklODclOEQlRTUlODAlOEI=,WATCH,季節性インフルエンザ（B型）による小児重症例の増加が報告されているが、異常な変異株や予想外の拡大を示す情報はなく、香港衛生署による通常の季節的サーベイランス報告の範囲内と考えられるため、続報を注視する。,Influenza B; Influenza,Hong Kong Special Administrative Region; People's Republic of China,One new severe pediatric influenza case; Department of Health: A total of 21 cases have been recorded since the end of June (18:08) - 2026-10-03.,新增一宗兒童流感嚴重個案　衛生署：6月底至今共錄21宗個案 (18:08) - 20261003,2026-10-03T10:08:34+00:00,https://news.mingpao.com/ins/%E6%B8%AF%E8%81%9E/article/20261003/s00001/1791022164891/%E6%96%B0%E5%A2%9E%E4%B8%80%E5%AE%97%E5%85%92%E7%AB%A5%E6%B5%81%E6%84%9F%E5%9A%B4%E9%87%8D%E5%80%8B%E6%A1%88-%E8%A1%9B%E7%94%9F%E7%BD%B2-6%E6%9C%88%E5%BA%95%E8%87%B3%E4%BB%8A%E5%85%B1%E9%8C%8421%E5%AE%97%E5%80%8B%E6%A1%88,CHINESE,humans,"One new severe pediatric influenza case brings Hong Kong’s total to 21 since end-June. A 9-year-old girl with underlying conditions developed fever on Sep 30 and cough and vomiting on Oct 1, was admitted to Queen Elizabeth Hospital and remains in the PICU with confirmed influenza B, diagnosed as influenza B with septic shock and pneumonia. She is critical and had no travel during incubation; she is unvaccinated for the 2026/27 seasonal vaccine. Two household contacts had mild fever and upper respiratory symptoms and have recovered. The Department of Health notes widespread community influenza transmission in recent months, with rising cases and severe outcomes; with school reopening, outbreaks are expected to stay high in coming weeks. The vaccination program began Sep 17, with about 100 schools engaged in outreach, much more than last year, aiming for completion by mid-December. A new electronic consent feature will streamline vaccination participation and administration.",No,No,No,No,0,No,Yes,Yes,Yes,No,3,Yes,Yes,No,香港の季節性インフルエンザ（B型）流行に伴う重症小児例の累計報告。地域コミュニティでの伝播拡大と学校再開による今後の増加が懸念されるが、国際的な異常事態や渡航制限等の兆候はない。ワクチン接種プログラムの進捗など対応は国内で管理されている。,
aHR0cHM6Ly9hbHdhc2F0Lmx5L25ld3MvNDgwMTk0,PICKUP,DRC東部の大規模エボラ流行（8300例超、死者4000人超）が反政府勢力支配地域で継続・拡大しており、IHR基準複数該当および国際的関心が高い。,Ebola,Alimbongo; South Kivu Province; Kayna; Province du Nord-Kivu; Lubero; Democratic Republic of the Congo,New Ebola cases reported in areas controlled by M23 rebels in eastern Democratic Republic of the Congo.,تسجيل إصابات جديدة بإيبولا في مناطق سيطرة متمردي حركة 23 مارس بشرق الكونغو الديمقراطية,2026-10-03T10:49:40+00:00,https://alwasat.ly/news/480194,ARABIC,humans,"As of 3 October 2026, six new Ebola virus disease cases were reported in eastern Democratic Republic of the Congo in territories controlled by the M23 rebel coalition. Two cases are in Kaïna and four in Alimbongo, near the Lubero frontline with government forces. The four cases were identified through post-mortem testing of deceased individuals, while two other patients remain under treatment as authorities intensify contact tracing. The M23 alliance controls portions of North Kivu and South Kivu. The outbreak, first declared in May, has exceeded 8,300 confirmed cases and more than 4,000 deaths according to official data. This development follows the recovery and discharge of the lone active patient earlier in the week, as reported by Reuters.",Yes,Yes,Yes,不明,3,Yes,Yes,Yes,Yes,Yes,5,Yes,Yes,Yes,紛争地域（M23支配域）での発生であり、接触者追跡や治療アクセスが制限される可能性が高く、既存の大規模流行（2026年5月発生、8300例超・死者4000人超）の継続事例として扱うべき。地域安全保障上の制約がアウトブレイク対応に影響する点に留意。,
aHR0cHM6Ly9pYmkub25nLmJyL25vdGljaWEvMjU4OTI0L3NlY3JldGFyaWEtZGUtc2F1ZGUtaW50ZW5zaWZpY2EtYWNvZXMtZGUtY29tYmF0ZS1hby1hZWRlcy1hZWd5cHRpLWVtLWpvYW8tcGVzc29h,DISMISS,蚊媒介感染症のリスク上昇に対する通常の予防・対策活動の報告であり、異常な流行や症例急増の情報はない。,Zika; Chikungunya; Dengue,Federative Republic of Brazil,Health Department intensifies measures to combat Aedes aegypti in João Pessoa.,Secretaria de Saúde intensifica ações de combate ao Aedes aegypti em João Pessoa,2026-10-03T11:07:30+00:00,https://ibi.ong.br/noticia/258924/secretaria-de-saude-intensifica-acoes-de-combate-ao-aedes-aegypti-em-joao-pessoa,PORTUGUESE,vectors; environment; humans,"João Pessoa, Brazil’s coastal capital, faces conditions favorable for Aedes aegypti proliferation due to El Niño–related heat and irregular rainfall, raising risks of dengue, Zika, and chikungunya as of 3 October 2026. The Municipal Health Secretariat intensifies prevention, monitoring, and vector control through integrated actions with the Municipal Health Network and other city departments. Environmental Surveillance prioritizes education for children and adolescents from early childhood through high school to curb breeding sites. Community Health Agents conduct home visits to identify risk microareas, especially areas with stored recyclables that can accumulate water. Epidemiological Surveillance investigates residences and workplaces of suspected or confirmed dengue or Zika cases to locate sources. Intersectoral collaboration with Emlur and Seinfra targets abandoned lots and infrastructure issues; residents are urged to seal water tanks, eliminate standing water, clean gutters, store tires in rain-protected places, and report hazards.",No,No,No,No,0,No,不明,Yes,Yes,No,2,No,Yes,No,エルニーニョによる気候条件が媒介蚊の繁殖に適しているため予防的措置を強化しているという内容で、具体的な症例数や流行の急増は報告されていない。,
aHR0cHM6Ly93d3cuc2FiY25ld3MuY29tL3NhYmNuZXdzL2RyYy1oZWFsdGgtbWluaXN0ZXItc2F5cy13b3JzdC1vZi1lYm9sYS1pcy1vdmVyLw==,PICKUP,DRCで多州にわたる大規模エボラ流行（17回目、8000例超）が継続中であり、WHOも制御下にないと警告していることから、深刻性・異常性・流行継続性の観点でフルリスク評価が必要と判断される。,Ebola,Ituri; Democratic Republic of the Congo; United Kingdom of Great Britain and Northern Ireland; Canada,,DRC health minister says worst of Ebola is over,2026-10-03T11:01:48+00:00,https://www.sabcnews.com/sabcnews/drc-health-minister-says-worst-of-ebola-is-over/,ENGLISH,humans,"As of 2026-10-03, the DRC Ebola outbreak (Bundibugyo strain) appears to have peaked, with cases and deaths declining in Ituri, North Kivu and other eastern/northeastern provinces since mid-May. The multi‑provincial outbreak spans seven provinces amid ongoing conflict, displacement, insecurity, and community mistrust that hinder response. The World Health Organization cautions the outbreak is not yet under control and urges scale-up of interventions, noting most infections and deaths occur in communities due to delays in seeking care. This is the 17th Ebola outbreak in the DRC since 1976; there is currently no approved vaccine for Bundibugyo. Trials in the UK and Canada are testing vaccines targeting Bundibugro, with plans for availability before year-end. A video caption cites the outbreak topping 8,000 confirmed cases. The article provides no explicit imported/exported case details, emphasizing domestic transmission and response efforts.",Yes,Yes,No,不明,2,Yes,Yes,Yes,Yes,Yes,5,Yes,Yes,Yes,UKとカナダはワクチン治験の実施国であり、流行発生国ではないためverified_locationsから除外。感染拡大の国際的波及に関する明示的記述はないが、紛争・人口移動による地域内拡大リスクは継続している。,
aHR0cHM6Ly93d3cuYWZyaWNhbmV3cy5jb20vMjAyNi8xMC8wMy9kci1jb25nby10cmlhbC1vZi1wb3N0LWVib2xhLWV4cG9zdXJlLWRydWctdW5kZXJ3YXkv,PICKUP,"DRCで史上最悪規模とされるエボラ(ブンディブギョ株)アウトブレイク(確定症例8,300例、死亡4,000人)が継続中であり、公衆衛生への深刻な影響と異常性が認められるためフルリスク評価が必要。",Ebola,Democratic Republic of the Congo,,DR Congo: Trial of post-Ebola exposure drug underway,2026-10-03T11:08:28+00:00,https://www.africanews.com/2026/10/03/dr-congo-trial-of-post-ebola-exposure-drug-underway/,ENGLISH,humans,"DR Congo’s eastern Ituri Province hosts a post-exposure Ebola trial (EBO-PEP) with more than 250 participants; investigators aim to recruit nearly 1,000 exposed individuals aged over 12 who had contact with a confirmed Bundibugyo Ebola case within the last five days but are asymptomatic. The experimental antiviral pill acts as post-exposure prophylaxis given immediately after suspected exposure, with in-person monitoring daily for 21 days and a final follow-up at 42 days. Bundibugyo Ebola has no licensed vaccine, though Ervebo is used for health workers and may offer some protection, its efficacy against Bundibugyo is unproven. The trial underscores DR Congo’s deadliest Ebola outbreak, which has tallied at least 8,300 confirmed cases and 4,000 deaths since mid-May. Participants describe hopeful effects, noting reduced household transmission in some families.",Yes,Yes,不明,不明,2,Yes,Yes,Yes,Yes,Yes,5,Yes,Yes,Yes,記事自体は曝露後予防薬(EBO-PEP)の治験に焦点を当てているが、背景として既知のDRC史上最大級のエボラ(ブンディブギョ株)アウトブレイクの継続を報告しており、既存の大規模流行の最新動向として重要。,
aHR0cHM6Ly93dG9wLmNvbS93b3JsZC8yMDI2LzEwL2luc2lkZS10aGUtc3R1ZHktZm9yLWEtcmVtZWR5LXRvLWZpZ2h0LWNvbmdvcy1kZWFkbGllc3QtZWJvbGEtb3V0YnJlYWsv,PICKUP,DRCで過去最大規模のエボラ（ブンディブギョ株）流行が継続し、死者4000人超、複数国への感染者輸出（オランダ・フランス）も発生しており、IHR基準の複数項目に該当するためフルRRAへの移行が妥当。,Ebola,Ituri; Democratic Republic of the Congo; Kingdom of the Netherlands; Republic of France,,Inside the study for a remedy to fight Congo's deadliest Ebola outbreak - WTOP News,2026-10-03T11:08:11+00:00,https://wtop.com/world/2026/10/inside-the-study-for-a-remedy-to-fight-congos-deadliest-ebola-outbreak/,ENGLISH,humans,"RWAMPARA, Congo — Bundibugyo Ebola virus outbreak in eastern Congo, centered in Ituri, has risen to at least 8,300 confirmed cases and 4,000 deaths since mid-May, spanning seven provinces and outpacing containment efforts. There is no approved vaccine or treatment for Bundibugyo virus. A trial coordinated by ALIMA tests Gilead’s experimental antiviral obeldesivir as post-exposure prophylaxis to prevent disease after suspected contact. More than 250 participants have enrolled; the study aims to recruit roughly 1,000 adults or children over 12 who had contact within five days but show no symptoms; half receive placebo. Participants are monitored daily for 21 days, with a 42-day follow-up. If symptoms develop, supportive care is provided. Health workers have begun Ervebo vaccination, though efficacy against Bundibugyo is unclear. Imported/exported cases include MSF staff evacuated to the Netherlands; an ALIMA physician tested positive after returning to France in June. The outbreak remains Congo’s largest.",Yes,Yes,Yes,不明,3,Yes,Yes,Yes,Yes,Yes,5,Yes,Yes,Yes,オランダ・フランスへの感染者輸出は確認されているが、両国は対象国リストに含まれないため verified_locations には含めていない。承認されたワクチン・治療薬がない点、死亡者数の多さ、国際的な感染者流出が特に懸念される。,
aHR0cHM6Ly90ZWNoLndwLnBsL25vd3ktd2lydXMtd3lrcnl0eS13LWNoaW5hY2gtcHJ6ZW5vc3phLWdvLWtsZXN6Y3plLDczMzQ1ODg2MzAzNTgyNzJh,WATCH,中国で新規のマダニ媒介性ウイルス(ALTNV)が科学的調査により発見されたが、現時点では急性アウトブレイクではなく、公衆衛生への実際の影響や拡大リスクについての情報が不足しているため、続報を注視する段階と判断。,Crimean-Congo Hemorrhagic Fever (CCHF); Human Nairovirus Infection (Asian Longhorned Tick),People's Republic of China,A new virus detected in China. It is transmitted by ticks.,Nowy wirus wykryty w Chinach. Przenoszą go kleszcze,2026-10-03T11:01:00+00:00,"https://tech.wp.pl/nowy-wirus-wykryty-w-chinach-przenosza-go-kleszcze,7334588630358272a",POLISH,humans; vectors,"ALTNV, the Asian longhorned tick nairovirus, was detected in China as a new tickborne pathogen. In a study of 3,163 patients with suspected tick-borne disease, 10.4% tested positive for ALTNV by viral RNA or IgM; among DBV-negative cases the ALTNV-positive rate was 15.1%. ALTNV infection alone led to full recovery, but 38 co-infections with Dabie bandavirus (DBV; SFTS) occurred, with higher respiratory symptoms (61% vs 38%) and greater kidney injury (84% vs 66%); 7 deaths (18.4%) were among the co-infected group. SFTS, caused by DBV, has 10–30% mortality in Asia. Surveillance of 47,400 ticks from 15 Chinese provinces found ALTNV RNA in 1.3%, highest in Haemaphysalis longicornis (Asian longhorned tick) at 1.8%. Laboratory data show ALTNV replicates in multiple cell types and can be transmitted by H. longicornis to mice, highlighting the need to differentiate ALTNV from DBV in SFTS-endemic areas.",不明,Yes,No,No,1,Yes,Yes,Yes,不明,不明,3,不明,不明,No,本記事は中国での大規模疫学・ウイルス学的サーベイランス研究の結果報告であり、アウトブレイク発生の報告ではない。DBV(SFTSウイルス)との共感染例で重症化・死亡が見られる点は注視が必要だが、ALTNV単独感染は軽症・回復とされている。,
aHR0cHM6Ly93d3cudGhlLWpvdXJuYWwuY29tL2FydGljbGVzL2Fzc29jaWF0ZWQtcHJlc3MvaW5zaWRlLXRoZS1zdHVkeS1mb3ItYS1yZW1lZHktdG8tZmlnaHQtY29uZ29zLWRlYWRsaWVzdC1lYm9sYS1vdXRicmVhay8=,PICKUP,"コンゴ民主共和国で8,300症例・4,000人死亡という大規模アウトブレイクが発生し、7州に拡大、さらに医療従事者の感染がオランダ・フランスに輸出されるなど国際的拡大がみられるためフルリスク評価が必要。",Ebola,Ituri; Democratic Republic of the Congo; Kingdom of the Netherlands; Republic of France; Republic of Angola,,Inside the study for a remedy to fight Congo's deadliest Ebola outbreak,2026-10-03T09:53:04+00:00,https://www.the-journal.com/articles/associated-press/inside-the-study-for-a-remedy-to-fight-congos-deadliest-ebola-outbreak/,ENGLISH,humans,"Bundibugyo Ebola virus outbreak in eastern Congo’s Ituri province has 8,300 confirmed cases and 4,000 deaths since mid-May, with spread to seven provinces. A post-exposure prophylaxis trial tests Gilead’s antiviral pill obeldesivir for exposed individuals; begun in July. The study aims to enroll about 1,000 participants aged 12+, with half receiving a placebo, and daily monitoring for 21 days plus 42-day follow-up. If symptoms develop, they receive supportive treatment. Led by ALIMA with Congo’s National Institute of Biomedical Research and ANRS Emerging Infectious Diseases, the trial seeks to interrupt transmission and provide protection ahead of vaccines. Ervebo vaccination is used for frontline workers, though protection against Bundibugyo is still under study. Imported/exported cases include MSF staff evacuated to the Netherlands and an ALIMA staffer who tested positive in France in June. WHO notes the outbreak continues to outpace containment and could exceed 11,000 deaths in West Africa’s 2014–2016 outbreak.",Yes,Yes,Yes,不明,3,Yes,Yes,Yes,Yes,Yes,5,Yes,Yes,Yes,オランダ・フランスへの症例輸出は対象国リストに含まれないため verified_locations から除外。アンゴラはBluedot付与地域に含まれるが記事サマリー上で発生国として言及されていないため除外。,
aHR0cHM6Ly9qYXVucy5sdi9yYWtzdHMvYXJ6ZW1lcy83MzE1MjAtZWJvbGFzLXV6bGllc21vanVtcy1rb25nby1kci1rbHVzdC1uYXZlam9zYWtzLXZpcnVzcy1wcmFzaWppcy1qYXUtdmFpcmFrLW5la2EtNDAwMC1keml2aWJ1,PICKUP,"コンゴ民主共和国で確認例8,300人・死者4,018人という大規模アウトブレイクであり、希少株（ブンディブギョ株）による検出遅延や紛争地域での拡大など、IHR基準・WPRO基準の複数項目に該当するためフルRRAへ進める。",Ebola,Africa; Democratic Republic of the Congo,"Ebola outbreak in DR Congo is becoming more deadly: the virus has already claimed more than 4,000 lives.",Ebolas uzliesmojums Kongo DR kļūst nāvējošāks: vīruss prasījis jau vairāk nekā 4000 dzīvību,2026-10-03T08:18:19+00:00,https://jauns.lv/raksts/arzemes/731520-ebolas-uzliesmojums-kongo-dr-klust-navejosaks-viruss-prasijis-jau-vairak-neka-4000-dzivibu,LATVIAN,humans,"As of 3 October 2026, there are 8,300 confirmed Ebola virus infections and 4,018 deaths in the Democratic Republic of the Congo. The current outbreak is driven by the rare Bundibugyo strain, which initially escaped detection by conventional tests. Experts believe many infections went unrecorded as the epidemic circulated unnoticed for months. Transmission began in Ituri Province in the northeastern DR Congo, before spreading to remote northern and eastern regions afflicted by conflict. The Ebola virus was first identified in 1976, and across the past five decades outbreaks in Africa have claimed more than 15,000 lives. This reflects a significant toll in the region.",Yes,Yes,Yes,不明,3,Yes,Yes,Yes,Yes,Yes,5,Yes,不明,Yes,致死率約48%と非常に高く、希少なブンディブギョ株による長期間の未検出流行が指摘されている。紛争地域での拡大により対応が困難化している可能性があり、国際的な支援の必要性が高いと考えられる。,
aHR0cHM6Ly9hY3AuY2QvcHJvdmluY2UvZWJvbGEtZW4tcmRjLWF1am91cmRodWktbm91cy1uZS1wYXJsb25zLXBsdXMtZGVwaWRlbWllcy1wcm92aW5jaWFsZXMtbWFpcy16b25hbGVzLW1pbmlzdHJlLWRlLWxhLXNhbnRlLw==,PICKUP,"DRCで進行中の第17次エボラ出血熱アウトブレイクであり、致死率48.4%、死者3,982人という深刻な公衆衛生インパクトと複数州にまたがる拡大が確認されているため、IHR基準・WPRO基準ともに複数該当。",Ebola,Tshopo; South Kivu Province; Bas Uele; Haut Uele; Province du Sud-Ubangi; Province du Nord-Kivu; Ituri; Democratic Republic of the Congo,"Ebola in the DRC: ""Today, we no longer talk about provincial epidemics, but zonal"" (Health Minister) - ACP","Ebola en RDC : "" Aujourd'hui, nous ne parlons plus d'épidémies provinciales, mais zonales "" (Ministre de la Santé) - ACP",2026-10-03T11:23:48+00:00,https://acp.cd/province/ebola-en-rdc-aujourdhui-nous-ne-parlons-plus-depidemies-provinciales-mais-zonales-ministre-de-la-sante/,FRENCH,humans,"As of 3 October 2026, the Democratic Republic of Congo reports the 17th Ebola virus disease (EVD) outbreak across seven provinces: Nord-Kivu, Sud-Kivu, Ituri, Tshopo, Haut-Uele, Bas-Uele, and Sud-Ubangi. Health authorities say epidemics have shifted from provincial to zonal terms; of 63 health zones, 12 have had no cases for 42 days and eight for 22–42 days, enabling responders to focus on zones with ongoing transmission. The peak of the outbreak is considered past by incident manager Steve Ahuka. The National Institute of Public Health calls for consolidated financing data, with a 11–13 September workshop gathering information from 25 implementing partners out of about 94 active partners. Overall, 8,224 confirmed cases have been reported with 3,982 deaths, 2,121 recoveries, and 851 currently hospitalized, yielding a case-fatality rate of 48.4%.",Yes,No,Yes,不明,2,No,Yes,Yes,Yes,Yes,4,Yes,Yes,Yes,既知の継続中アウトブレイク（第17次）であり既にフルRRA対象となっている可能性が高いが、最新の状況更新（ピーク越え、資金調達課題）として継続的な注視が必要。,
aHR0cHM6Ly9hY3AuY2QvcHJvdmluY2UvZWJvbGEtYXUtYmFzLXVlbGUtcHJldmVudGlvbi1ldC1zZW5zaWJpbGlzYXRpb24tYXUtY2VudHJlLWR1bmUtcmV1bmlvbi1kZS1sYS1yaXBvc3RlLw==,PICKUP,"コンゴ民主共和国バス・ウエレ州で複数の保健区域（Buta, Ganga, Viadana）にまたがるエボラ出血熱の発生が継続しており、医療従事者の死亡例も確認されている。重症度・感染拡大リスクが高く、政府・国際支援の必要性も示唆されているためフルリスク評価に進めるべき。",Ebola,Kisangani; Viadana; Democratic Republic of the Congo,Ebola in Bas-Uélé: Prevention and Awareness-Raising at the Heart of a Response Meeting - ACP,Ebola au Bas-Uélé: prévention et sensibilisation au centre d'une réunion de la riposte - ACP,2026-10-03T11:32:24+00:00,https://acp.cd/province/ebola-au-bas-uele-prevention-et-sensibilisation-au-centre-dune-reunion-de-la-riposte/,FRENCH,humans,"Ebola in Bas-Uélé, Democratic Republic of Congo: Prevention and awareness at the core of a response meeting in Buta on 3 October 2026. Governor Mike-David Mokeni presided a multi-stakeholder evaluation of the Ebola response, urging united prevention and vaccination efforts and publicly vaccinating to encourage community uptake. Three health zones are affected: Buta, Ganga, Viadana, with intensified surveillance and community engagement called for by Dr. Jean-Robert Tsimanga after the first confirmed case. A doctor who died in Kisangani from Ebola was remembered with a minute of silence. The meeting recommended establishing an Ebola Treatment Center, removing access barriers on supply routes, and boosting population awareness. Increased involvement of political-administrative and customary authorities in messaging about symptoms, transmission, and prevention was urged. The session aims to strengthen coordination among provincial authorities, health services, and partners to limit spread and protect communities.",Yes,No,不明,不明,1,No,Yes,Yes,Yes,Yes,4,不明,Yes,Yes,記事はDRC国内（バス・ウエレ州）の既存エボラ対応の進捗に関する会議報告。Kisangani、Viadanaはいずれも同国内の地名であり、DRC以外の対象国は関与していない。,
aHR0cHM6Ly9rb3Jhbi1qYWthcnRhLmNvbS8yMDI2LTEwLTAzL3dhYmFoLWVib2xhLXRld2Fza2FuLWxlYmloLWRhcmktNDAwMC13YXJnYS1kaS1rb25nbw==,PICKUP,"DRCでエボラ出血熱(Bundibugyoエボラウイルス)が7州に拡大し、死者4,000人超・感染者8,300人超に達する史上最悪規模の流行であり、IHR基準・WPRO基準ともに複数該当するため。",Ebola,Ituri; Republic of Sierra Leone; Republic of Angola; Democratic Republic of the Congo; Republic of Liberia; Republic of Guinea,"Ebola outbreak kills more than 4,000 people in the Congo",Wabah Ebola Tewaskan Lebih dari 4.000 Warga di Kongo,2026-10-03T11:32:00+00:00,https://koran-jakarta.com/2026-10-03/wabah-ebola-tewaskan-lebih-dari-4000-warga-di-kongo,INDONESIAN,humans,"Democratic Republic of the Congo is grappling with an Ebola outbreak caused by Bundibugyo ebolavirus. As of October 2, the government reported more than 4,000 deaths (4,018) and 8,300 confirmed cases across seven provinces; over 2,000 people have recovered. The outbreak is the worst in the DRC's history and, after surpassing the 2018–2020 Ebola epidemic, ranks as the second-deadliest globally, behind the 2014–2016 West Africa outbreak (Guinea, Liberia, Sierra Leone) which infected over 28,600 and killed more than 11,000. The first cases were in Ituri, with spread to North Kivu; transmission continues in eastern Congo, despite signs of slowing in some areas per UN and government. In the northwest, South Ubangi became the seventh province to report cases last month, underscoring ongoing challenges to containment.",Yes,Yes,Yes,不明,3,Yes,Yes,Yes,Yes,Yes,5,Yes,Yes,Yes,シエラレオネ・アンゴラ・リベリア・ギニアは2014-2016年の過去の流行との比較として言及されているのみで、現在の発生国ではないため除外。現在の発生国はDRCのみ。,
aHR0cHM6Ly9uZXdzLnJlcHVibGlrYS5jby5pZC9iZXJpdGEvdG1idXZkNDUxL2luZG9uZXNpYS1wZXJpbmdrYXQtZHVhLXRiLWR1bmlhLXVtaS1zaWFwa2FuLXRpbS1tdWx0aWRpc2lwbGlu,DISMISS,既知の慢性的な結核流行に関する大学機関の取り組み紹介記事であり、新規または異常な公衆衛生事象ではない。,Tuberculosis,Makassar; Provinsi Sulawesi Selatan; Republic of Indonesia,"Indonesia Ranks Second Worldwide in TB, UMI Prepares a Multidisciplinary Team | Republika Online.","Indonesia Peringkat Dua TB Dunia, UMI Siapkan Tim Multidisiplin |Republika Online",2026-10-03T11:33:00+00:00,https://news.republika.co.id/berita/tmbuvd451/indonesia-peringkat-dua-tb-dunia-umi-siapkan-tim-multidisiplin,INDONESIAN,humans,"Indonesia, ranked second in tuberculosis (TB) burden, sees Universitas Muslim Indonesia (UMI) Makassar form a multidisciplinary TB consortium to strengthen national response. WHO data show 10.7 million TB cases in 2024, with Indonesia contributing 10 percent (1.07 million) and 125,000 deaths. In 2024 Indonesia notified 889,000 TB cases, underscoring gaps between estimated burden and reported cases. South Sulawesi is among burden provinces, each with more than 40,000 cases. UMI’s rector says the Faculty of Medicine will lead, with roles for Pharmacy, Public Health, Economics, and Engineering. Government aims for TB elimination by 2030, intensifying contact tracing in 2026, active case finding with free health checks, portable X-ray, and rapid tests. Since April 2026, SATUSEHAT IndonesiaKu has integrated with the TB Information System to improve detection and follow-up; in 2024, 19.4% of household contacts received preventive therapy. TB is caused by Mycobacterium tuberculosis and transmitted by air, influenced by housing and ventilation.",No,No,No,No,0,No,No,No,No,No,0,No,Yes,No,結核はインドネシアで既知のエンデミック疾患であり、本記事は大学主導の対策強化を伝える内容。新規アウトブレイクや異常事象ではないためDISMISS。,
aHR0cHM6Ly9hY3AuY2QvcHJvdmluY2UvZWJvbGEtYS1iZW5pLWRlcy1qZXVuZXMtZm9ybWVzLWF1eC1lbnRlcnJlbWVudHMtZGlnbmVzLWV0LXNlY3VyaXNlcy1kYW5zLXVuZS1haXJlLWRlLXNhbnRlLw==,WATCH,DRC北キブ州ベニで進行中の既知のエボラ流行に関する地域対応（埋葬訓練）の記事であり、新規症例数や流行拡大等の具体的疫学情報が示されていないため、続報を注視する。,Ebola,Province du Nord-Kivu; Democratic Republic of the Congo,Ebola in Beni: young people trained in dignified and safe burials within a health zone - ACP,Ebola à Beni: des jeunes formés aux enterrements dignes et sécurisés dans une aire de santé - ACP,2026-10-03T11:43:26+00:00,https://acp.cd/province/ebola-a-beni-des-jeunes-formes-aux-enterrements-dignes-et-securises-dans-une-aire-de-sante/,FRENCH,humans; environment,"On 3 October 2026, in Beni, Nord-Kivu, Democratic Republic of Congo, a training session for youths in dignified and safe burials (Eds) was organized to ensure proper Ebola-related death handling and dignified interment within the health zone during this epidemic period. The program, requested by residents, aims to expand to all health areas and even cells, with volunteers needed since it is unpaid work. Trainees learned steps of burial from body preparation and packaging to transport and interment, aiming to prevent cemetery threats and maintain serenity. Previously, youths assigned to grave digging sometimes acted aggressively toward grieving families, with demands to open the casket. To address this, the military governor backed a security framework to accompany response teams and curb deviations during burials.",Yes,No,不明,不明,1,No,Yes,Yes,Yes,不明,3,不明,Yes,不明,記事は既知のエボラ流行下における地域コミュニティの安全な埋葬訓練プログラムに関する内容で、新規感染者数や死亡者数などの最新疫学データは含まれていない。既存の流行状況の進捗として継続監視が妥当。,
aHR0cHM6Ly9zdmV0MjQuc2kvbm92aWNlL3R1amluYS9kci1rb25nby1lYm9sYS1pemJydWgtMTkzMDg3OA==,PICKUP,"DRCでエボラ（ブンディブギョ株）の大規模流行が進行中で、8,300症例・4,018死亡（致死率48.4%）と深刻な公衆衛生インパクトがあり、暴力・不信による対応困難、国際支援（米国の資金拠出）も発生しているためIHR基準・WPRO基準ともに複数該当。",Ebola,Ituri; Democratic Republic of the Congo; United States,"More than 4,000 deaths from infections with a deadly virus: what can be done?",Več kot 4000 smrti zaradi okužb s smrtonosnim virusom: kaj lahko naredijo? - Svet24.si,2026-10-03T11:54:47+00:00,https://svet24.si/novice/tujina/dr-kongo-ebola-izbruh-1930878,SLOVENIAN,humans,"As of October 3, 2026, the Democratic Republic of Congo is experiencing an Ebola outbreak with 8,300 confirmed cases and 4,018 deaths, a case fatality of 48.4%. The outbreak, officially confirmed in mid-May, is affecting the northern and eastern regions, with the Bundibugyo ebolavirus strain first identified in Ituri province in the northeast. Response efforts are hampered by distrust of authorities and violence, including militia clashes in Ituri that forced more than 5,000 people to flee. A health center treating Ebola patients in Ituri was burned, and the following day an attack on a health facility in North Kivu killed a contractor charged with case-finding. The United States has pledged about $267 million to help contain the outbreak. Trials are under way for vaccines and therapeutics; first doses of Ervebo have begun among health workers in a clinical study, though Ervebo was previously shown to be effective against the Zaire strain.",Yes,Yes,不明,不明,2,Yes,Yes,Yes,Yes,Yes,5,Yes,Yes,Yes,米国は資金支援国であり発生国ではないためverified_locationsから除外。ブンディブギョ株によるエボラ流行で、通常のザイール株と異なるため既存ワクチン（Ervebo）の有効性に不確実性あり。,
aHR0cHM6Ly9zYWhhcmFtZWRpYXMubmV0LzI2NTk2NS8=,PICKUP,DRCで史上最悪規模のエボラ流行（約8300症例、4000人超の死亡）が7州に拡大し、武装勢力の妨害や治療施設への攻撃など対応が著しく困難な状況であり、IHR基準・WPRO基準の双方で複数該当するため。,Ebola,Ituri; Democratic Republic of the Congo; Kingdom of the Netherlands,"More than 4,000 deaths due to the Ebola outbreak in the Democratic Republic of the Congo.",أكثر من 4 آلاف وفاة جراء وباء إيبولا في الكونغو الديموقراطية %,2026-10-03T11:56:34+00:00,https://saharamedias.net/265965/,ARABIC,humans,"Ebola outbreak in the Democratic Republic of the Congo (DRC) has caused over 4,000 deaths among about 8,300 confirmed cases, with 2,162 recoveries reported. This is the 17th Ebola outbreak in the DRC, and the deadliest in its history, beginning in Ituri (northeast) and spreading to seven provinces in the north and east. Response efforts are hampered by resource shortages, armed groups, and population distrust in conflict zones. In North Kivu, six confirmed Ebola cases—four deaths—occurred in areas controlled by M23 rebels. Violent clashes have disrupted the response, and a treatment center in Ituri was set ablaze after soldiers entered a displacement site, forcing residents to flee. MSF evacuated one staff member to the Netherlands after confirming Ebola infection; another doctor was deployed to the DRC. WHO reported encouraging indicators mid-September, though Africa CDC's director-general says the outbreak is not under control.",Yes,Yes,Yes,不明,3,Yes,Yes,Yes,Yes,Yes,5,Yes,Yes,Yes,オランダはMSFスタッフの退避・治療先であり発生国ではないため除外。Africa CDCは流行が制御下にないと評価しており、WHOの楽観的指標と対照的。,
aHR0cHM6Ly93d3cuZGFrYXJhY3R1LmNvbS9FYm9sYS1lbi1SREMtbC1lcGlkZW1pZS1mcmFuY2hpdC1sZS1zZXVpbC1kZXMtNDAwMC1tb3J0cy1tYWxncmUtbC1vcHRpbWlzbWUtZHUtbWluaXN0cmUtZGUtbGEtU2FudGVfYTI3NjY1MS5odG1s,PICKUP,DRCにおけるエボラ史上最悪の流行で死者4000人超、44地域で感染継続、コンタクトトレーシングが目標未達であり、IHR基準・WPRO基準ともに複数該当するためフルRRAに進むべき。,Ebola,Katwa; Province du Nord-Kivu; Butembo; Kinshasa City; Kinshasa; Democratic Republic of the Congo,"Ebola in the DRC: the epidemic surpasses the 4,000-death threshold despite ...",Ebola en RDC: l'épidémie franchit le seuil des 4000 morts malgr...,2026-10-03T11:50:24+00:00,https://www.dakaractu.com/Ebola-en-RDC-l-epidemie-franchit-le-seuil-des-4000-morts-malgre-l-optimisme-du-ministre-de-la-Sante_a276651.html,FRENCH,humans,"Ebola in the Democratic Republic of the Congo has crossed 4,000 deaths and more than 8,300 confirmed cases, the worst outbreak in the country’s history. Health Minister Roger Kamba said at a Kinshasa press conference that the peak is behind them, citing declines in most foci and 19 of 63 health zones reporting no new cases for three weeks. Yet 44 zones remain active, with transmission persisting in Beni, Butembo and Katwa in North Kivu, where insecurity and community resistance hinder response teams. More than half of deaths occur outside medical facilities, raising risks from home care and funerals. Contact tracing coverage is below the 95% target, at about 82%. The government seeks new funding and oversight of humanitarian funds; of $226 million mobilized for the response, just over half has been justified to the government.",Yes,Yes,Yes,不明,3,Yes,Yes,Yes,Yes,Yes,5,Yes,Yes,Yes,史上最悪規模のエボラ流行が継続中で、治安悪化・地域社会の抵抗・資金管理問題など複合的リスクが存在。国際支援（資金監督含む）の必要性が明記されている。,
aHR0cHM6Ly93d3cubW9kZXJuZ2hhbmEuY29tL25ld3MvMTUzMjk5NS9ob3ctY29tbXVuaXR5LWxlZC1haS1wb3dlcmVkLXgtcmF5cy1hcmUtaGVscGluZy5odG1s,DISMISS,既存の結核対策プログラムの成果報告であり、新規アウトブレイクや異常事態ではなく、公衆衛生上の緊急性や社会的関心の高まりも認められない。,Tuberculosis; HIV,State of Punjab; Patiāla; National Capital Territory of Delhi; Delhi; Republic of India,,How community-led AI-powered X-Rays are helping find TB among those without symptoms,2026-10-03T11:44:58+00:00,https://www.modernghana.com/news/1532995/how-community-led-ai-powered-x-rays-are-helping.html,ENGLISH,humans,"TB in Delhi, India, detected through AI-powered chest X-ray screening at two government ART centers between 1 May and 31 August 2026. Of 1,559 PLHIV screened, 273 were presumptive TB (17.51%), and 21 were confirmed TB cases; 12 of these (57.14%) were asymptomatic. All 273 presumptive cases underwent confirmatory molecular testing on the same day, achieving 100% upfront molecular testing in this initiative, a notable contrast to prior rates. All TB cases began treatment under India's National Tuberculosis Elimination Programme. The effort, led by Humana People to People India with government ART centers, demonstrates the value of routine X-ray screening within HIV care to detect asymptomatic or subclinical TB and link to care. Since Dec 7, 2024, AI X-ray vans have screened high-risk populations, contributing to India's FindTB shift; 2025 reportedly saw over a million asymptomatic TB cases detected nationwide. NATCON 2026 in Patiala reported these findings.",No,No,No,No,0,No,No,No,No,No,0,No,No,No,本記事はHIV陽性者を対象としたAI活用胸部X線検診による結核スクリーニングプログラムの成果を報告するもので、国家結核撲滅プログラムの一環としての通常活動。新規感染症脅威やアウトブレイクの兆候はない。,
aHR0cHM6Ly90aGFuaHRyYS5jb20udm4veS10ZS04Q0NGNzRENUUvY3VtLW11YS1jby10aGUtZGllbi1iaWVuLW5hbmctby1uZ3VvaS1jYW8tdHVvaS10cmUtbmhvLXBodS1udS1tYW5nLXRoYWktOTgwMTU5NjRjLmh0bWw=,DISMISS,季節性インフルエンザの通常の注意喚起であり、重症例や死亡の異常な増加は確認されておらず、IHR・WPRO基準のいずれにも強く該当しない。,Seasonal Influenza; Influenza,Socialist Republic of Vietnam,"Seasonal influenza can become severe in the elderly, young children, and pregnant women.","Cúm mùa có thể diễn biến nặng ở người cao tuổi, trẻ nhỏ, phụ nữ mang thai",2026-10-03T12:10:31+00:00,https://thanhtra.com.vn/y-te-8CCF74D5E/cum-mua-co-the-dien-bien-nang-o-nguoi-cao-tuoi-tre-nho-phu-nu-mang-thai-98015964c.html,VIETNAMESE,humans,"Seasonal influenza in Vietnam can become severe for people over 65, children under 5, and pregnant women—especially in the last trimester or within two weeks after birth—and those with chronic diseases or immune suppression. Influenza is an acute respiratory infection transmitted mainly via droplets and contact with contaminated surfaces; recent weeks show a slight uptick in cases, but no abnormal rise in severe illness or deaths has been observed. Most infections are mild and self-limiting. Preventive measures include proper mask use in healthcare settings, public transport, crowded or poorly ventilated spaces, and by symptomatic individuals; cough etiquette, hand hygiene, surface cleaning, and ensuring good ventilation. Do not self-medicate with antivirals or antibiotics without medical guidance. The Department of Preventive Medicine will continue surveillance and update guidelines. In September and the first nine months of 2026, the ministry monitors several infectious diseases and foodborne illnesses.",No,No,No,No,0,No,No,No,No,No,0,No,No,No,季節性インフルエンザに関する一般的な公衆衛生広報記事で、感染者数のわずかな増加はあるが重症・死亡の異常増加はないと明記されている。,
aHR0cHM6Ly9qYXdhcG9zLmNvbS9pbnRlcm5hc2lvbmFsLzI2MTAwMzAzMzcva2FzdXMtZWJvbGEtZGkta29uZ28tc2ViYWJrYW4tNDAxOC1vcmFuZy1tZW5pbmdnYWw=,PICKUP,"致死率48.4%、約8,300症例・7州に拡大するエボラ出血熱の大規模アウトブレイクであり、国際的拡大リスクも指摘されているためIHR基準・WPRO基準ともに複数該当する。",Ebola,Africa; Democratic Republic of the Congo,"Ebola cases in Kongo have caused 4,018 deaths.",Kasus Ebola di Kongo Sebabkan 4.018 Orang Meninggal,2026-10-03T12:07:08+00:00,https://jawapos.com/internasional/2610030337/kasus-ebola-di-kongo-sebabkan-4018-orang-meninggal,INDONESIAN,humans,"Ebola virus disease (EVD) outbreak in the Democratic Republic of the Congo (DRC) has reached approximately 8,300 confirmed cases across seven provinces, with 4,018 deaths and 2,162 recoveries reported as of October 3, 2026. The case-fatality rate stands at 48.4%. Figures are sourced from INSP via Actualite and cited by Antara, highlighting ongoing transmission within the DRC. The outbreak is described as a threat to neighboring countries by Jean Kaseya, Director General of Africa CDC, underscoring cross-border risk and the need for sustained surveillance and control measures across the seven affected provinces.",Yes,Yes,Yes,不明,3,Yes,Yes,Yes,Yes,Yes,5,Yes,Yes,Yes,Africa CDC局長が周辺国への脅威を明言しており、越境拡大リスクが高い。続報でのケース数・死亡者数の推移と国際対応状況の確認が必要。,
aHR0cHM6Ly9hZmFtaWx5LnZuL25ndW9pLWRhbi1vbmctYmktY2hvLWNhbi00Ny1uZ2F5LXJvaS1xdWEtZG9pLWJhYy1zaS1uaGFjLWRpZXUtcGhhaS1sYW0tbmdheS1raGktY28tdmV0LXRodW9uZy0yMzYyNjEwMDMxNDUxMzUyOTQuY2hu,DISMISS,狂犬病ワクチン未接種による単発の死亡例であり、ベトナムでは散発的に発生している既知の公衆衛生課題。国際的拡大や渡航制限のリスクはなく、社会的関心の高まりも確認できない。,Rabies,Tỉnh Hà Nam; Socialist Republic of Vietnam,Man dies 47 days after being bitten by a dog because he did not receive the rabies vaccine.,Người đàn ông qua đời sau 47 ngày Vì không tiêm vaccine dại khi bị chó cắn,2026-10-03T12:00:00+00:00,https://afamily.vn/nguoi-dan-ong-bi-cho-can-47-ngay-roi-qua-doi-bac-si-nhac-dieu-phai-lam-ngay-khi-co-vet-thuong-236261003145135294.chn,VIETNAMESE,humans; animals,"Rabies death in Hà Nam province, Vietnam: A man died 47 days after a dog bite, having never sought post-exposure vaccination. Bite date: August 10; symptom onset and death: September 26. Local authorities captured the dog suspected of the bite. Before his death, he posted a video urging others not to neglect post-bite care and to seek care. Rabies is almost always fatal once clinical symptoms appear; the virus travels from the wound to the nervous system. Post-exposure prophylaxis aims to generate antibodies before the virus reaches the brain, and treatment should start as soon as possible after exposure. After exposure from a dog, cat, or other animal, wash the wound with soap and water, disinfect, and visit a healthcare facility for exposure assessment and vaccination if indicated. Exposure levels I, II, III guide care and may include rabies immunoglobulin for higher risk; evaluation for wounds on face, head, or hands.",No,No,No,No,0,No,No,No,No,No,0,不明,不明,No,狂犬病はヒト-ヒト感染がなく、本記事は啓発目的の個別症例報告。公衆衛生上の危機対応レベルの事案ではない。,
aHR0cHM6Ly9oZWFsdGguZGV0aWsuY29tL2Jlcml0YS1kZXRpa2hlYWx0aC9kLTg2OTExMDIvd2FiYWgtZWJvbGEtZGkta29uZ28tdGV3YXNrYW4tNC0wMTgtb3Jhbmcta2FzdXMtdGVtYnVzLTgtMzAw,PICKUP,"致死率の高いエボラ出血熱（ブンディブギョ株）が複数州に拡大し、死者4,018人・症例8,300人に達する大規模アウトブレイクであり、IHR基準・WPRO基準ともに複数該当するため。",Ebola,Butembo; Province du Nord-Kivu; Democratic Republic of the Congo,"Ebola outbreak in Kongo kills 4,018 people, cases surpass 8,300.","Wabah Ebola di Kongo Tewaskan 4.018 Orang, Kasus Tembus 8.300",2026-10-03T12:08:18+00:00,https://health.detik.com/berita-detikhealth/d-8691102/wabah-ebola-di-kongo-tewaskan-4-018-orang-kasus-tembus-8-300,INDONESIAN,humans,"Ebola outbreak in Kongo, caused by Bundibugyo ebolavirus, has reached 8,300 confirmed cases and 4,018 deaths as of October 1, 2026, marking the largest and deadliest outbreak there since 2018–2020. Over 2,000 patients have recovered. The outbreak began May 15 in Ituri Province and has since spread to eastern Kongo and North Kivu, which now accounts for about 40% of new cases since late August. The Bundibugyo strain has no known cure or vaccine. South Ubangi Province in the northwest became the seventh province to report cases last month after a traveler from eastern Kongo died. Authorities, including MSF staff like Stephanie Hoffman in Butembo, warn of rapid transmission and ongoing fatalities, noting at least 50 health workers have died. The government and UN cite slowing transmission in Ituri, but spread continues elsewhere.",Yes,Yes,Yes,不明,3,Yes,Yes,Yes,Yes,Yes,5,Yes,Yes,Yes,ワクチン・治療法のないブンディブギョ株による2018-2020年以来最大規模のアウトブレイク。7州に拡大し、医療従事者50人以上が死亡。MSFやUNが対応中で、国際支援の必要性が高い。,
aHR0cHM6Ly93d3cudGhlaGluZHUuY29tL25ld3MvY2l0aWVzL1RpcnVjaGlyYXBhbGxpL2NpdmljLXdvcmtlcnMtdHJhaW5lZC1pbi1wcmV2ZW50aW9uLW9mLWluZmVjdGlvdXMtZGlzZWFzZXMtYmVmb3JlLW1vbnNvb24vYXJ0aWNsZTcxNTQwNTA0LmVjZQ==,DISMISS,モンスーン前の通常の予防研修活動を伝える記事であり、実際の症例急増や異常事態の報告はないため、トリアージ基準に該当しない。,Scrub Typhus; Malaria; Leptospirosis; Dengue,Tiruchirappalli; State of Tamil Nādu; Republic of India,,Civic workers trained in prevention of infectious diseases before monsoon,2026-10-03T12:12:03+00:00,https://www.thehindu.com/news/cities/Tiruchirapalli/civic-workers-trained-in-prevention-of-infectious-diseases-before-monsoon/article71540504.ece,ENGLISH,humans; vectors; environment,"An in-service training session for Tiruchi City Corporation field workers, led by City Health Officer M. Karthikeyan, focused on preventing dengue, scrub typhus, and leptospirosis ahead of the northeast monsoon. Held with district epidemiologist Mathivanan and District Malaria Officer Murugesan, the program outlined preventive measures targeting mosquito breeding and disease hotspots in Tiruchi. Workers were instructed to check for water stagnation in public spaces, locked homes, and construction sites, and to inspect homes, commercial buildings, and construction sites while destroying potential breeding sites such as old tyres, coconut husks, vessels, and other containers. Regular fogging and fumigation cycles will be conducted across all wards of the Tiruchi Corporation as part of ongoing prevention efforts.",No,No,No,No,0,No,No,No,No,No,0,No,No,No,記事は季節性感染症（デング熱、ツツガムシ病、レプトスピラ症）に対する予防的な公衆衛生対策・職員研修を報じたものであり、実際の発生・流行状況の報告ではない。,
aHR0cHM6Ly9hY3AuY2QvcHJvdmluY2Uva2lzYW5nYW5pLXVuZS1vcmdhbmlzYXRpb24tZGUtbHV0dGUtY29udHJlLWxlLXZpaC1zaWRhLXNlbnNpYmlsaXNlLWNvbnRyZS1lYm9sYS8=,PICKUP,DRC・キサンガニ地域でエボラ症例増加と医師の死亡が報告されており、ヒト-ヒト感染リスクと重症度の高さから公衆衛生上の懸念が強い。既存流行の悪化を示唆する情報が含まれるためフルRRAでの確認が望ましい。,Ebola; HIV,Kisangani; Tshopo; Democratic Republic of the Congo,Kisangani: an HIV/AIDS-fighting organization raises awareness about Ebola - ACP,Kisangani : une organisation de lutte contre le Vih/Sida sensibilise contre Ebola - ACP,2026-10-03T12:26:38+00:00,https://acp.cd/province/kisangani-une-organisation-de-lutte-contre-le-vih-sida-sensibilise-contre-ebola/,FRENCH,humans,"In Kisangani, as of 3 October 2026, Forum Sida (Fosi), a HIV/AIDS-focused NGO in Tshopo Province, DRC, launched Ebola prevention awareness in schools, starting with Lokombe School on the right bank of the Tshopo River. Provincial coordinator Bruno Longela says the campaign targets prevention amid rising Ebola cases and a 21-day incubation period, noting fear as physicians’ deaths raise alarm. Ebola is highlighted as a disease that kills upon infection if proper care is not received, with survival reduced without timely medical treatment. Activities include door-to-door outreach in classrooms, distribution of an awareness picture box, and six bottles of alcohol-based hand sanitizer to the school. Authorities are urged to maintain regular sensitization to reinforce prevention as Ebola concerns persist in Kisangani and the Tshopo province.",Yes,不明,不明,不明,1,Yes,Yes,Yes,Yes,Yes,5,Yes,Yes,不明,記事自体はNGOによる啓発活動が主題だが、'rising Ebola cases'や医師の死亡という表現から現地でエボラ症例が増加している可能性が示唆される。続報や公式統計の確認が必要。,
aHR0cHM6Ly93d3cuY3JldGFsaXZlLmdyL3lnZWlhL2VtcG9sYS1zdGluLW9sbGFuZGlhLXRldGFydG8tZWlzYWdvbWVuby1rcm95c21hLXN0aW4tZXlyb3Bp,PICKUP,DRCで進行中のエボラ流行に関連する欧州4例目の輸入症例であり、IHR基準の『深刻な公衆衛生影響』『国際的拡大』の2項目に該当するためフルRRAへ進める。,Ebola,Democratic Republic of the Congo; Kingdom of the Netherlands,"Ebola: In the Netherlands, the fourth imported case in Europe.",Έμπολα: Στην Ολλανδία το τέταρτο εισαγόμενο κρούσμα στην Ευρώπη,2026-10-03T12:17:27+00:00,https://www.cretalive.gr/ygeia/empola-stin-ollandia-tetarto-eisagomeno-kroysma-stin-eyropi,GREEK,humans,"Ebola: Netherlands reports the fourth imported case in Europe linked to the current outbreak. The patient is a healthcare worker from the Democratic Republic of Congo, diagnosed positive on 29 September and transferred to the Netherlands for specialized care. The European Centre for Disease Prevention and Control (ECDC) notes that imported infections among health workers, outbreak responders, and humanitarian staff are not unexpected due to differing exposure levels in affected regions. The three prior imported cases related to the same outbreak involved medical or humanitarian personnel in transmission zones. Transport of the patient is conducted with careful planning, and the probability of further transmission remains very low when appropriate infection prevention and control measures are followed. The EU/EEA are urged to maintain preparedness, prioritizing early recognition and isolation of suspected cases, adherence to protective measures, and suitable laboratory investigation.",Yes,No,Yes,不明,2,No,Yes,不明,Yes,不明,2,Yes,Yes,不明,記事の主題はオランダでの輸入症例だが、感染源はDRCで継続中のエボラ流行であるため、DRCを対象国として検証した。オランダは対象国リストに含まれないため除外。ECDCは今回の輸入例を『予想外ではない』と評価している点に留意。,
aHR0cHM6Ly93d3cubmV3aW5kaWFuZXhwcmVzcy5jb20vaW5kaWEvMjAyNi9PY3QvMDMvZ29vZC1oZWFsdGgtaXMtYS1odW1hbi1yaWdodC1jaGhhdHRpc2dhcmgtcmlnaHRzLWNvbW1pc3Npb24tZHJpdmUtaWRlbnRpZmllcy0xODAwLW5ldy1sZXByb3N5LXBhdGllbnRz,DISMISS,ハンセン病は既知の風土病であり、国家調査による積極的症例発見活動の結果であって、公衆衛生上の緊急性や国際的拡大リスクは認められない。,COVID-19; Leprosy,State of Mahārāshtra; Raipur; State of Odisha; State of Chhattīsgarh; Madhya Pradesh; Republic of India,,'Good health is a human right': Chhattisgarh Rights Commission drive identifies 1800 new leprosy patients,2026-10-03T12:27:52+00:00,https://www.newindianexpress.com/india/2026/Oct/03/good-health-is-a-human-right-chhattisgarh-rights-commission-drive-identifies-1800-new-leprosy-patients,ENGLISH,humans,"Chhattisgarh detects about 1,800 newly infected leprosy patients through a first-of-its-kind survey ordered by the State Human Rights Commission, revealing a large undiagnosed pool despite ongoing cases. Total registered leprosy patients in the state are 5,366, with Raipur reporting 625. Leprosy, a curable bacterial infection causing nerve damage if untreated, remains stigmatized post-COVID. The survey involved house-to-house screening to identify secondary infections near diagnosed patients, enabling timely treatment and reducing transmission. Five states—Chhattisgarh, Maharashtra, Jharkhand, Odisha, Madhya Pradesh—together account for about half of India’s leprosy burden; 23 districts in Chhattisgarh have prevalence above 1/10,000. Aradhana Patnaik noted in Raipur (June 2026) that national elimination occurred in 2005. SHRC Chairman Girdhari Nayak urges periodic, aggressive case-detection campaigns across endemic zones to prevent disability and stigma.",No,No,No,No,0,No,No,No,No,No,0,No,Yes,No,ハンセン病は治療可能な慢性感染症であり、本記事は積極的症例発見調査の成果報告。COVID-19は見出しの疾患リストに含まれるが記事内容とは無関係。,
aHR0cHM6Ly93d3cuYW50MWxpdmUuY29tL2tvc21vcy82OTkyMTRfZW1wb2xhLXRldGFydG8tbmVvLWtyb3lzbWEtc3Rpbi1leXJvcGktcG9zLWVmdGFzZS1rYWktdGktbGVuZS1vaS1hcmhlcw==,WATCH,DRCで continuing outbreak の医療従事者がヨーロッパへ移送され4例目の輸入例となったが、ECDCは欧州全体のリスク評価を変更しておらず、コンゴ国内での新規大規模感染拡大という明確な情報はないため、続報を注視する。,Ebola,Democratic Republic of the Congo; Kingdom of the Netherlands,Ebola: Fourth New Case in Europe - How It Arrived and What the Authorities Are Saying,Έμπολα: Τέταρτο νέο κρούσμα στην Ευρώπη - Πώς έφτασε και τι λένε οι Αρχές,2026-10-03T12:18:32+00:00,https://www.ant1live.com/kosmos/699214_empola-tetarto-neo-kroysma-stin-eyropi-pos-eftase-kai-ti-lene-oi-arhes,GREEK,humans,"Ebola virus disease: Europe records a fourth imported case linked to the ongoing outbreak. A healthcare worker from the Democratic Republic of Congo tested positive for Ebola on 29 September and was transported to the Netherlands for specialized care. The European Centre for Disease Prevention and Control (ECDC) notes that imported cases among healthcare workers, outbreak response teams, and humanitarian responders in the affected red zones are not unexpected due to their higher exposure. The previous three imported cases linked to the current outbreak involved medical or humanitarian work in red zones. The importation does not alter Europe’s overall risk assessment, as transmission remains very low with proper infection prevention, transport, and isolation measures. ECDC calls EU/EEA countries to maintain vigilance, emphasizing prompt recognition and isolation of suspected cases, adherence to protection measures, and appropriate laboratory investigation.",Yes,No,Yes,不明,2,No,Yes,不明,Yes,No,2,Yes,Yes,不明,記事はDRCで継続中のエボラアウトブレイクに関連し、ヨーロッパ（オランダ）への輸入症例についての報道。主たる発生国はDRCであり、オランダは対象国リストに含まれないため除外。ECDCは欧州全体のリスクレベルを変更していない点に留意。,
aHR0cHM6Ly90ci5ldXJvbmV3cy5jb20vMjAyNi8xMC8wMy9rb25nby1kZW1va3JhdGlrLWN1bWh1cml5ZXRpbmRlLWVib2xhLXNhbGdpbmktNDAwMGRlbi1mYXpsYS1vbHVt,PICKUP,"致死率約48.4%、死者4,000人超、7州に拡大し武力紛争地域での対応困難という深刻な公衆衛生事象であり、IHR・WPRO両基準で複数該当する。",Ebola,Ituri; Bunia; Democratic Republic of the Congo; United States; Republic of Rwanda; Republic of France,"Ebola outbreak in the Democratic Republic of the Congo: more than 4,000 deaths.",Kongo Demokratik Cumhuriyeti'nde Ebola salgını: 4.000'den fazla ölüm,2026-10-03T12:21:39+00:00,https://tr.euronews.com/2026/10/03/kongo-demokratik-cumhuriyetinde-ebola-salgini-4000den-fazla-olum,TURKISH,humans,"Ebola outbreak in the Democratic Republic of the Congo remains the deadliest on record as of 3 October 2026, with 8,300 confirmed cases and more than 4,018 deaths (case fatality ~48.4%), and 2,162 recoveries. The epicenter is Ituri, with spread across seven northern and eastern provinces, including six cases (four deaths) in North Kivu in areas controlled by the Rwanda-backed M23 group. Violence and resource shortages hinder response, displacing over 5,000 in Ituri; a transit center for Ebola patients was burned, and a contracted-health facility worker was killed in North Kivu. France signaled support with a Bunia visit and €13.4 million allocated (Jan–Jul), while the United States committed a further €237 million. Bundibugyo-type Ebola is circulating; Ervebo vaccine doses (for Zaire ebolavirus) have begun among frontline staff.",Yes,Yes,Yes,不明,3,Yes,Yes,Yes,Yes,Yes,5,Yes,Yes,Yes,米仏が資金支援を表明（フランス€13.4M、米国€237M）。武装勢力M23支配地域での症例発生・施設焼失・医療従事者殺害など治安要因が対応を著しく妨げている。ブンディブギョ型エボラが流行中であり既存のErvebo（ザイール株用）ワクチンの有効性に懸念あり。,
aHR0cHM6Ly9hY3AuY2QvcHJvdmluY2Uva2lzYW5nYW5pLWVib2xhLWxlLXNlcnZpY2UtZGFzc2Fpbmlzc2VtZW50LWRlLWxlbnZpcm9ubmVtZW50LWxhbmNlLXVuZS1vcGVyYXRpb24tZGUtZGVzaW5mZWN0aW9uLWRlcy1lc3BhY2VzLw==,PICKUP,エボラ出血熱はIHR Annex2の即時通報対象疾病であり、公衆衛生への深刻な影響・国際的拡大リスクを有するため、既存アウトブレイク対応の続報としてもフルRRA相当の監視が必要。,Ebola,Kisangani; Tshopo; Democratic Republic of the Congo,Kisangani-Ebola: the Environmental Sanitation Service launches an operation to disinfect areas - ACP.,Kisangani-Ebola : le service d'assainissement de l'Environnement lance une opération de désinfection des espaces - ACP,2026-10-03T12:35:41+00:00,https://acp.cd/province/kisangani-ebola-le-service-dassainissement-de-lenvironnement-lance-une-operation-de-desinfection-des-espaces/,FRENCH,humans; environment,"On 3 October 2026, the Environmental Sanitation Service of Kisangani, part of the Tshopo provincial Environment Coordination in northeastern Democratic Republic of the Congo, launched an operation to disinfect public and private spaces to support the Ebola virus disease response. Led by Henoc Sefu Kenge, technicians began early Saturday by disinfecting Hotel Dissa in the Makiso commune. The drive aims to reinforce hygiene and sanitation measures across the city and bolster prevention and control of Ebola transmission. The initiative will continue at additional sites within Kisangani as the environmental sector contributes to the outbreak response. Disinfection targets public and private venues to reduce fomite transmission and support ongoing medical and community health efforts.",Yes,No,Yes,不明,2,No,Yes,Yes,Yes,Yes,4,Yes,Yes,Yes,本記事はキサンガニで進行中のエボラ対応における環境消毒活動の続報。既存のアウトブレイク状況（感染者数・死亡者数等）は本文に記載がなく不明。,
aHR0cHM6Ly90dW9pdHJlLnZuL2N1b2MtdGhpLWxhbi10b2EtbmFuZy1sdW9uZy10aWNoLWN1Yy0yMDI2LXBob25nLWN1bS1waGUtY2F1LXJzdi1naXUtdHJvbi1uaGlwLXRpbS1raG9lLTEwMDI2MTAwMzE1NDcxMjIwOS5odG0=,DISMISS,特定のアウトブレイクではなく、心臓病患者向けの呼吸器感染症予防啓発に関する一般的な健康キャンペーン記事であり、IHR・WPRO基準のいずれにも該当しない。,Respiratory Syncytial Virus (RSV) Infection; Pneumococcus; Influenza,,"2026 Positive Energy Spreading Contest: Prevent Flu, Pneumococcus, and RSV - Maintain a Healthy Heartbeat.","Cuộc thi Lan tỏa năng lượng tích cực 2026: Phòng cúm, phế cầu, RSV - giữ trọn nhịp tim khỏe",2026-10-03T11:00:00+00:00,https://tuoitre.vn/cuoc-thi-lan-toa-nang-luong-tich-cuc-2026-phong-cum-phe-cau-rsv-giu-tron-nhip-tim-khoe-100261003154712209.htm,VIETNAMESE,humans,"Influenza, respiratory syncytial virus (RSV), and Streptococcus pneumoniae infections trigger systemic immune responses—fever, dehydration, hypoxemia, and increased metabolic demand—that extend beyond the lungs. For patients with cardiovascular disease, especially coronary artery disease or heart failure, these changes raise cardiac workload and can worsen underlying conditions. Prevention emphasizes maintaining control of risk factors (blood pressure, blood glucose, lipids), adhering to medications, and sustaining a healthy lifestyle to keep heart disease stable and reduce susceptibility to infections. Vaccination is a key preventive measure to lower infection risk and lessen disease severity from vaccine-preventable pathogens. Overall, reducing respiratory infections is presented as an essential component of protecting heart health within cardiovascular care. The article highlights public health messaging tied to infection prevention for heart patients.",No,No,No,No,0,No,No,No,No,No,0,No,No,No,本記事は特定の感染症アウトブレイク事例ではなく、季節性呼吸器感染症（インフルエンザ・RSV・肺炎球菌）予防に関する一般的な公衆衛生啓発・ワクチン接種推奨の広報記事。具体的な発生地域・症例数の記載なし。,
aHR0cHM6Ly93d3cud2VidHZwYXJhY2F0dS5jb20uYnIvbm90aWNpYXMvMTk5MTQtY29uaGVjYS1hLXRlY25vbG9naWEtcXVlLXJlZHV6LWVtLWF0ZS05OS1hLXByZXNlbmNhLWRlLXNhbG1vbmVsbGEtZW0tY2FybmVz,DISMISS,本記事は食肉加工におけるサルモネラ低減技術の研究成果を紹介する内容であり、実際の感染症アウトブレイクや公衆衛生上の緊急事態を報告するものではない。,Paratyphoid; Typhoid,Toledo; Paraná,Meet the technology that reduces Salmonella presence in meat by up to 99%.,Conheça a tecnologia que reduz em até 99% a presença de Salmonella em carnes,2026-10-03T09:30:00+00:00,https://www.webtvparacatu.com.br/noticias/19914-conheca-a-tecnologia-que-reduz-em-ate-99-a-presenca-de-salmonella-em-carnes,PORTUGUESE,humans; animals,"Biopark researchers in Toledo, Western Paraná, Brazil, developed a processing-stage technology that reduces Salmonella in poultry carcasses by up to 99.8% and in pork by 95.4% during meat processing. Tests covered multiple chicken serovars and pork strains, with no observed bacterial adaptation and the population reaching the analytical detection limit in chicken trials. Chemical analyses found no residues on carcasses after washing, and consumer sensory attributes—appearance, aroma, flavor, texture—were unchanged. Occupational safety evaluations indicated adequate worker exposure conditions. The solution, born from industry needs and part of the Novo Arranjo de Pesquisa e Inovação (Napi) Alimentos Saudáveis, is moving toward intellectual property protection and regulatory approval for commercial use. Cost estimates were R$0.0032 per kg for chicken and R$0.004 per kg for pork. In Brazil, 2025 saw 15.3 Mt chicken, 5.6 Mt pork, with exports ~6.8 Mt and >US$13B in sales.",No,No,No,No,0,No,No,No,No,No,0,No,No,No,疾患名にTyphoid/Paratyphoidとあるが、記事内容はサルモネラ食中毒菌低減の食品加工技術に関するものであり、実際の感染症発生事例ではない。,
aHR0cHM6Ly9uZ2F5bmF5LnZuL3Bvc3QtMTc2ODQxLmh0bWw=,WATCH,デング熱・手足口病ともに症例増加と重症化傾向が見られるが、既知の季節性流行であり国際的拡大リスクは低いため経過観察とする。,Enterovirus 71; Dengue,Ho Chi Minh City; Ho Chi Minh City; Socialist Republic of Vietnam,Ho Chi Minh City strengthens measures to prevent the risk of dengue fever and hand-foot-and-mouth disease outbreaks.,TP HCM tăng cường biện pháp phòng tránh nguy cơ bùng phát dịch bệnh sốt xuất huyết và tay chân miệng,2026-10-03T12:28:21+00:00,https://ngaynay.vn/post-176841.html,VIETNAMESE,humans,"As of Week 39 (Sept 21–27, 2026) in Ho Chi Minh City, dengue fever recorded 1,491 cases, up 1.7% from the four-week average, with 2026 cumulative total 35,714. Highest incidence per 100,000 were in Con Dao Special District (883), Chanh Phu Hoa Commune (777), and Minh Thanh Commune (706). Hand, foot, and mouth disease (HFMD) reached 1,538 cases in Week 39, up 63.8% from the prior four weeks; year-to-date total 36,676. HFMD per 100,000 also peaked in Con Dao (673), Bình Khánh Commune (535), and Hiệp Phước Commune (443). Hospitalizations increased for HFMD: over 80 cases at Children's Hospital 1 (doubling week-over-week) and over 40 at Children's Hospital City (up 10% from last month). Clinicians warn many HFMD cases progress rapidly to severity (fever, vomiting, lethargy, tremors); urgent hospitalization is advised. Preventive measures emphasize hand hygiene, cleaning toys, safe food, and isolation of affected children; adults should maintain personal hygiene and bathe before contact.",No,No,No,No,0,No,Yes,Yes,Yes,No,3,Yes,Yes,No,HFMD症例の急増（週比63.8%増）と重症化例が報告されており、今後の推移次第ではPICKUPへの格上げも検討すべき。デング熱は既存の高発地域での季節的増加。,
aHR0cHM6Ly9tZXRyby5jby51ay8yMDI2LzEwLzAzL3B1dGluLWFjY3VzZWQtY292ZXJpbmctcGxhZ3VlLW91dGJyZWFrLWNvbXBhcmVkLWNvdmlkLTI5Njc1OTgyLw==,DISMISS,"ペスト発生はロシア・イルクーツク州で発生しており、CEPR監視対象国（Zambia, Philippines, Thailand, Ghana, DRC, Brazil, Indonesia, China, Myanmar, Vietnam, India）には該当しないため、監視スコープ外としてDISMISSと判定。",Plague,Hubei Sheng; Irkutskaya Oblast’; Irkutsk; Shelekhov; Wuhan; Mongolia; Russian Federation,,Putin Accused of 'Plague Cover-Up' in Siberia Outbreak,2026-10-03T12:57:52+00:00,https://metro.co.uk/2026/10/03/putin-accused-covering-plague-outbreak-compared-covid-29675982/,ENGLISH,humans; environment,"As of 2026-10-03, a plague outbreak in Russia's Irkutsk region has caused one death and 189 people to be quarantined. The Irkutsk Anti-Plague Research Institute and Shelekhov District Hospital are under quarantine; antibiotics reportedly sold out. Daria Shipilova, 28, a laboratory assistant at the Institute, is linked to the outbreak; reports differ whether she contracted the disease on a Russia–Mongolia border expedition or after breaking a test tube at the Institute. Mass events have been canceled across the region, and Baikalsk residents were advised not to travel to Shelekhov. Anna Popova, Russia's chief infectious diseases doctor, traveled to Irkutsk to oversee the response. Telegram channel Nezygar compared the response to Wuhan and claimed a cover-up; epidemiologist Mikhail Favorov criticized the handling and the supposed test-tube explanation.",Yes,Yes,不明,不明,2,Yes,Yes,不明,不明,不明,2,Yes,Yes,不明,記事中で言及される武漢（中国）は過去のCOVID-19対応との比較のための引用であり、本イベントの発生地はロシア・イルクーツク州。モンゴルも国境探検の文脈での言及のみ。いずれも対象国リストに含まれないためverified_locationsは空とした。,
aHR0cHM6Ly93d3cubmV3c25hdGlvbnR2LmNvbS9oaW5kaS13aXJlLWRldGFpbC9nYW5kaGluYWdhci1tZWluLXN0YXR1ZS1vZi11bml0eS1rZS1la3RhLWRpd2FzLXBhcmFkZS1raS10YWl5YXJpLWthci1yYWhlLTE0LWphd2FuLWRlbmd1ZS1wb3NpdGl2ZS0tMjAyNjEwMDMxNDU3NTEv,DISMISS,インドで季節的に流行するデング熱の小規模クラスター（14名陽性）であり、地元当局が標準的な防疫対応（フォギング、発生源対策）を既に実施中。重症例や死亡の報告もなく、異常性・国際的拡大リスクは認められない。,Dengue,State of Mahārāshtra; Gandhinagar; State of Odisha; State of Andhra Pradesh; State of Chhattīsgarh; State of Gujarāt; State of Kerala; Madhya Pradesh; Republic of India,14 jawans in Gandhinagar preparing for Unity Day parade tested positive for dengue,गांधीनगर में एकता दिवस परेड की तैयारी कर रहे 14 जवान डेंगू पॉजिटिव,2026-10-03T12:45:01+00:00,https://www.newsnationtv.com/hindi-wire-detail/gandhinagar-mein-statue-of-unity-ke-ekta-diwas-parade-ki-taiyari-kar-rahe-14-jawan-dengue-positive--20261003145751/,HINDI,humans; environment; vectors,"14 out of about 6,000 central paramilitary and state police personnel preparing for Unity Day parade in Gandhinagar tested positive for dengue. The 6,000 included CRPF, BSF, SSB, ITBP; states Maharashtra, Madhya Pradesh, Odisha, Chhattisgarh, Andhra Pradesh, Kerala. Sector-28 and Sector-29 allotted ~1,000 temporary quarters in Gift City area; 60-70 personnel tested so far; 14 positive. Nagar Nigam health dept deployed six teams. Three-tier dengue control: 1) confirm treatment and health surveillance; 2) fogging in ~1,000 quarters and outdoor fogging across campus; 3) 500-meter surveillance around sectors 28 and 29; source reduction; identify breeding sites; immediate action at breeding hotspots. Investigation ongoing to determine if infections contracted locally in Gandhinagar or brought from others; travel histories being checked; some had fever and body ache on arrival. Focus remains on treating infected personnel and preventing spread.",No,No,No,No,0,No,No,Yes,No,No,1,No,Yes,No,デング熱はインドで毎年流行する風土病であり、軍・警察関係者の一時居住区での小規模クラスター。地元の衛生当局が既に3段階の対策（治療・サーベイランス、フォギング、発生源対策）を実施中であり、外部支援の必要性は低い。統一の日パレードという国家的行事に関連するため一定の政府関心はあるが、公衆衛生上の深刻な脅威とは言えない。,
aHR0cHM6Ly93d3cucHVuamFia2VzYXJpLmNvbS9pbmRpYS1uZXdzL2dhbmRoaW5hZ2FyLW1laW4tc3RhdHVlLW9mLXVuaXR5LWtlLWVrdGEtZGl3YXMtcGFyYWRlLWtpLXRhaXlhcmkta2FyLXJhaGUtMTQtamF3YW4tZGVuZ3VlLXBvc2l0aXZlLw==,WATCH,インド・グジャラート州の一地域での小規模なデング熱クラスター事例であり、季節性感染症の通常範囲内で国際的拡大の懸念は低いが、今後の感染拡大や原因特定（現地感染か持ち込みか）の続報を注視する必要がある。,Dengue,State of Mahārāshtra; Gandhinagar; State of Odisha; State of Andhra Pradesh; State of Chhattīsgarh; State of Gujarāt; State of Kerala; Madhya Pradesh; Republic of India,Gandhinagar: 14 jawans preparing for Unity Day parade are dengue positive - Punjab Kesari,गांधीनगर में एकता दिवस परेड की तैयारी कर रहे 14 जवान डेंगू पॉजिटिव - Punjab Kesari,2026-10-03T12:43:09+00:00,https://www.punjabkesari.com/india-news/gandhinagar-mein-statue-of-unity-ke-ekta-diwas-parade-ki-taiyari-kar-rahe-14-jawan-dengue-positive/,HINDI,humans; vectors; environment,"14 of nearly 6,000 personnel arriving in Gandhinagar for Unity Day parade preparations tested positive for dengue. In Kevadiya near the Statue of Unity, Sector-28 and Sector-29 temporary quarters host personnel from CRPF, BSF, SSB and other states including Maharashtra, Madhya Pradesh, Odisha, Chhattisgarh, Andhra Pradesh and Kerala, who are preparing in the Gift City area ahead of the October 31 Unity Day event. About 60–70 personnel have been tested, with 14 dengue cases confirmed; some arrivals had fever, body aches, and other symptoms. The Gandhinagar Municipal Corporation deployed six health teams in Sectors 28 and 29. A three-tier plan includes immediate treatment and health monitoring; fogging in about 1,000 quarters and campus-wide outdoor fogging; and a 500-meter surveillance radius to identify and eliminate breeding sites. Authorities are probing whether infections are locally acquired or brought from home states, given varied travel histories.",No,No,No,No,0,No,No,Yes,Yes,No,2,No,Yes,No,デング熱はインドの季節性流行病であり、本事例は統一の日パレード準備要員14名の陽性確認という局地的事象。地元自治体により防疫対応（フォギング、サーベイランス）が実施されており、管理可能な範囲内と考えられる。,
aHR0cHM6Ly93d3cudHJ0aGFiZXIuY29tL2hhYmVyL2R1bnlhL2Vib2xhLWJpbGFuY29zdS1jYW4ta2F5YmktNGJpbmktZ2VjdGktOTU5MDIwLmh0bWw=,PICKUP,"コンゴ民主共和国で7州にまたがるエボラ出血熱（ブンディブギョ株）アウトブレイクが4,000人超の死者を出しており、致死率48.4%、承認されたワクチン・治療法がないため、公衆衛生上重大かつ国際的拡大リスクを有する。",Ebola,Yambuku; Muyinga Province; Nzara; Ituri; Democratic Republic of the Congo; Republic of Burundi; Republic of the Sudan; Republic of Angola,Ebola toll: the death toll has surpassed four thousand.,Ebola bilançosu: Can kaybı 4'bini geçti,2026-10-03T12:49:29+00:00,https://www.trthaber.com/haber/dunya/ebola-bilancosu-can-kaybi-4bini-gecti-959020.html,TURKISH,humans,"Ebola Virus Disease outbreak in the Democratic Republic of the Congo has surpassed 4,000 deaths, reaching 4,018, with 8,300 laboratory-confirmed cases and 2,162 recoveries; case fatality rate 48.4%. The outbreak spans seven provinces and was declared on May 15 after Ituri province reported 246 suspected cases and 65 deaths in a village near the Ebola River. The Bundibugyo Ebola variant involved has no approved treatment or vaccine. Background notes recall outbreaks dating to 1976 in Nzara, Sudan, and Yambuku, DRC, and the 2014-2017 West Africa epidemic with about 30,000 infections and over 11,000 deaths.",Yes,Yes,Yes,不明,3,Yes,Yes,Yes,Yes,Yes,5,Yes,Yes,Yes,発生地域にBurundi、Sudan、Angolaが含まれるが、記事本文で明示的に現在の感染拡大地域として言及されているのはDRCの7州のみ。Nzara(Sudan)とYambuku(DRC)は1976年の過去事例への言及であり、現行アウトブレイクの発生地ではない。,
aHR0cHM6Ly9hY3AuY2QvcHJvdmluY2Uva2lzYW5nYW5pLWxhbmNlbWVudC1kdW4tdG91cm5vaS1hdmVjLWFwcGVsLWF1LXJlc3BlY3Qtc3RyaWN0LWRlcy1tZXN1cmVzLWJhcnJpZXJlcy1jb250cmUtZWJvbGEv,PICKUP,DRCトショパ州で進行中のエボラ流行に関連する内容であり、疾患の重篤性と地域での人ー人感染継続のリスクからIHR基準・WPRO基準の双方で複数該当するため。,Ebola,Kisangani; Democratic Republic of the Congo,Kisangani: Launch of a Tournament With a Call for Strict Adherence to Ebola Prevention Measures - ACP,Kisangani : lancement d'un tournoi avec appel au respect strict des mesures-barrières contre Ebola - ACP,2026-10-03T13:10:57+00:00,https://acp.cd/province/kisangani-lancement-dun-tournoi-avec-appel-au-respect-strict-des-mesures-barrieres-contre-ebola/,FRENCH,humans,"On 3 October 2026, Kisangani in the northeastern Democratic Republic of the Congo launched a peace tournament in the city’s capital of Tshopo Province to reinforce social cohesion while strictly enforcing Ebola prevention measures. Governor Paulin Lendongolia urged residents and participants to avoid unnecessary physical contact, follow health recommendations, protect one another, and prevent the event from becoming a conduit for Ebola transmission. He cautioned against panic, called for responsible behavior, and emphasized adherence to health teams’ guidance while helping raise awareness about the Ebola situation in Tshopo. The initiative links sport, community unity, and collective responsibility amid the Ebola epidemic in the province. The governor expressed gratitude to President Félix-Antoine Tshisekedi Tshilombo and Finance Minister Doudou Fwamba Likunde for their support, and thanked organizer Jacques Mandjongwe and the Dynamique de la Force des changements for their role.",Yes,Yes,不明,不明,2,Yes,Yes,Yes,Yes,Yes,5,Yes,Yes,不明,記事自体は新規症例報告ではなく、既存のトショパ州エボラ流行下での予防啓発イベント（トーナメント）に関する報道。州知事や大統領府、財務大臣の関与が言及されており行政的関心は高いが、感染者数・死亡者数・国際的拡大に関する具体的データは記載されていない。,
aHR0cHM6Ly93d3cuYmhhc2thcmhpbmRpLmNvbS9vdGhlci9nYW5kaGluYWdhci1tZWluLXN0YXR1ZS1vZi11bml0eS1rZS1la3RhLWRpd2FzLXBhcmFkZS1raS10YWl5YXJpLWthci1yYWhlLTE0LWphd2FuLWRlbmd1ZS1wb3NpdGl2ZS0xMzcwNjkz,PICKUP,特定イベント（統一の日パレード）に集結した約6000人の治安要員のうち14名がデング熱陽性と確認され、行政による積極的な調査・防疫対応が始まっているため、社会的・行政的関心が高くフルRRAでの経過確認が妥当。,Dengue,State of Mahārāshtra; Gandhinagar; State of Odisha; State of Andhra Pradesh; State of Chhattīsgarh; State of Gujarāt; State of Kerala; Madhya Pradesh; Republic of India,14 personnel preparing for Unity Day Parade in Gandhinagar tested positive for dengue | ???????? ??? ???????? ?? ?????? ?? ???? ???? ???? ?? ?????? ?? ??? 14 ???? ????? ???????.,गांधीनगर में एकता दिवस परेड की तैयारी कर रहे 14 जवान डेंगू पॉजिटिव | ???????? ??? ???????? ?? ?????? ?? ???? ???? ???? ?? ?????? ?? ??? 14 ???? ????? ???????,2026-10-03T12:59:10+00:00,https://www.bhaskarhindi.com/other/gandhinagar-mein-statue-of-unity-ke-ekta-diwas-parade-ki-taiyari-kar-rahe-14-jawan-dengue-positive-1370693,HINDI,humans; vectors,"14 personnel preparing for India's Unity Day Parade at the Statue of Unity near Kevadia, Gandhinagar, Gujarat, tested positive for dengue among about 6,000 central and state security personnel (CRPF, BSF, SSB, Indo-Tibetan Border Police) arriving from states including Maharashtra, Madhya Pradesh, Odisha, Chhattisgarh, Andhra Pradesh, and Kerala. Of roughly 60–70 individuals tested so far, 14 dengue cases are confirmed. Gandhinagar Municipal Corporation has deployed six health teams in Sector-28 and Sector-29, with about 1,000 temporary quarters allocated for the contingents. A three-tier response is underway: 1) treatment and health monitoring of infected personnel, 2) fogging in the quarters and outside the campus, plus 3) a 500-meter surveillance radius around Sectors 28/29 to identify breeding sites and perform source reduction. Investigations aim to determine whether infections are locally transmitted or imported with personnel, as health histories are reviewed to prevent further spread.",No,No,No,No,0,No,不明,Yes,Yes,No,2,Yes,Yes,No,デング熱はインドで流行性疾患であり今回の事例は特定イベント参加者間の局地的クラスター。地元自治体が迅速に対応(健康監視・燻蒸・サーベイランス)しており、国際的拡大リスクは低いが、国家的行事に関連するため社会的関心は高い。,
aHR0cHM6Ly9iYW9kb25nbmFpLmNvbS52bi94YS1ob2kveS10ZS8yMDI2MTAvc290LXh1YXQtaHV5ZXQtZGllbi1iaWVuLXBodWMtdGFwLW5ndXktY28tYnVuZy1waGF0LWRpZW4tcm9uZy1mZTM1Y2E1Lw==,WATCH,ドンナイ省で季節性デング熱の症例・死亡者数が増加しているが、ベトナムでは例年発生する風土病であり、国際的拡大や渡航・貿易制限のリスクは低いため、フルRRAには至らないが続報を注視する必要がある。,Dengue,Tỉnh Đồng Nai; Nghĩa Trung; Tỉnh Nghệ An; Tỉnh Bình Phước; Nhơn Trạch; Xã Bàu Hàm Hai; Định Quán; Socialist Republic of Vietnam,"Dengue fever with a complicated progression, risk of a widespread outbreak.","Sốt xuất huyết diễn biến phức tạp, nguy cơ bùng phát diện rộng",2026-10-03T13:00:37+00:00,https://baodongnai.com.vn/xa-hoi/y-te/202610/sot-xuat-huyet-dien-bien-phuc-tap-nguy-co-bung-phat-dien-rong-fe35ca5/,VIETNAMESE,humans; vectors; environment,"Dengue fever in Dong Nai City, Vietnam, is at high risk of a widespread outbreak. Last week (Sept 24–30), 730 dengue cases were reported, including 315 children under 15, with 1 death in Bàu Hàm Commune. Cumulatively from the start of the year, Dong Nai has logged about 16,000 cases and 7 deaths. The health system identified 253 dengue clusters and noted high case numbers in Bình Phước, Nhơn Trạch, Minh Hưng, Long Bình, Nghĩa Trung, and Định Quán. Four dengue virus serotypes (D1–D4) are circulating, increasing risks of reinfection and severe disease, especially among those with obesity, cancer, or chronic conditions. Weather is at the peak of the rainy season, favoring mosquito breeding. Authorities are monitoring dengue in 95 communes, conducting wide-area insecticide spraying in hotspots, and providing personnel, equipment, and chemicals. Localities should pursue larviciding, broad chemical spraying, enhanced surveillance, and rapid outbreak response; residents should remove standing water and protect against bites.",Yes,No,No,No,1,No,Yes,Yes,Yes,No,3,Yes,Yes,No,ドンナイ省を中心に複数血清型（D1-D4）が循環し、再感染・重症化リスクが指摘されている。地方当局が殺虫剤散布や監視強化を実施中で、外部支援の必要性は明記されていない。季節性の年次流行パターンの範囲内と判断されるが、症例数・死亡者数の推移は継続的に注視が必要。,
aHR0cHM6Ly9hY3AuY2QvcHJvdmluY2UvZWJvbGEtYS1raXNhbmdhbmktbGEtZHBzLXJlbmZvcmNlLWxhLXByb3RlY3Rpb24tZHUtcGVyc29ubmVsLWRlLXNhbnRlLw==,PICKUP,コンゴ民主共和国キサンガニでエボラ出血熱の医療従事者感染（15名中2名死亡）が継続しており、IHR基準（深刻性・異常性）とWPRO基準を複数満たすためフルリスク評価が必要。,Ebola,Tshopo; Bafwasende; Kisangani; Democratic Republic of the Congo,Ebola in Kisangani: the DPS strengthens the protection of healthcare workers - ACP,Ebola à Kisangani: la DPS renforce la protection du personnel de santé - ACP,2026-10-03T13:20:01+00:00,https://acp.cd/province/ebola-a-kisangani-la-dps-renforce-la-protection-du-personnel-de-sante/,FRENCH,humans,"Ebola virus disease response in Kisangani, Tshopo Province, prioritizes protection of health-care workers and rapid intervention after alerts. The DPS notes PPE is deployed immediately to health zones upon receipt, even with stock shortages since PPE is single-use. Four ambulances (three government-funded, one from Enabel) support operations: one to Bafwasende, two for the Ebola Treatment Center (CTE), and one to the Makiso-Kisangani health zone. Investigation teams are established in each health zone to monitor alerts for suspected or confirmed cases and contacts, including follow-up for La Borne kindergarten pupils and Kisangani DH hospital staff and caretakers, after the 21-day closures of these two institutions. Among 15 health workers infected with Ebola, 12 have recovered, two have died, and one is currently in treatment, per the DPS.",Yes,Yes,不明,不明,2,Yes,Yes,Yes,Yes,Yes,5,不明,Yes,Yes,医療従事者15名感染、2名死亡、12名回復、1名治療中という具体的な被害規模があり、保育園・病院の21日間閉鎖措置も実施されている。国際NGO（Enabel）が支援に関与しており、既存のエボラアウトブレイク対応の一環と見られる。,
aHR0cHM6Ly9sYWxsdXJhbS5jb20vcHVuamFiLWdvdmVybm1lbnQtdHJpcGxlLWgtc2NyZWVuaW5nLWhpdi1oZXBhdGl0aXMtYi1jLWRlLWFkZGljdGlvbi1jZW50cmVzLw==,DISMISS,既存の公衆衛生施策（スクリーニング体制強化）に関する報道であり、新規アウトブレイクや異常事態ではないため、IHR・WPRO基準いずれも該当しない。,Hepatitis; Hepatitis B; HIV,State of Punjab; Republic of India,Triple-H screening to start soon in Punjab's state-run de-addiction centers; HIV and Hepatitis B and C will be tested.,"पंजाब के सरकारी नशा मुक्ति केंद्रों में जल्द शुरू होगी ट्रिपल H स्क्रीनिंग, HIV और हेपेटाइटिस-B/C की होगी जांच",2026-10-03T13:36:55+00:00,https://lalluram.com/punjab-government-triple-h-screening-hiv-hepatitis-b-c-de-addiction-centres/,HINDI,humans,"Punjab to start Triple-H screening for HIV, Hepatitis B and C at state-run de-addiction and rehabilitation centers, integrating HIV and hepatitis testing with addiction treatment. Under Chief Minister Bhagwant Mann's War Against Drugs initiative, the government aims to improve health outcomes by linking testing directly to the rehabilitation process rather than periodic camps. Health and Family Welfare Minister Dr. Balbir Singh noted that injections among substance users increase the risk of blood-borne infections, making timely identification and care essential. The plan will provide testing along with counseling, medical care, and social rehabilitation to those recovering from addiction, helping sustain long-term recovery. Previously, HIV and hepatitis screening camps were held roughly every two months. The government expects rapid rollout at public centers to ensure access to care for affected individuals.",No,No,No,No,0,No,No,No,No,No,0,No,Yes,No,政府の保健施策（薬物依存症治療センターでのHIV・肝炎検査拡充）に関する記事であり、新規感染症発生や異常事象ではない。,
aHR0cHM6Ly93d3cuZHRuZXh0LmluL25ld3MvdGFtaWxuYWR1L29mZmljaWFscy1yZXZpZXctZGVuZ3VlLXByZXZlbnRpb24tbWVhc3VyZXMtaW4tYXZhZGk=,DISMISS,地域での通常のデング熱対策活動に関する行政レビューの記事であり、異常な拡大や重症例急増の報告はなく、既存の公衆衛生対応の範囲内と判断される。,Dengue,Āvadi; Tiruvallur; State of Tamil Nādu; Vaishnavi Nagar; Republic of India,,Officials review dengue prevention measures in Avadi,2026-10-03T13:35:08+00:00,https://www.dtnext.in/news/tamilnadu/officials-review-dengue-prevention-measures-in-avadi,ENGLISH,humans; vectors,"115 dengue cases reported in Avadi Corporation limits from January to September 2026, with August at 29 and September at 63—the highest monthly figure. Tamil Nadu officials, including Tiruvallur Collector Kavitha, Avadi Corporation Commissioner Saranya, and TNMSC MD Amrith, reviewed dengue prevention measures in Avadi on Saturday. TNMSC chief inspected Zone 2 (Tirumullaivoyal), checked workers’ attendance, and evaluated field activities, then visited a dengue-affected home in Vaishnavi Nagar (2nd Cross Street). He also reviewed dengue prevention at Avadi Government Hospital, including the dengue ward, pharmacy, and laboratory. Officials urged continued dengue prevention efforts and steps to control other mosquito-borne diseases in Avadi Corporation areas. Attendees included Avadi Gov Hospital Deputy Director Porchelvi, City Health Officer Saraswathi, sanitation officers Moideen and Kumar, health inspectors, and field staff.",No,No,No,No,0,No,不明,Yes,Yes,No,2,No,Yes,No,デング熱はインド・タミルナードゥ州で季節的に発生する既知の媒介蚊感染症であり、本記事は地方行政による定例の予防策レビューを報じるもの。症例数の増加傾向はあるが、異常事態や国際的拡大リスクを示す記述はない。,
aHR0cHM6Ly93d3cuY25iY2luZG9uZXNpYS5jb20vdGVjaC8yMDI2MTAwMzE3NDM1OS0zNy03NzMwNzUvaWxtdXdhbi1kdW5pYS13YXNwYWRhaS1taXJyb3ItbGlmZS1hbmNhbWFuLXdhYmFoLXRhay10ZXJrZW5kYWxp,DISMISS,実際の感染症発生事例ではなく、合成生物学における理論的・将来的リスク（鏡像生物）に関する科学者の警鐘・議論であり、現時点で実際の疾病アウトブレイクは発生していない。,Unknown Illness,State of Karnataka; Bengaluru; United States; Federal Republic of Germany; Republic of Singapore; United Kingdom of Great Britain and Northern Ireland,"Scientists Worldwide Warn of 'Mirror Life', the Threat of an Out-of-Control Outbreak","Ilmuwan Dunia Waspadai ""Mirror Life"", Ancaman Wabah Tak Terkendali",2026-10-03T13:49:22+00:00,https://www.cnbcindonesia.com/tech/20261003174359-37-773075/ilmuwan-dunia-waspadai-mirror-life-ancaman-wabah-tak-terkendali,INDONESIAN,humans; animals; plants; environment,"Mirror life, synthetic cells built with inverted chirality, could trigger an uncontrolled outbreak if released, warned at the Singapore Conference on Mirror Life. Earth life uses left-handed amino acids and right-handed sugars; mirror organisms would use opposite forms, potentially evading immune systems and bacteriophages, multiplying unchecked and disrupting ecosystems. While creation is not imminent, rapid advances in synthetic biology and AI heighten concern. The discussion references a 2024 Science paper positing mirror bacteria could survive in nutrient-rich, non-chiral environments such as soil, blood, and gut. George Church (Harvard Medical School) highlighted milestones: a “spud cell” from the University of Minnesota and lab techniques enabling proteins with nonstandard amino acids. US, UK, and Germany have voiced worries; the UN Secretary-General’s Scientific Advisory Board issued a risk summary in March; China has not stated a position. Indian researchers in Bengaluru stress vigilance, comparing risks to invasive cane toads.",No,No,No,No,0,No,No,No,No,No,0,No,No,No,本記事は実際の感染症発生事例ではなく、合成生物学分野における将来的リスク（鏡像生命体：Mirror Life）についての国際会議・専門家の警鐘を報じたもの。インドのベンガルール研究者のコメントが含まれるが、インド国内で実際の疾病発生があったわけではないため、verified_locationsは空とした。,
aHR0cHM6Ly9zdXBlcmhpdHM5NzkuY29tLzIwMjYvMTAvMDMvZnJhbmNlLXRvLXN0ZXAtdXAtZWJvbGEtZnVuZGluZy1pbi1jb25nby1hbWlkLXJlc3VyZ2VuY2UtZmVhcnMtbWluaXN0ZXItc2F5cy8=,PICKUP,DRC東部でのエボラ流行再燃リスクがあり、フランス政府が資金・人道支援を強化する動きがあることから、社会的・政治的関心が高く、WPRO基準にも複数該当するためフルRRAに進めるべきと判断。,Mpox; Ebola,Paris; Bunia; Democratic Republic of the Congo; Republic of France,,"France to step up Ebola funding in Congo amid resurgence fears, minister says",2026-10-03T13:45:29+00:00,https://superhits979.com/2026/10/03/france-to-step-up-ebola-funding-in-congo-amid-resurgence-fears-minister-says/,ENGLISH,humans,"As of 3 October 2026, France will increase support to eradicate Ebola in eastern Democratic Republic of Congo, said Foreign Minister Jean-Noel Barrot during a Bunia visit. He warned that Ebola could resurge quickly if vigilance wanes. France has allocated €13.4 million ($15.1 million) to Ebola efforts from January–July and will seek additional humanitarian funding in upcoming budget discussions. France’s response channels include humanitarian aid, medical research, and the PRISM programme launched in 2023. A national humanitarian conference in Paris is planned for 6 October to discuss Ebola responses. Barrot praised Congolese authorities, UN agencies, humanitarian groups, and healthcare workers for containing the outbreak and preventing spread to major urban centers. In Bunia, a laboratory-confirmed mpox case was identified in mid-September, underscoring ongoing vigilance against multiple pathogens.",Yes,不明,不明,No,1,不明,Yes,Yes,Yes,Yes,4,Yes,Yes,Yes,記事はフランスの資金支援表明が主題だが、実際の発生地はDRC（ブニア含む東部）。フランス自体は感染発生国ではないため対象国リストから除外。Mpoxの確定例も言及されているが本記事の主眼はエボラ再燃懸念。,
aHR0cHM6Ly93d3cubGl2ZWhpbmR1c3Rhbi5jb20vYmloYXIvYmVndXNhcmFpL3N0b3J5LXJpc2luZy1tb3NxdWl0by10aHJlYXQtaW4tYmVndXNhcmFpLWZvZ2dpbmctZWZmb3J0cy1oYW1wZXJlZC0yMDE3OTEwMzUyMDU5NzEuaHRtbA==,WATCH,特定の感染者数や死亡例の報告はなく、蚊媒介性疾患（デング熱・マラリア）対策の遅延に関する行政対応の記事であり、現時点で具体的な感染拡大の証拠はないが、今後の流行拡大リスクがあるため経過観察とする。,Malaria; Dengue,Begusarai; State of Bihār; Republic of India,"Begusarai News: Amid changes in the weather, the mosquito menace has risen, fogging and larviciding are slow.","Begusarai News: मौसम में बदलाव के बीच मच्छरों का प्रकोप बढ़ा, फॉगिंग व एंटी लार्वा छिड़काव धीमा",2026-10-03T13:47:04+00:00,https://www.livehindustan.com/bihar/begusarai/story-rising-mosquito-threat-in-begusarai-fogging-efforts-hampered-201791035205971.html,HINDI,vectors; environment; humans,"Begusarai city, India, faces rising mosquito menace due to weather changes and heavy rainfall, with fogging and anti-larva spraying progressing slowly. The municipal corporation has 12 small fogging machines and 50 anti-larva sprayers; a large fogging machine is currently unavailable after a 2023 incident where a large machine and tempo burned and have not been replaced. An agency tasked from October 1 to conduct fogging, anti-larva spraying, and house-to-house cleaning has yet to start, weakening control. Tenifos and Dengue Special Malathion are used for larviciding. Waterlogged wards 38, 39, 42, 25 and the eastern Lohiyanagar area have stagnant water in drains and vacant plots, creating breeding grounds. Councillors urge immediate, ward-wide fogging and intensified anti-larva spraying to curb dengue, malaria, and other vector-borne diseases ahead of Durga Puja.",不明,No,No,No,0,No,不明,Yes,Yes,Yes,3,Yes,Yes,No,記事はベグサライ市における蚊対策（燻蒸・幼虫駆除）の遅延に関する行政・地域報道であり、具体的な感染者数や死亡者数のデータは含まれていない。デュルガー・プージャ前の対策強化を求める地元議員のコメントが中心。,
aHR0cHM6Ly93d3cueWVuaWNhZ2dhemV0ZXNpLmNvbS9lYm9sYS1zYWxnaW5pbmRhLWJpbGFuY28tYWdpcmxhc2l5b3ItY2FuLWtheWJpLTQtYmluaS1hc3RpLTEwNzgwNzZoLmh0bQ==,PICKUP,"コンゴ民主共和国で発生中のエボラ出血熱（ブンディブギョ変異株）が7州に拡大し、致死率48.4%・死者4,000人超という深刻な事態であり、承認された治療薬・ワクチンもないため、IHR基準・WPRO基準ともに複数該当する。",Ebola,Yambuku; Muyinga Province; Nzara; Ituri; Republic of the Sudan; Republic of Sierra Leone; Democratic Republic of the Congo; Republic of Liberia; Republic of Burundi; Republic of Guinea,"The death toll from the Ebola outbreak has surpassed 4,000.",Ebola salgınında bilanço ağırlaşıyor: Can kaybı 4 bini aştı,2026-10-03T13:46:04+00:00,https://www.yenicaggazetesi.com/ebola-salgininda-bilanco-agirlasiyor-can-kaybi-4-bini-asti-1078076h.htm,TURKISH,humans,"Ebola outbreak in the Democratic Republic of the Congo (DRC), declared May 15 in Ituri province, has spread to seven provinces. Laboratory-confirmed cases reach 8,300 with 4,018 deaths and 2,162 recoveries, yielding a case-fatality rate of 48.4% as of 3 October 2026. The Bundibugyo ebolavirus variant is involved, and health authorities report no approved treatment or vaccine. Ituri initially reported 246 suspected cases and 65 deaths before declaration. Background notes: Ebola first emerged in 1976 in Nzara, Sudan, and in Yambuku, DRC; the 2013–2017 West Africa outbreak (Guinea, Liberia, Sierra Leone) infected about 30,000 people and caused over 11,000 deaths. The article underscores ongoing transmission and high mortality with limited countermeasures for Bundibugyo.",Yes,Yes,Yes,不明,3,Yes,Yes,Yes,Yes,Yes,5,Yes,Yes,Yes,発生地域リストにはスーダン、シエラレオネ、リベリア、ギニア、ブルンジが含まれるが、これらは1976年および2013-2017年の過去の流行に関する背景情報であり、現行の流行地域はDRCのみ。致死率48.4%・治療薬ワクチン未承認という高リスク要因から、至急のフルリスク評価が必要。,
aHR0cHM6Ly93d3cuZ2xvYmFsYmFua2luZ2FuZGZpbmFuY2UuY29tL2ZyYW5jZS1zdGVwLXVwLWVib2xhLWZ1bmRpbmctY29uZ28tYW1pZC1yZXN1cmdlbmNlLWZlYXJzLw==,PICKUP,DRC東部でのエボラ再燃への懸念が表明され、フランスが資金支援を増額する動きがあり、mpox確認例も併記されるなど公衆衛生上の継続的な注視が必要なため。,Mpox; Ebola,Paris; Bunia; Democratic Republic of the Congo; Republic of France,,France Increases Ebola Funding in Congo Amid Resurgence Fears,2026-10-03T13:45:29+00:00,https://www.globalbankingandfinance.com/france-step-up-ebola-funding-congo-amid-resurgence-fears/,ENGLISH,humans,"France will intensify support against Ebola in eastern Democratic Republic of Congo, allocating €13.4 million for January–July and proposing more humanitarian funding in upcoming French budget discussions. In Bunia, French Foreign Minister Jean-Noel Barrot visited a region hit by the virus and warned that Ebola could resurge quickly if vigilance wanes. The effort leverages humanitarian aid, medical research and the PRISM programme launched in 2023. A national humanitarian conference in Paris on October 6 will discuss Ebola. Barrot praised Congolese authorities, UN agencies, humanitarian organisations and medical workers for containing the epidemic and preventing spread to major urban centres. He noted a laboratory-confirmed mpox case in Bunia in mid-September, but urged continued focus on eradicating Ebola where it emerges; no need for fear of spread elsewhere.",Yes,No,No,不明,1,No,Yes,Yes,Yes,Yes,4,Yes,Yes,Yes,フランス外相がブニア（DRC）を訪問し、同地域での9月中旬のmpox確認例にも言及。エボラは封じ込められているが再燃リスクが懸念されている。フランス自体は対象国リストに含まれないため除外。,
aHR0cHM6Ly9ib3RhbndhbmcuY29tL2FydGljbGVzLzIwMjYxMC8lRTUlOEQlODElRTQlQjglODAlRTklOTUlQkYlRTUlODElODclRTclOTYlQUIlRTYlODMlODUlRTYlODklQTklRTUlQTQlQTclN0MlRTklOUQlOTIlRTUlQTMlQUUlRTUlQjklQjQlRTclOEMlOUQlRTYlQUQlQkIlRTYlOTglQkUlRTglOTElOTclRTUlQTIlOUU=,PICKUP,新変異株(PJ.2.1/BA.3.2)による重症化・死亡例増加と若年層の心疾患関連死が報告され、国慶節連休による人流拡大で感染拡大リスクが高いため、フルRRAでの検証が必要。,COVID-19; Influenza A; Human Infection with Swine Influenza A H3N2,Hebei Sheng; Shijiazhuang; Heilongjiang Sheng; Harbin; People's Republic of China,"During the National Day Golden Week, the outbreak widens; sudden deaths among young and middle-aged adults have risen significantly.",十一长假疫情扩大 青壮年猝死显著增加,2026-10-03T13:56:31+00:00,https://botanwang.com/articles/202610/%E5%8D%81%E4%B8%80%E9%95%BF%E5%81%87%E7%96%AB%E6%83%85%E6%89%A9%E5%A4%A7%7C%E9%9D%92%E5%A3%AE%E5%B9%B4%E7%8C%9D%E6%AD%BB%E6%98%BE%E8%91%97%E5%A2%9E%E5%8A%A0.html,CHINESE,humans,"During the National Day Golden Week in early October 2026, China's COVID-19 outbreak widens as travel crowds fill hospitals. In Hebei's Shijiazhuang, a local pharmacist reports many infections; before the holiday, about half of a class were ill, signaling a post-holiday peak. Dr. Zhang in Hebei says PJ.2.1 is the fastest-growing, most virulent current COVID-19 variant, with BA.3.2 under WHO monitoring; both are highly mutated, with strong receptor binding and rapid replication, fueling numerous severe cases. High viral load can worsen within two days, with deaths reported among people in their 40s, especially those with underlying heart conditions—myocarditis, myocardial infarction, heart failure, and sudden cardiac death. Re-infection may elevate mortality risk. Some regions report influenza A/H3N2 circulating after COVID-19 cooling, increasing hospitalizations. In Harbin, a funeral director notes rising sudden deaths among young adults.",Yes,Yes,不明,No,2,Yes,Yes,Yes,Yes,不明,4,Yes,不明,不明,"情報源(botanwang.com)は海外中国語メディアであり、中国政府の公式発表や査読済みデータとは異なる可能性がある。新変異株の名称(PJ.2.1, BA.3.2)や死亡数増加の具体的統計は未検証であり、WHO/中国CDCの公式発表との照合が必要。インフルエンザA(H3N2)との同時流行も懸念材料。",
aHR0cHM6Ly93d3cuYWZyaWNhLW5ld3Nyb29tLmNvbS9wcmVzcy9pZnJjLW1vdXJucy1sb3NzLW9mLXVnYW5kYS1yZWQtY3Jvc3MtaHVtYW5pdGFyaWFuLWluLWRyYy1lYm9sYS1yZXNwb25zZQ==,PICKUP,DRCイトゥリ州で継続中のエボラ対応活動における人道支援者への攻撃・死亡事例であり、既存のエボラ流行が依然活動的かつ治安上のリスクにより対応が妨げられている点で、国際的拡大・管理可能性の観点から懸念が高い。,Ebola,Ituri; Democratic Republic of the Congo; Republic of Uganda,,International Federation of Red Cross and Red Crescent Societies (IFRC) mourns loss of Uganda Red Cross humanitarian in Democratic Republic of the Congo (DRC) Ebola response,2026-10-03T14:04:06+00:00,https://www.africa-newsroom.com/press/ifrc-mourns-loss-of-uganda-red-cross-humanitarian-in-drc-ebola-response,ENGLISH,humans,"Ambulance driver Ismael Mulindwa of the Uganda Red Cross Society died from injuries sustained after an attack on 17 August 2026 while supporting the Ebola response in Aru, Ituri Province, Democratic Republic of the Congo. He died on 1 October 2026. The International Federation of Red Cross and Red Crescent Societies (IFRC) mourns his loss and extends condolences to his family, colleagues, and URCS. The incident underscores the risks faced by Red Cross and Red Crescent staff and volunteers in difficult and dangerous environments during humanitarian missions. The IFRC strongly condemns violence against humanitarian workers and calls for their protection and respect as they assist communities in need in the DRC Ebola response.",Yes,No,Yes,不明,2,No,Yes,Yes,Yes,Yes,4,Yes,不明,Yes,記事は新規症例報告ではなく、既存のDRCエボラ対応中における人道支援者（ウガンダ赤十字所属）の攻撃死亡事例に関するもの。治安情勢が対応活動を妨げている点が懸念材料。ウガンダは対象国リストに含まれないため verified_locations には含めていない。,
aHR0cHM6Ly93d3cudGhlaGluZHUuY29tL25ld3MvY2l0aWVzL3B1ZHVjaGVycnkvYXdhcmVuZXNzLXByb2dyYW1tZS1vbi1yYWJpZXMtaGVsZC9hcnRpY2xlNzE1NDA3MTguZWNl,DISMISS,世界狂犬病デーに関連した啓発イベントの報道であり、新規感染事例や公衆衛生上の異常事態の報告ではない。,Rabies,Union Territory of Puducherry; Puducherry,,Awareness programme on rabies held,2026-10-03T13:57:57+00:00,https://www.thehindu.com/news/cities/puducherry/awareness-programme-on-rabies-held/article71540718.ece,ENGLISH,humans; animals,"Rabies awareness programme held in Puducherry, organized by Rajiv Gandhi Institute of Veterinary Education and Research (RIVER) in association with the National Rabies Control Programme and Puducherry State Health Mission, as part of World Rabies Day observance. The event emphasized a One Health approach, timely first aid after exposure, and post-exposure prophylaxis (PEP), along with animal vaccination to tackle rabies cases. Various competitions were conducted during the observance. Attendees included Director of Health and Family Welfare S. Sevvel and RIVER Dean K. Murugavel. The release highlights collaboration among veterinary education, health authorities, and public health agencies to promote awareness and preventive measures against rabies in Puducherry.",No,No,No,No,0,No,No,No,No,No,0,No,No,No,記事は啓発活動・予防策に関する一般的な広報であり、具体的な感染拡大や症例急増の報告はないため対象国リストへの計上は見送った。,
aHR0cHM6Ly9hY3AuY2QvcHJvdmluY2UvZWJvbGEtYS1iZW5pLWRlcy1hZmZpY2hlcy1wbGFjYXJkZWVzLXBvdXItdW5lLXNlbnNpYmlsaXNhdGlvbi1wZXJtYW5lbnRlLWRhbnMtZGVzLWVjb2xlcy8=,WATCH,エボラに関する学校での予防啓発活動の報告であり、確定症例の報告はなく、学校での疑い例の噂も未確認。既存の対応継続状況として経過観察が妥当。,Ebola,Province du Nord-Kivu; Bungulu; Democratic Republic of the Congo,Ebola in Beni: Posters posted for ongoing awareness in schools - ACP,Ebola à Beni: des affiches placardées pour une sensibilisation permanente dans des écoles - ACP,2026-10-03T14:12:51+00:00,https://acp.cd/province/ebola-a-beni-des-affiches-placardees-pour-une-sensibilisation-permanente-dans-des-ecoles/,FRENCH,humans,"Ebola awareness posters are posted in schools in Beni, North Kivu, Democratic Republic of the Congo, to curb transmission amid ongoing concerns. The Risk Communication and Community Engagement pillar (Crec) placed placards in institutions including Institut Mukulya, Lycée Mwandu, Kisungu, Kisolokele, Mapendo primaries, and Kanzuli-nzuli in Bungulu commune. Posters carry messages such as Stop Ebola and Ebola exists, plus guidance on handwashing and images illustrating symptoms and transmission. The initiative targets crowded primary schools during a period of free education, aiming to reduce exposure by reinforcing daily preventive practices. As of 3 October 2026, no Ebola cases have been confirmed in schools in Beni; rumors of suspected cases circulating online have not been substantiated, with authorities monitoring the situation. The effort seeks to strengthen prevention in schools and the wider community.",不明,No,不明,不明,0,No,不明,Yes,Yes,不明,2,Yes,Yes,不明,記事は北キブ州ベニにおけるエボラ予防啓発活動（学校でのポスター掲示）に関する内容。確定症例は報告されておらず、学校での疑い例の噂も未確認。既存のエボラ流行への対応継続の一環とみられる。,
aHR0cHM6Ly90aGVpbnMucnUvbmV3cy8yOTc4Njg=,DISMISS,IARC/GLOBOCANの統計データに基づく一般的な疫学解説記事であり、特定の急性アウトブレイクや公衆衛生上の緊急事態を示すものではない。,Hepatitis B; Hepatitis C; B Virus; HIV,Shanghai Shi,One in eight cancer cases worldwide is linked to infections. The largest share of cases is due to Helicobacter pylori and HPV.,Каждый восьмой случай рака в мире связан с инфекциями. Больше всего случаев приходится на Helicobacter pylori и ВПЧ,2026-10-03T14:08:58+00:00,https://theins.ru/news/297868,RUSSIAN,humans,"2.3 million new cancer cases worldwide in 2024 were caused by infections, about 12% of all new cancers, according to IARC using 2024 GLOBOCAN data. The largest shares were linked to Helicobacter pylori (approximately 760,000 cases, mostly gastric cancer) and human papillomavirus (HPV) around 750,000 cases, driving nearly all cervical cancer and portions of anal, genital, and oropharyngeal cancers. About 360,000 cases were associated with hepatitis B virus (HBV), 260,000 with Epstein-Barr virus (EBV), and 160,000 with hepatitis C virus (HCV). These five infections account for the majority of infection-attributable cancers. EBV is newly linked to gastric cancer in this update. Infection itself is not contagious; infections raise cancer risk via chronic inflammation, cellular damage, or immune changes. East Asia bears the largest burden (~990,000 cases, 42%). Prevention includes HPV and HBV vaccination, HCV antiviral therapy, H. pylori testing and treatment, HIV management, safe injections, condom use, and HPV-related precancer screening.",No,No,No,No,0,No,No,No,No,No,0,No,No,No,記事は特定地域のアウトブレイクではなく、世界的な癌疫学統計（GLOBOCAN 2024データ）に関する科学報道。発生地域として上海・中国が付与されているが、記事内容に中国特有の事象は言及されていないため該当なしと判断。,
aHR0cHM6Ly9hY3AuY2QvcHJvdmluY2UvZWJvbGEtYS1raXNhbmdhbmktdW4tbWVkZWNpbi1zdXJ2aXZhbnQtdGVtb2lnbmUtZGVzLWRpZmZpY3VsdGVzLWRlLXJlaW50ZWdyYXRpb24tYXByZXMtZ3Vlcmlzb24v,WATCH,DRCで継続中とみられるエボラ流行に関連する記事だが、内容は既に回復した1症例（医療従事者）のスティグマ・社会復帰に関する人道的側面であり、新規症例やアウトブレイクの拡大を示す情報ではないため、フルRRAよりも続報の注視が適切。,Ebola; Malaria,Nia-Nia; Kisangani; Ituri; Democratic Republic of the Congo,Ebola in Kisangani: a doctor who survived recounts the difficulties of reintegration after recovery - ACP,Ebola à Kisangani : un médecin survivant témoigne des difficultés de réintégration après guérison - ACP,2026-10-03T14:09:57+00:00,https://acp.cd/province/ebola-a-kisangani-un-medecin-survivant-temoigne-des-difficultes-de-reintegration-apres-guerison/,FRENCH,humans,"In Kisangani, Democratic Republic of the Congo, Ebola survivor Dr. Innocent Bukanga, a government physician, details reintegration difficulties after recovering from Ebola virus disease (EVD). Discharged from the Ebola Treatment Center (CTE) on 2 September, he remained without professional assignment or risk allowances until 27 September, facing stigma and rejection in various workplaces. He approached the provincial health division (DPS) to address his lack of posting and benefits, and was subsequently reassigned to the Kisangani CTE, where he reports improved circumstances. Bukanga contracted EVD through occupational exposure while caring for a patient from Nia-Nia in Ituri province, who was unaware of his infection. After fever, diarrhea, vomiting, and asthenia, he was initially treated for severe malaria, then admitted to Cinquantenaire Hospital in Kisangani, where EVD was laboratory-confirmed. Symptoms began about seven days post-exposure; he spent 12–13 days at the CTE before recovery. He urges communities to abandon stigma to aid social and professional reintegration.",Yes,No,不明,不明,1,No,Yes,不明,Yes,不明,2,Yes,不明,不明,"記事は医療従事者が職業的曝露（Nia-Nia, Ituri州の患者ケア中）でEVDに感染し、キサンガニのCTEで治療・回復した後の社会復帰困難とスティグマについての体験談。新規感染拡大の情報は含まれないが、DRCでのエボラ流行自体は既知の重大な公衆衛生イベントであるため継続監視が必要。",
aHR0cHM6Ly93d3cuY25iY2luZG9uZXNpYS5jb20vbmV3cy8yMDI2MTAwMzE3NTY0NC00LTc3MzA3Ni9uZWdhcmEtaW5pLWRpbGFuZGEtd2FiYWgtZWJvbGEtdGVyYmVzYXIta29yYmFuLXRld2FzLXRlbWJ1cy00MDAw,PICKUP,"DRC史上最大・最悪規模のエボラ流行（死者4,018人、確定症例8,300人）が7州に拡大しており、IHR基準・WPRO基準ともに複数該当するため、フルリスク評価が必要。",Ebola,Province du Nord-Kivu; Butembo; Ituri; Democratic Republic of the Congo,"This Country Hit by the Largest Ebola Outbreak, Death Toll Surpasses 4,000.","Negara ini Dilanda Wabah Ebola Terbesar, Korban Tewas Tembus 4.000",2026-10-03T14:03:56+00:00,https://www.cnbcindonesia.com/news/20261003175644-4-773076/negara-ini-dilanda-wabah-ebola-terbesar-korban-tewas-tembus-4000,INDONESIAN,humans,"DRC is facing the largest and deadliest Ebola outbreak in its history, caused by the Bundibugyo strain. As of Oct 2, 2026, government data show 4,018 deaths and 8,300 confirmed cases across seven provinces, with more than 2,000 recoveries. The outbreak began in Ituri province and has spread to the eastern region, including North Kivu, while South Ubangi in the northwest was also declared affected after a traveler from the east died. Health authorities and the United Nations warn that transmission remains rapid in eastern Congo despite signs of slowing in some areas. MSF runs the Kitatumba Ebola treatment center in Butembo, North Kivu, with documented disinfection procedures and PPE use as part of the response. Ebola symptoms include fever, bleeding, and severe complications; containment requires specialized facilities and strict HCW protection.",Yes,Yes,Yes,Yes,4,Yes,Yes,Yes,Yes,Yes,5,Yes,Yes,Yes,Bundibugyo株による流行で、イトゥリ州から始まり北キブ州・南ウバンギ州など複数州へ拡大。MSFが北キブ州ブテンボでエボラ治療センターを運営中。国連も警戒を発しており、国際的な支援が既に行われている状況。,
aHR0cHM6Ly9hY3AuY2QvcHJvdmluY2UvZWJvbGEtYS1iZW5pLWRlcy1raXRzLWRlLWxhdmFnZS1kZXMtbWFpbnMtc29sbGljaXRlcy1kYW5zLWxlcy1lY29sZXMv,PICKUP,DRCベニ地域でエボラ出血熱の予防策として学校への手洗いキット支援が要請されており、既存のエボラ流行が継続している可能性が高く、IHR基準の重大性・異常性に該当するため。,Ebola,Democratic Republic of the Congo,Ebola in Beni: handwashing kits requested in schools - ACP,Ebola à Beni: des kits de lavage des mains sollicités dans les écoles - ACP,2026-10-03T14:18:28+00:00,https://acp.cd/province/ebola-a-beni-des-kits-de-lavage-des-mains-sollicites-dans-les-ecoles/,FRENCH,humans; environment,"In Beni, North Kivu, eastern Democratic Republic of Congo, authorities are requesting handwashing kits to protect students and staff from Ebola in schools. On 3 October 2026, ACP reported visits to several schools where officials appealed for handwashing supplies to prevent Ebola contamination. Olivier Kakule, deputy head of Masongo Primary School in Mulekera commune, said that without kits, pupils and teachers are exposed; parents contributed 200 FC each to purchase two kits for 18 classrooms, but every classroom should have a kit for better protection. For the 2026-2027 school year, Beni's schools have adopted measures including regular handwashing as Ebola prevention. Ongoing resource shortages hinder obtaining kits for each classroom, underscoring the need for intervention by competent authorities and support from national and international partners in the Ebola response.",Yes,Yes,不明,不明,2,Yes,Yes,Yes,Yes,Yes,5,Yes,Yes,Yes,記事はエボラ流行下の学校における予防策（手洗いキット不足）に関する内容であり、具体的な感染者数や死亡者数の記載はないが、既存のエボラ流行対応の一環と推測される。続報での症例数・地域拡大状況の確認が必要。,
aHR0cHM6Ly9hY3AuY2QvcHJvdmluY2UvZWJvbGEtYS1tYW1iYXNhLXRyb2lzLW5vdXZlYXV4LWd1ZXJpcy1xdWl0dGVudC1sZS1jZW50cmUtZGUtdHJhaXRlbWVudC1tZWRlY2luLWNoZWYtZGUtem9uZS8=,PICKUP,DRCイツリ州マンバサで進行中のエボラ出血熱アウトブレイクに関する続報であり、致死性疾患かつ国際的拡大・渡航制限リスクを伴うためIHR基準に複数該当する。,Ebola,Mambasa; Ituri; Democratic Republic of the Congo,Ebola in Mambasa: three newly recovered patients leave the treatment center (Zone Chief Medical Officer) - ACP,Ebola à Mambasa : trois nouveaux guéris quittent le centre de traitement (Médecin- chef de zone) - ACP,2026-10-03T14:15:34+00:00,https://acp.cd/province/ebola-a-mambasa-trois-nouveaux-gueris-quittent-le-centre-de-traitement-medecin-chef-de-zone/,FRENCH,humans,"Three Ebola Virus Disease (EVD) patients were discharged from the Mambasa zone treatment center in Ituri Province, North-East Democratic Republic of Congo, on 3 October 2026 after timely care. Zone medical chief Dr Yunga Abedi credited early treatment and praised the response team, noting that recovery proves Ebola is not inevitably fatal when patients reach care promptly. Recovered individuals will assist community sensitization and bolster trust in responders. Health authorities urged rapid reporting of suspected cases to guide patients to treatment facilities. Despite ongoing challenges, progress includes near-completion of a new Ebola Treatment Center and the availability of a laboratory capable of delivering results within 48 hours, shortening diagnostic delays and speeding case linkage to care.",Yes,Yes,Yes,Yes,4,Yes,Yes,Yes,Yes,Yes,5,Yes,Yes,Yes,記事自体は回復者退院という好転的な内容だが、DRCで継続中のエボラアウトブレイクの一環であり、公衆衛生上の重大性から継続監視が必要。,
aHR0cHM6Ly9vYnNlcnZhZG9yLnB0LzIwMjYvMTAvMDMvbXVsaGVyLW1vcnJlLXZpdGltYS1kZS1wZXN0ZS1uYS1zaWJlcmlhLWFwb3MtYWNpZGVudGUtZW0tbGFib3JhdG9yaW8tYXV0b3JpZGFkZXMtcnVzc2FzLWNvbG9jYXJhbS0yMDAtcGVzc29hcy1lbS1pc29sYW1lbnRvLw==,PICKUP,研究所でのYersinia pestis漏出により肺ペストで死亡者が出ており、約200人が観察下に置かれ100人以上が入院するなど重大な公衆衛生事象である。中国でも疑い例・確認例が報告されており国際的拡大の懸念がある。,Pneumonic Plague; Plague,Irkutskaya Oblast’; Irkutsk; Shelekhov; Mongolia; Russian Federation; People's Republic of China,Woman dies from plague in Siberia after laboratory accident. Russian authorities placed 200 people in isolation.,Mulher morre vítima de peste na Sibéria após acidente em laboratório. Autoridades russas colocaram 200 pessoas em isolamento,2026-10-03T14:21:35+00:00,https://observador.pt/2026/10/03/mulher-morre-vitima-de-peste-na-siberia-apos-acidente-em-laboratorio-autoridades-russas-colocaram-200-pessoas-em-isolamento/,PORTUGUESE,humans,"As of 3 October 2026, a 28-year-old laboratory technician at the Irkutsk Institute of Plague Control in Siberia died of pneumonic plague after a tube containing Yersinia pestis broke during sampling. About 197 people with potential exposure were placed under medical observation; more than 100 were hospitalized, and the Shelekhov district hospital near Irkutsk was quarantined. Regional authorities opened a criminal probe into possible biosafety violations, with Governor Igor Kobzev coordinating with Russia’s public health agency. The case is described as a suspected plague, with pneumonic plague described by the WHO as the most virulent form, featuring rapid lung infection and person-to-person transmission, incubation up to 24 hours, and mortality near 100% if untreated (about 50% with treatment). China reported two suspected/confirmed pneumonic plague cases; Mongolia reported 17 cases (2019–2025) with seven deaths.",Yes,Yes,Yes,不明,3,Yes,Yes,不明,Yes,不明,3,Yes,Yes,不明,主発生地はロシア（シベリア、イルクーツク）であり対象国リストに含まれないため除外。記事中で中国における疑い/確認例への言及があるため中国のみ対象国として記載。モンゴルも言及されているが対象国リストに含まれないため除外。,
aHR0cHM6Ly93d3cuaW5mb2JhZS5jb20vYW1lcmljYS9hZ2VuY2lhcy8yMDI2LzEwLzAzL2VsLW1pbmlzdHJvLWZyYW5jZXMtZGUtZXh0ZXJpb3Jlcy1hYm9yZGEtY29uLWVsLXByZXNpZGVudGUtZGUtcmRjLWxhLXJlc3B1ZXN0YS1hbC1lYm9sYS8=,PICKUP,"致死率48.3%、死者4,042人に及ぶ世界第2位の規模のエボラ流行が継続中であり、国際的な拡大（ウガンダへの波及）も確認されているためIHR基準・WPRO基準ともに複数該当する。",Ebola,Tshopo; South Kivu Province; Kinshasa City; Ituri; Kinshasa; Bunia; Democratic Republic of the Congo; Republic of Uganda,The French Foreign Minister discusses with the President of the Democratic Republic of the Congo the response to Ebola.,El ministro francés de Exteriores aborda con el presidente de RDC la respuesta al ébola,2026-10-03T14:32:23+00:00,https://www.infobae.com/america/agencias/2026/10/03/el-ministro-frances-de-exteriores-aborda-con-el-presidente-de-rdc-la-respuesta-al-ebola/,SPANISH,humans,"Ebola virus disease outbreak in the Democratic Republic of the Congo’s eastern regions, declared May 15, remains severe. French Foreign Minister Jean-Noël Barrot met in Kinshasa with President Félix Tshisekedi to coordinate the response; Barrot will visit Bunia in Ituri, the outbreak’s epicenter, and engage local authorities and NGOs. As of Oct 1, 8,376 confirmed cases and 4,042 deaths have been reported, with a global case-fatality rate of 48.3%. Recoveries total 2,182; 869 patients are hospitalized or in isolation. The outbreak affects 63 health zones across seven provinces: Ituri, Tshopo, Bas-Uélé, Haut-Uélé, North Kivu, South Kivu, and Ubangi del Sur. It is the second-deadliest Ebola outbreak worldwide. The virus has also reached Uganda, where the WHO declared the end of its outbreak on Aug 26 after 20 confirmed cases (15 imported from the DRC) and two deaths.",Yes,Yes,Yes,不明,3,Yes,Yes,Yes,Yes,Yes,5,Yes,Yes,Yes,ウガンダへの波及は既にWHOにより終息宣言（8月26日）済み。主要流行地はDRC東部7州63保健地区であり、対象国リストにウガンダは含まれないため記載せず。フランス外相の訪問は国際的関心の高さを示す。,
aHR0cHM6Ly9lbHNpZ2xvLmNvbS52ZS9mcmFuY2lhLWludGVuc2lmaWNhcmEtZmluYW5jaWFjaW9uLWVib2xhLWNvbmdvLW1lZGlvLXRlbW9yZXMtcmVzdXJnaW1pZW50by8=,PICKUP,"DRCで史上最悪規模（8,000例超・死亡約4,000人）の第17次エボラ流行が継続中であり、仏への輸入症例も発生、再燃懸念から国際的な資金・人道支援強化が進められている。",Ebola,Paris; Ituri; Bunia; Democratic Republic of the Congo; Republic of France,France will intensify funding for Ebola in the Congo amid fears of a resurgence.,Francia intensificará la financiación del ébola en el Congo en medio de temores de resurgimiento,2026-10-03T14:32:32+00:00,https://elsiglo.com.ve/francia-intensificara-financiacion-ebola-congo-medio-temores-resurgimiento/,SPANISH,humans,"France will intensify funding for Ebola response in the eastern Democratic Republic of the Congo (DRC), focusing on Ituri province and Bunia, amid fears of a resurgence. Barrot warned that the 17th Ebola outbreak—the deadliest to date with more than 8,000 cases and about 4,000 deaths—could rebound quickly if surveillance declines. France plans additional humanitarian funding and to bolster medical research through PRISME (Platform for Global Health Research). From January to July 2026, Paris allocated €13.4 million to Ebola response; in July it delivered about 20 tonnes of prevention materials and medicines to Ituri. Barrot praised Congolese authorities, UN agencies, and health workers for containing the outbreak and preventing major urban spread. He noted an imported France case (a humanitarian worker returning from Ituri in June 2026) but said there is no need for alarm. The visit precedes Paris’s National Humanitarian Conference on Oct 6.",Yes,Yes,Yes,不明,3,Yes,Yes,Yes,Yes,Yes,5,Yes,Yes,Yes,フランスへの輸入症例が報告されているが、フランスは対象国リストに含まれないためverified_locationsには含めていない。主たる発生地はDRC（イトゥリ州・ブニア）。,
aHR0cHM6Ly93d3cuZGltc3VtZGFpbHkuaGsvbmluZS15ZWFyLW9sZC1naXJsLXdpdGgtY2hyb25pYy1pbGxuZXNzLWluLWNyaXRpY2FsLWNvbmRpdGlvbi1hZnRlci1pbmZsdWVuemEtYi1pbmZlY3Rpb24v,PICKUP,季節性インフルエンザBによる重症小児例（21例中1死亡・2重体）が報告され、公的機関がワクチン接種を呼びかけるなど社会的・行政的関心が高まっているため。,Influenza B; Influenza,Hong Kong Special Administrative Region; People's Republic of China,,Nine-year-old girl with chronic illness in critical condition after influenza B infection,2026-10-03T14:49:00+00:00,https://www.dimsumdaily.hk/nine-year-old-girl-with-chronic-illness-in-critical-condition-after-influenza-b-infection/,ENGLISH,humans,"Influenza B infection in a nine-year-old girl in Hong Kong progressed to septic shock and severe pneumonia, placing her in the paediatric intensive care unit at Queen Elizabeth Hospital after fever on 30 September and cough/vomiting on 1 October; laboratory testing confirmed influenza B. The child had pre‑existing conditions, no travel history during incubation, and was not vaccinated for the 2026/27 season. Two household contacts had mild fever and URTI but recovered; investigations ongoing. Since late June, Hong Kong's influenza activity has been high, with 21 recorded severe paediatric influenza cases; 16 discharged, 2 stable, 2 in critical condition, and 1 death. The 2026/27 vaccination programme, including School Outreach, began 17 September with electronic consent via eHealth; around 100 schools arranged outreach, targeting mid-December completion. Officials warn symptoms can deteriorate rapidly and urge vaccination and prompt medical attention.",No,No,No,No,0,不明,Yes,Yes,Yes,No,3,Yes,Yes,不明,香港特別行政区はChina (1814991)として集計。季節性インフルエンザの流行であり新興感染症ではないが、重症小児例の増加と行政対応の活発化が見られるためPICKUPと判定。,
aHR0cHM6Ly9hY3AuY2QvcHJvdmluY2Uva2lzYW5nYW5pLXVuZS1tYXJjaGUtZGUtc2FudGUtc2Vuc2liaWxpc2UtbGVzLWVsZXZlcy1ldC1sYS1jb21tdW5hdXRlLWF1eC1yaXNxdWVzLWRlYm9sYS8=,DISMISS,記事はエボラ流行の発生報告ではなく、学校主催の予防啓発活動（ヘルスウォーク）に関する内容であり、実際の症例や流行の兆候は記載されていない。,Ebola,Mangobo; Province du Nord-Kivu; Kisangani,Kisangani: a health walk raises awareness among students and the community about the risks of Ebola,Kisangani : une marche de santé sensibilise les élèves et la communauté aux risques d'Ebola - ACP,2026-10-03T15:08:32+00:00,https://acp.cd/province/kisangani-une-marche-de-sante-sensibilise-les-eleves-et-la-communaute-aux-risques-debola/,FRENCH,humans,"Kisangani, Oct 3, 2026 — A health walk focused on Ebola awareness was organized by the La Vérité 1 School Complex in Mangobo, Kisangani, in northeastern Democratic Republic of Congo. Led by Power Noteyole, the event aims to reinforce preventive measures for Ebola virus disease (EVD). After an in-school briefing, students and teachers extended the outreach through door-to-door visits to parents and the broader community, with messages broadcast at busy markets and bus stops. Participants were urged to avoid handshakes and to consistently wash hands, use hydroalcoholic gel, and wear face masks. Moto-taxi drivers and market sellers were targeted to increase uptake of mask use and gel. The organizer urged other schools to provide handwashing kits or gel for students, teachers, and parents to help prevent the spread of Ebola. This initiative emphasizes barrier gestures as a path to ending Ebola.",不明,No,No,No,0,No,不明,不明,不明,不明,0,No,No,No,記事はエボラの実際の発生報告ではなく、予防啓発（手洗い・マスク着用・握手回避等）を目的とした地域活動を伝えるもの。具体的な症例数や発生状況の記載はないため、トリアージ対象の感染症イベントとしての根拠は乏しい。,
aHR0cHM6Ly93d3cudGhlbmV3cy5jb20ucGsvbGF0ZXN0LzE0MTg2MjAtZnJhbmNlLXN0ZXBzLXVwLWVib2xhLXN1cHBvcnQtaW4tY29uZ28tYXMtZmVhcnMtb2YtcmVzdXJnZW5jZS1ncm93,PICKUP,"DRC東部のエボラ流行は死者4,000人超の大規模アウトブレイクであり、国際的な資金・人道支援が強化されている。公衆衛生上の深刻性と再燃リスクへの懸念からフルリスク評価が妥当。",Ebola,Paris; Bunia; Democratic Republic of the Congo; Republic of France,,France steps up Ebola support in Congo as fears of resurgence grow,2026-10-03T14:58:00+00:00,https://www.thenews.com.pk/latest/1418620-france-steps-up-ebola-support-in-congo-as-fears-of-resurgence-grow,ENGLISH,humans,"France will intensify its backing to eliminate Ebola in the eastern Democratic Republic of the Congo as fears of resurgence grow. The DR Congo Ebola outbreak has killed more than 4,000. French Foreign Minister Jean-Noel Barrot, during a rare visit to Bunia where a confirmed infection was discovered in mid-September, announced €13.4 million in aid for Ebola efforts between January and July and signaled plans to seek further humanitarian aid and Ebola funding in upcoming budget discussions. France's response centers on humanitarian aid, medical research, and the PRISM programme, with a Paris conference planned for October 6 to discuss Ebola. Barrot warned that Ebola could resurge if complacency sets in, praising Congolese authorities, humanitarian organizations, and healthcare workers for preventing spread to major cities. The article notes the outbreak remains in eastern DRC.",Yes,Yes,Yes,不明,3,Yes,Yes,Yes,Yes,Yes,5,Yes,Yes,Yes,"フランスは支援提供国として登場するが、イベント発生国ではないため対象国リストから除外。死者数4,000人超という既に大規模な流行であり、再燃（resurgence）への懸念が記事の主眼。",
aHR0cHM6Ly9rdXBhbmcudHJpYnVubmV3cy5jb20vcmVnaW9uYWwtbnR0Lzk4MjAyNi90ZXJqdW5rYW4tMTEtdGltLWRpbmFzLXBldGVybmFrYW4ta2FidXBhdGVuLXR0dS1nZW5jYXItdmFrc2luYXNpLXNlLWRhbi1ob2ctY2hvbGVyYQ==,DISMISS,豚コレラ・ASFは動物疾病であり人獣共通感染症ではなく、公衆衛生への直接的影響はない。内容もワクチン接種活動の通常業務報告であり、ASF発生報告自体もない。,Classical Swine Fever; African Swine Fever,East Nusa Tenggara; Kabupaten Timor Tengah Utara; Republic of Indonesia,TTU Regency Department of Animal Husbandry Deploys 11 Teams to Intensify Vaccination Against SE and Hog Cholera,"Terjunkan 11 Tim, Dinas Peternakan Kabupaten TTU Gencar Vaksinasi SE dan Hog Cholera",2026-10-03T14:58:47+00:00,https://kupang.tribunnews.com/regional-ntt/982026/terjunkan-11-tim-dinas-peternakan-kabupaten-ttu-gencar-vaksinasi-se-dan-hog-cholera,INDONESIAN,animals,"Timor Tengah Utara Regency's Department of Animal Husbandry in East Nusa Tenggara (NTT), Indonesia, mobilized 11 vaccination teams to intensify protection against Hog Cholera (Classical Swine Fever) and SE in cattle and pigs across TTU. Since January 2026 vaccine stock was limited, but recently Hog Cholera and SE vaccines have arrived. The program will run in parallel with village-level HPR vaccination. The Directorate General of Animal Husbandry supplied the vaccines to TTU. Officials cite field data suggesting swine vaccinated against Hog Cholera showed greater resilience to ASF outbreaks. From January through May 2026, no ASF reports were received in TTU. Farmers are urged to reinforce biosecurity: maintain sanitation, restrict external visitors from pig housing (10 meters away), and if pigs die, do not slaughter or eat the meat but bury the carcasses.",No,No,No,No,0,No,No,No,No,No,0,No,No,No,"対象疾患はヒトに感染しない家畜疾病（Classical Swine Fever, African Swine Fever）であり、公衆衛生リスクの観点からは対象外。地方自治体の通常のワクチン接種活動の報道。",
aHR0cHM6Ly93d3cudG44Lm5pL2V1cm9wYS9jcmlzaXMtcG9yLWVsLWVib2xhLXNlLWFncmF2YS1lbi1jb25nby1jb24tbWFzLWRlLTQtMDAwLXBlcnNvbmFzLWZhbGxlY2lkYXMv,PICKUP,"DRC史上最悪のエボラ流行で死者4,000人超、7州63保健地域に拡大しており、IHR基準の複数（深刻性・異常性・国際拡大リスク）に該当するためフルRRAへ移行すべき。",Ebola,Ituri; Bunia; Democratic Republic of the Congo,"Ebola crisis worsens in Congo with more than 4,000 people dead | TN8.",Crisis por el ébola se agrava en Congo con más de 4.000 personas fallecidas | TN8,2026-10-03T15:07:04+00:00,https://www.tn8.ni/europa/crisis-por-el-ebola-se-agrava-en-congo-con-mas-de-4-000-personas-fallecidas/,SPANISH,humans,"Ebola outbreak in the Democratic Republic of Congo (Ituri, northeast) has caused 4,018 deaths among 8,300 confirmed cases (case fatality 48.4%), with over 2,000 recoveries. The outbreak, caused by Bundibugyo ebolavirus, was declared on May 15, 2026 in Ituri. Since then, transmission has spread to 63 health zones across seven provinces, straining surveillance, diagnosis, and care. Bunia, the capital of Ituri, faces staffing shortages as health workers protest overdue salaries, hindering monitoring of exposed individuals. The World Health Organization warns that geographic spread, insecurity, and limited access to communities complicate the response, though surveillance continues to detect alerts, investigate suspected cases, and trace contacts to interrupt transmission chains. This is the deadliest Ebola outbreak in DR Congo history and the second-largest globally, behind the 2014–2016 West Africa epidemic.",Yes,Yes,Yes,不明,3,Yes,Yes,Yes,Yes,Yes,5,Yes,Yes,Yes,致死率48.4%と非常に高く、医療従事者の給与未払いによるストライキが監視・対応能力を低下させている。地理的拡大と治安悪化がWHOにより懸念されている。,
aHR0cHM6Ly93d3cubmFpZHVuaWEuY29tL21hZGh5YS1wcmFkZXNoL2Job3BhbC1uYXQtdGVzdGluZy1mb3ItYmxvb2QtdG8tYmVnaW4tYXQtNS1nb3Zlcm5tZW50LW1lZGljYWwtY29sbGVnZXMtaW4tbXAtODQ2NzYzOA==,DISMISS,これは輸血の安全性を強化するための公衆衛生対策（NAT検査導入）に関する報道であり、新規感染症の発生やアウトブレイクを示すものではない。,Hepatitis B; Hepatitis C; HIV,Bhopāl; Jabalpur; Rewa; Indore; Gwalior; Madhya Pradesh,"Blood Won’t Be Drawn Without Testing: NAT Testing to Begin at 5 Government Medical Colleges in MP, and the Machine Will Detect Infection Within 15 Days.","बिना जांचे नहीं चढ़ेगा खून: MP के 5 सरकारी मेडिकल कॉलेजों में शुरू होगी NAT टेस्टिंग,15 दिन में संक्रमण को पकड़ लेगी मशीन",2026-10-03T15:16:30+00:00,https://www.naidunia.com/madhya-pradesh/bhopal-nat-testing-for-blood-to-begin-at-5-government-medical-colleges-in-mp-8467638,HINDI,humans,"Nucleic Acid Testing (NAT) will be deployed at five major government medical colleges in Madhya Pradesh to reduce transfusion-associated infection risk. Indore, Bhopal, Gwalior, Jabalpur, and Rewa will host NAT facilities capable of early detection of Hepatitis B, Hepatitis C, and HIV. The rollout is scheduled to start by the end of October 2026, with the machines reportedly able to detect these infections within 15 days, enabling safer blood transfusions through earlier laboratory confirmation. This public health measure targets strengthening blood safety at the state's key medical centers.",No,No,No,No,0,No,No,No,No,No,0,No,Yes,No,本記事はインド・マディヤ・プラデーシュ州における血液検査体制強化（NAT導入）に関する政策的な報道であり、疾病アウトブレイクの発生報告ではないため、対象国リストに該当する発生国は特定されない（既存の医療インフラ改善施策）。,
aHR0cHM6Ly9hY3AuY2QvcHJvdmluY2UvZWJvbGEtYS1tYW1iYXNhLWxlcy1sZWFkZXJzLXJlbGlnaWV1eC1zZW5nYWdlbnQtYS1yZW5mb3JjZXItbGEtc2Vuc2liaWxpc2F0aW9uLw==,PICKUP,コンゴ民主共和国イトゥリ州で進行中のエボラ出血熱対応に関する記事であり、疾患自体の重篤性・ヒト-ヒト感染リスクが高いためフルリスク評価の対象とする。,Ebola,Mambasa; Ituri; Democratic Republic of the Congo,Ebola in Mambasa: religious leaders commit to strengthening awareness-raising - ACP,Ebola à Mambasa : les leaders religieux s'engagent à renforcer la sensibilisation - ACP,2026-10-03T15:14:24+00:00,https://acp.cd/province/ebola-a-mambasa-les-leaders-religieux-sengagent-a-renforcer-la-sensibilisation/,FRENCH,humans,"Ebola in Mambasa: religious leaders from Lwemba, Biakato, Maiwano and Teturi in Mambasa Territory, Ituri Province, northeastern Democratic Republic of Congo, have pledged to strengthen awareness-raising on Ebola prevention. The commitment followed a Saturday meeting with Ebola response teams. Prophet Barthélémy Aluta, head of the 45th Pentecostal Evangelical Community (CEP), said pastors will intensify prevention messaging across church structures to better educate communities and protect worshippers. He stressed that, just as congregations heed sermons on faith, they should heed messages on protection against Ebola. Religious leaders reaffirmed their determination to contribute to the Ebola response through church-based outreach, urging adherents to pay particular attention to prevention messages broadcast within churches. The article notes no numerical outbreak data, but frames the effort within the ongoing Ebola response in Ituri.",Yes,Yes,不明,不明,2,Yes,Yes,Yes,Yes,不明,4,Yes,不明,不明,記事は新規症例データを含まず、宗教指導者による啓発活動の継続的取り組みを報じるもの。既存のエボラ対応の一環であり、続報で感染状況・規模の確認が必要。,
aHR0cHM6Ly9wcm9wYWtpc3RhbmkucGsvP3A9MTA5MjcyNg==,DISMISS,特定の地域での急性アウトブレイクではなく、グローバルながん疫学に関する一般的な研究報告であり、IHR・WPRO基準への該当なし。,Hepatitis B; Hepatitis C; HIV,Shanghai Shi,,1 in 8 Cancer Cases Worldwide Are Linked to Infections,2026-10-03T15:13:44+00:00,https://propakistani.pk/?p=1092726,ENGLISH,humans,"In 2024, about 2.3 million new cancer cases worldwide were linked to infections, roughly 12% of all cancers. The five infections accounted for most cases: Helicobacter pylori ≈760,000 (4%), human papillomavirus ≈750,000 (4%), hepatitis B ≈360,000, Epstein-Barr virus ≈260,000, and hepatitis C ≈160,000. East Asia bore the largest burden with ≈990,000 infection-related cancers (42% of the global total), and more than three-quarters of cases occurred in low- and middle-income countries. Prevention opportunities include HPV and hepatitis B vaccination, HIV testing and treatment, H. pylori testing and treatment, and hepatitis B and C management, along with safer injection practices, condoms/HIV PrEP, and screening for precancerous cervical and anal changes linked to HPV. EBV has no vaccine or approved antiviral; HIV can drive AIDS-related cancers. Stronger infection control could avert many cancers.",No,No,No,No,0,No,No,No,No,No,0,No,No,No,記事は特定国での感染症アウトブレイクではなく、世界的ながんと感染症の関連に関する統計報告。上海・中国は発生地域として付与されているが、記事内容はグローバルな疫学データであり特定地域の主題ではないため除外。,
aHR0cHM6Ly90djlrYW5uYWRhLmNvbS9rYXJuYXRha2EvYmVuZ2FsdXJ1L2JlbmdhbHVydS1zZWVzLXJpc2UtaW4tdmlyYWwtZmV2ZXItY2FzZXMtYW1pZC1jaGFuZ2luZy13ZWF0aGVyLTEyNDYxMTIuaHRtbA==,PICKUP,WPRO基準（重症度・長期曝露・流行しやすさ）が複数該当し、住民・当局の関心も高いため、続報確認とフルRRAへの移行を検討すべき。,Influenza; Malaria; Dengue,State of Karnataka; Bengaluru; Republic of India,"Weather fluctuations in Silicon City: Bengaluru residents alarmed by viral fever, hospitals see a surge of patients!","ಸಿಲಿಕಾನ್ ಸಿಟಿಯಲ್ಲಿ ಹವಾಮಾನ ವೈಪರೀತ್ಯ: ವೈರಲ್ ಜ್ವರಕ್ಕೆ ಬೆಚ್ಚಿಬಿದ್ದ ಬೆಂಗಳೂರಿಗರು, ಆಸ್ಪತ್ರೆಗಳಲ್ಲಿ ರೋಗಿಗಳ ದಂಡು!",2026-10-03T15:12:03+00:00,https://tv9kannada.com/karnataka/bengaluru/bengaluru-sees-rise-in-viral-fever-cases-amid-changing-weather-1246112.html,KANNADA,humans; environment,"Bengaluru, Karnataka, on 3 October 2026, faces a surge in viral infections due to fluctuating weather (sun followed by rain). Hospitals report rising cases among both adults and children, with major facilities such as KC General, Victoria, and C.V. Raman Nagar Hospitals overwhelmed. One-week tally: vomiting and abdominal pain 3,297 cases; SARI (Severe Acute Respiratory Infection) 268; Influenza 274; viral fever 94; dengue 242; malaria 128. Health authorities urge adequate treatment across public and private hospitals and advise residents to stay hydrated, boil water, and seek prompt medical care on symptom onset. While weather changes are natural, neglect could threaten health, underscoring the need for vigilant public health monitoring in Bengaluru during Karnataka’s outbreak period.",不明,No,No,No,0,No,Yes,Yes,Yes,No,3,Yes,Yes,No,季節性の気候変動に伴う複合感染症（インフルエンザ、デング熱、マラリア、SARI等）の増加であり、国際的拡大や渡航制限のリスクは低いが、地域医療機関の負荷増大が報告されている。続報にて重症度・死亡例の有無を確認する必要あり。,
aHR0cHM6Ly9jaXVkYWRjY3MuaW5mby9wdWJsaWNhY2lvbi81MTMzMQ==,PICKUP,大規模なエボラ出血熱アウトブレイク（致死率48.4%）であり、ワクチン・治療法未承認のBundibugyoエボラウイルスによる史上最悪規模の流行で、IHR基準・WPRO基準ともに複数該当する。,Ebola,Democratic Republic of the Congo,"Ebola deaths in the DRC exceed 4,000.",Fallecidos por ébola en RDC supera las 4 mil personas,2026-10-03T15:15:14+00:00,https://ciudadccs.info/publicacion/51331,SPANISH,humans,"Outbreak of Ebola virus disease in the Democratic Republic of the Congo (DRC) reaches 8,300 cases and 4,018 deaths; case fatality rate 48.4%. As of 2026-10-03, 842 symptomatic patients are hospitalized, while epidemiological teams are tracing 80.6% of contacts to interrupt transmission. The outbreak began in Ituri Province in northeastern DRC and is caused by Bundibugyo ebolavirus; there is no licensed vaccine or approved specific therapy for this strain. Laboratory-confirmed cases continue to be reported, while several treatments and vaccines remain in trial phases. The DRC is experiencing its worst, most deadly Ebola outbreak in history, with ongoing efforts to monitor and contain the spread. Early infection can present with mild symptoms, potentially delaying detection.",Yes,Yes,Yes,不明,3,Yes,Yes,Yes,Yes,Yes,5,Yes,Yes,Yes,"致死率48.4%、症例8,300件・死者4,018人、承認済みワクチン・治療法なしのBundibugyoエボラウイルス株による、DRC史上最悪規模のアウトブレイク。国際支援の必要性が高い。",
aHR0cHM6Ly93d3cubWFsYXR5YWd1bmNlbC5jb20va29uZ28tZGEtZWJvbGEtc2FsZ2luaW5kYS1jYW4ta2F5YmktNC1iaW5pLWFzdGktMzExNDU0NGguaHRt,PICKUP,"DRCで死者4,018人、確定症例8,300人、致死率48.4%という大規模なエボラ流行が7州に拡大しており、承認されたワクチン・治療法がないため、IHR基準・WPRO基準ともに複数該当する。",Ebola,Yambuku; Muyinga Province; Nzara; Ituri; Democratic Republic of the Congo; Republic of Burundi; Republic of the Sudan,"The death toll in the Ebola outbreak in Congo has surpassed 4,000.",Kongo'da Ebola salgınında can kaybı 4 bini aştı,2026-10-03T13:22:15+00:00,https://www.malatyaguncel.com/kongo-da-ebola-salgininda-can-kaybi-4-bini-asti-3114544h.htm,TURKISH,humans,"Death toll in the Ebola outbreak in the Democratic Republic of the Congo has reached 4,018 deaths, with 8,300 laboratory-confirmed cases and 2,162 recoveries; case fatality rate 48.4%. The seven-province outbreak includes Ituri in the eastern region, which reported 246 suspected cases and 65 deaths before the outbreak was declared on May 15. The Bundibugyo Ebola variant identified in May has no approved treatment or vaccine. Ebola virus disease—first identified in 1976 in Nzara, Sudan, and Yambuku, DRC—was named after the Ebola River near a village in the DRC. As of October 3, 2026, health authorities continue to monitor ongoing transmission and outcomes.",Yes,Yes,Yes,不明,3,Yes,Yes,Yes,Yes,Yes,5,Yes,Yes,Yes,スーダン（Nzara）とブルンジ（Muyinga州）はエボラウイルスの1976年発見の歴史的文脈で言及されているのみで、現在の流行発生地ではないため除外した。現在の流行はDRC国内の7州（イトゥリ州含む）に限定されている。,
aHR0cHM6Ly93d3cuYW5uYWhhci5jb20vaGVhbHRoLXNjaWVuY2UvMzUzODEyLyVEOSU4OCVEOCVCMiVEOSU4QSVEOCVCMS0lRDglQTclRDklODQlRDglQUUlRDglQTclRDglQjElRDglQUMlRDklOEElRDglQTktJUQ4JUE3JUQ5JTg0JUQ5JTgxJUQ4JUIxJUQ5JTg2JUQ4JUIzJUQ5JThBLSVEOSU4MSVEOSU4QS0lRDglQjIlRDk=,PICKUP,DRCで継続中のエボラ流行に対し国際支援・資金拠出が表明されており、WPRO基準（重症度・継続曝露・流行性・対応可能性）に複数該当し社会的・政治的関心も高いため、フルRRA対象として確認する。,Mpox; Mpox Clade I; Mpox Clade II; Ebola,Paris; Bunia; Democratic Republic of the Congo; Republic of France,French Foreign Minister on a visit to the Congo: We intend to increase the funding allocated to combat Ebola.,وزير الخارجية الفرنسي في زيارة إلى الكونغو: نعتزم زيادة التمويل المخصص لمكافحة إيبولا,2026-10-03T15:27:00+00:00,https://www.annahar.com/health-science/353812/%D9%88%D8%B2%D9%8A%D8%B1-%D8%A7%D9%84%D8%AE%D8%A7%D8%B1%D8%AC%D9%8A%D8%A9-%D8%A7%D9%84%D9%81%D8%B1%D9%86%D8%B3%D9%8A-%D9%81%D9%8A-%D8%B2%D9%8A%D8%A7%D8%B1%D8%A9-%D8%A5%D9%84%D9%89-%D8%A7%D9%84%D9%83%D9%88%D9%86%D8%BA%D9%88-%D9%86%D8%B9%D8%AA%D8%B2%D9%85-%D8%B2%D9%8A%D8%A7%D8%AF%D8%A9-%D8%A7%D9%84%D8%AA%D9%85%D9%88%D9%8A%D9%84-%D8%A7%D9%84%D9%85%D8%AE%D8%B5%D8%B5-%D9%84%D9%85%D9%83%D8%A7%D9%81%D8%AD%D8%A9-%D8%A5%D9%8A%D8%A8%D9%88%D9%84%D8%A7,ARABIC,humans,"France will boost funding to combat Ebola in the Democratic Republic of Congo, as Foreign Minister Jean-Noël Barrot visited Bunia in the northeast, where a laboratory-confirmed monkeypox case was detected in mid-September. France has allocated €13.4 million (about $15.1 million) to Ebola efforts for January–July and plans to propose additional humanitarian funding in upcoming budget discussions, including support through the PRISM program. A national humanitarian conference in Paris is scheduled for 6 October to address Ebola. Barrot warned that Ebola could resurge quickly if surveillance lapses and praised Congolese authorities, UN agencies, humanitarian groups, and healthcare workers for containment and preventing spread to major urban centers. In response to questions about a reported case in France, he emphasized there is no need for fear and that the outbreak must be fought where it appears.",Yes,No,不明,不明,1,No,Yes,Yes,Yes,Yes,4,Yes,Yes,Yes,本記事は既知のDRCエボラ流行（および北東部Buniaでの既確認Mpox症例）に対するフランスの外交的・資金的支援表明が主題であり、新規発生シグナルではなく既存アウトブレイクへの対応フォローアップ記事である点に留意。フランス国内での報告例についても『懸念不要』との発言のみで詳細不明。,
aHR0cHM6Ly93d3cucG9saXRpa2EucnMvc2NjL2NsYW5hay83OTA1NDgvZnJhbmN1c2thLXBvamFjYXZhLXBvZHJza3UtYm9yYmktcHJvdGl2LWVib2xlLXUta29uZ3U=,PICKUP,DRCでのエボラ流行が続いており、フランスへの症例報告（越境伝播）や国際支援の動きがあり、IHR基準の複数（深刻性・異常性・国際拡大）に該当するためフルリスク評価が必要。,Ebola,Paris; Democratic Republic of the Congo; Republic of France,France steps up its support for the fight against Ebola in Congo.,Француска појачава подршку борби против еболе у Конгу,2026-10-03T15:34:59+00:00,https://www.politika.rs/scc/clanak/790548/francuska-pojacava-podrsku-borbi-protiv-ebole-u-kongu,SERBIAN,humans,"On 3 October 2026, France announced it would intensify support for Ebola response in the Democratic Republic of the Congo (DRC), following warnings that the virus could spread quickly if vigilance wanes. French Foreign Minister Jean Baro praised Congolese authorities, UN agencies, humanitarian groups, and medical workers for containing the outbreak and preventing spread to larger urban centers inside the DRC and beyond. France has allocated 13.4 million euros for Ebola control from January to July and will seek additional humanitarian funds in upcoming budget deliberations. A National Humanitarian Conference in Paris on 6 October will address Ebola as part of broader relief efforts. The article notes that one Ebola case was reported in France, underscoring concerns about cross-border transmission. A treatment center for Ebola patients is in Beni, DRC.",Yes,Yes,Yes,不明,3,Yes,Yes,Yes,Yes,Yes,5,Yes,Yes,Yes,フランス国内で1例報告されたとの記述があるが詳細（感染経路・確定診断状況）は不明。ベニ（DRC）の治療センターが言及されている。パリでの人道会議は支援活動の一環でありDRCが主な発生地域。,
aHR0cHM6Ly93d3cuc2luZ3Rhb3VzYS5jb20vMjAyNi8xMC8wMy9uZXdzL2NoaW5hL25pbmUteWVhci1vbGQtZ2lybC1jcml0aWNhbC1pbmZsdWVuemEtYi8=,DISMISS,季節性インフルエンザBの単発重症例であり、家族内接触者は軽症で回復。異常な病原体変異や広範な拡大の兆候はなく、季節性疾患の個別重症例として扱うべき事案。,Influenza B; Seasonal Influenza; Influenza,Hong Kong Special Administrative Region; People's Republic of China,"Nine-year-old girl with a chronic illness infected with influenza B, complicated by septic shock and severe pneumonia, in critical condition.",九歲長期病患女童感染乙型流感 併發敗血性休克及嚴重肺炎情況危殆 - 星島日報,2026-10-03T14:52:32+00:00,https://www.singtaousa.com/2026/10/03/news/china/nine-year-old-girl-critical-influenza-b/,CHINESE,humans,"Nine-year-old girl with a chronic illness in Hong Kong is diagnosed with Influenza B and is in critical condition after developing septic shock and severe pneumonia. She did not receive the 2026/27 seasonal influenza vaccine. There is no travel history during the incubation period. On Sept 30 she developed fever; on Oct 1 she developed cough and vomiting, sought care at a private clinic, then was transferred to the emergency department and admitted to the Pediatric Intensive Care Unit at Queen Elizabeth Hospital. Respiratory sample tested positive for Influenza B. Two household contacts had mild symptoms but recovered. The Centre for Health Protection is continuing the investigation; initial findings indicate no travel abroad during the incubation period. Officials urge high-risk individuals to receive the seasonal flu vaccine promptly and to maintain good personal and environmental hygiene to prevent influenza and other respiratory infections.",No,No,No,No,0,No,Yes,No,No,No,1,No,No,No,香港の個別重症例報告。季節性インフルエンザBによるもので、基礎疾患を有する患者の重症化事例。濃厚接触者は軽症で回復しており、ヒト-ヒト感染の持続的拡大やアウトブレイクの兆候はない。衛生当局（CHP）が調査継続中だが、通常の季節性サーベイランスの範囲内と判断。,
aHR0cHM6Ly93d3cucG9saXRpa2EucnMvc3IvY2xhbmFrLzc5MDU0OC9mcmFuY3Vza2EtcG9qYWNhdmEtcG9kcnNrdS1ib3JiaS1wcm90aXYtZWJvbGUtdS1rb25ndQ==,PICKUP,エボラ出血熱はIHR基準における重大な公衆衛生上の脅威であり、フランスへの輸入例が報告されるなど国際的拡大の兆候があるため、フルリスク評価が必要と判断。,Ebola,Paris; Bunia; Democratic Republic of the Congo; Republic of France,France intensifies its support for the fight against Ebola in Congo.,Francuska pojačava podršku borbi protiv ebole u Kongu,2026-10-03T15:36:28+00:00,https://www.politika.rs/sr/clanak/790548/francuska-pojacava-podrsku-borbi-protiv-ebole-u-kongu,SERBIAN,humans,"France intensifies support for Ebola response in the Democratic Republic of the Congo as Foreign Minister Jean Barro visits the Bunia region, warning the virus could spread rapidly if vigilance wanes. He commends Congolese authorities, UN agencies, humanitarian groups, and health workers for containing the outbreak and preventing spread to larger urban centers inside and outside the DRC. Barro asserts no need for fear but stresses addressing the epidemic where it arises. France has allocated 13.4 million euros for Ebola efforts from January to July and will seek additional humanitarian funding in upcoming budget debates. A national humanitarian conference in Paris on October 6 will discuss Ebola alongside other aid issues. The article notes one imported case in France and underscores ongoing international support to prevent resurgence.”}{",Yes,Yes,Yes,不明,3,Yes,Yes,Yes,Yes,Yes,5,Yes,Yes,Yes,フランスの外相がコンゴ(ブニア地域)を訪問し資金援助を表明。フランス国内に輸入症例が1件あるが、主な発生地はDRCであるためFranceは対象国リストに含まれず除外。パリでの人道会議開催も社会的関心の高さを示す。,
aHR0cHM6Ly9kaWFsb2dvcy5jb20uY3kvZW1wb2xhLXN0aW4tZXlyb3BpLXRlc3NlcmEtcGxlb24tdGEtZWlzYWdvbWVuYS1rcm95c21hdGEtaS1la3RpbWlzaS1naWEtdG9uLXBsaXRoeXNtby8=,PICKUP,コンゴ民主共和国（DRC）由来のエボラ出血熱がオランダへの輸入症例として確認されており、IHR基準の複数（深刻性・異常性・国際的拡大）に該当するためフルリスク評価が必要。,Ebola,Democratic Republic of the Congo; Kingdom of the Netherlands,Ebola in Europe: Four imported cases now — The population estimate.,Έμπολα στην Ευρώπη: Τέσσερα πλέον τα εισαγόμενα κρούσματα - Η εκτίμηση για τον πληθυσμό,2026-10-03T15:32:55+00:00,https://dialogos.com.cy/empola-stin-eyropi-tessera-pleon-ta-eisagomena-kroysmata-i-ektimisi-gia-ton-plithysmo/,GREEK,humans,"Four imported Ebola cases have been detected in Europe linked to the Democratic Republic of Congo outbreak. The latest case involves a health-care worker in DRC diagnosed on 29 September and subsequently transported to the Netherlands for specialized treatment. Despite these importations, the European Centre for Disease Prevention and Control (ECDC) says the risk to the general population remains very low. Previous imported cases also involved medical or humanitarian workers in areas of active transmission. European countries maintain strict protocols for patient transport and infection control, and when these measures are followed, further transmission is considered unlikely. EU/EEA states are urged to stay vigilant for additional imported cases, prioritizing early recognition of suspected cases, immediate isolation, strict protection measures, and appropriate laboratory investigations to preserve preparedness without causing undue public alarm.",Yes,Yes,Yes,不明,3,Yes,Yes,Yes,Yes,不明,4,Yes,Yes,Yes,記事はDRCで継続中のエボラ流行に由来する欧州（オランダ）への輸入症例を報じている。発生地域にNetherlandsが含まれるが対象国リストには該当しないため除外。流行の発生源であるDRCのみをverified_locationsに含めた。ECDCは一般集団へのリスクは低いと評価しているが、輸入症例の継続的発生と医療従事者感染の重大性からPICKUPと判定。,
aHR0cHM6Ly93d3cuaGluZHVzdGFudGltZXMuY29tL2h0LWV4cGxhaW5lcnMvcGxhZ3VlLW5ldmVyLXdlbnQtYXdheS1kZWF0aC1vZi1hLWxhYi10ZWNobmljaWFuLWluLXNpYmVyaWEtaXMtYS1yZW1pbmRlci1vZi13aGF0LWl0LWRvZXMtYW5kLXRoZS1wYW5pYy1pdC1jYXVzZXMtMTAxNzkxMDM5OTUyNjI3Lmh0bWw=,WATCH,肺ペストによる死亡例とラボ関連の異常事象だが、発生地はロシア（対象国外）であり、接触者200名の隔離で管理されているため、対象国への直接的影響は確認されない。,Pneumonic Plague; Plague,Irkutskaya Oblast’; Irkutsk; Republic of Madagascar; Republic of Peru; Mongolia; Russian Federation,,Plague never went away. Death of a 'lab technician' in Siberia is a reminder of what it does and the panic it causes,2026-10-03T15:27:25+00:00,https://www.hindustantimes.com/ht-explainers/plague-never-went-away-death-of-a-lab-technician-in-siberia-is-a-reminder-of-what-it-does-and-the-panic-it-causes-101791039952627.html,ENGLISH,vectors; animals; humans; environment,"Death in Russia’s Irkutsk region from plague is reported; a 28-year-old laboratory technician at the Irkutsk Anti-Plague Institute may have contracted pneumonic plague after a test-tube incident, with about 200 contacts quarantined. Authorities have not yet confirmed details or route of infection. Plague arises from Yersinia pestis; transmission occurs via flea bite, contact with infected tissue, or inhalation of respiratory droplets. It has three forms: bubonic, septicaemic, and pneumonic—the latter is the only form that spreads between people by air. Pneumonic plague is highly lethal if untreated; antibiotics are effective when started early. Public health response focuses on identifying and observing contacts rather than mass restrictions. Plague remains endemic globally, notably in the Democratic Republic of the Congo, Madagascar, and Peru (3,248 cases and 584 deaths reported 2010–2015). Reservoirs exist in marmots in southern Siberia and Mongolia, explaining occasional Siberian cases; three historic pandemics originated in different regions.",Yes,Yes,不明,No,2,Yes,Yes,No,Yes,No,3,Yes,Yes,不明,記事はロシア・イルクーツク州での肺ペスト死亡例が主題。DRC・マダガスカル・ペルーは流行地域としての一般的言及のみで、本事象の発生地ではないため verified_locations には含めない。,
aHR0cHM6Ly93d3cubmV0dGF2aXNlbi5uby84MC05NS0xMjk3Mjk=,PICKUP,肺ペストが疑われる死亡例が発生し、約200人が隔離されるなど公衆衛生上重大かつ異常な事例であり、メディア・行政の関心も高いためフルリスク評価が必要。,Pneumonic Plague; Plague,Respublika Buryatiya; Irkutskaya Oblast’; Irkutsk; Mongolia; Russian Federation,Mysterious Death in Russia: Fear of Plague,Mystisk dødsfall i Russland: Frykter pest,2026-10-03T15:34:08+00:00,https://www.nettavisen.no/80-95-129729,NORWEGIAN,humans; environment,"Pneumonic plague is suspected after a woman in her 20s died in Russia’s Irkutsk region near the Mongolia border. The patient, who worked at a laboratory, was admitted Tuesday with severe pneumonia and placed on a ventilator; she died Thursday. About 200 people are in quarantine, including roughly 100 hospital staff and another 100 who may have had contact with her. Media reports offer competing exposure theories: she may have accidentally crushed a vial containing live bacteria while collecting samples, or contracted the infection on a work trip to Buryatia or Thailand. The governor of neighboring Buryatia, Aleksei Tsydenov, said the case is likely plague but later denied a regional outbreak, citing no current cases and dormant pest reservoirs there. Official sources describe an unknown dangerous infection; epidemiologists say there is no outbreak and that authorities know how to treat it.",Yes,Yes,不明,不明,2,Yes,Yes,不明,Yes,No,3,Yes,Yes,不明,事例発生地はロシア・イルクーツク州（モンゴル国境付近）であり、対象国リストに含まれない。タイへの出張歴は感染経路の一説として言及されているのみで、実際の発生地ではないため verified_locations には含めない。,
aHR0cHM6Ly9zY2llbm1hZy5jb20vaGlkZGVuLW1pY3JvYmVzLWluLXRhbWFsZXMtd2VsbHMtcmV2ZWFsLWEtZ3Jvd2luZy13YXRlci1zYWZldHktY3Jpc2lzLw==,DISMISS,実際の感染症アウトブレイクやヒト症例の報告ではなく、地下水の糞便汚染と薬剤耐性大腸菌に関する学術研究報告であるため、緊急シグナルには該当しない。,E. coli,Republic of Ghana,,Hidden Microbes in Tamale's Wells Reveal a Growing Water Safety Crisis,2026-10-03T15:50:32+00:00,https://scienmag.com/hidden-microbes-in-tamales-wells-reveal-a-growing-water-safety-crisis/,ENGLISH,environment,"Tamale metropolis, Northern Ghana, relies on hand-dug wells and boreholes whose groundwater shows widespread faecal contamination, exceeding safety standards. A 2022/23 lean-season study of twenty sites (ten wells, ten boreholes) found most sources unsafe for drinking. Using APHA membrane filtration, well samples showed total coliforms 0–32,200 CFU/100 mL (median 379), faecal coliforms up to 18,000 CFU/100 mL, and E. coli in half the wells (up to 16,000 CFU/100 mL); 70% of wells tested positive for total and faecal coliforms. Boreholes fared better but remained risky: half exceeded total coliform limits; 20% had faecal coliforms >200 CFU/100 mL; median total coliform 600 CFU/100 mL; no E. coli above guideline. Turbidity was high for both sources (medians 78 NTU wells, 119 NTU boreholes). Antibiotic testing of E. coli isolates showed resistance to six of eight agents (including cephalosporins and augmentin) but susceptibility to ciprofloxacin/ofloxacin, highlighting treatment challenges amid catchment-wide sanitation gaps and elevated diarrhoeal-disease risk.",不明,No,No,No,0,No,不明,Yes,不明,不明,1,No,不明,不明,本記事は水質・環境調査研究であり、実際の患者発生やアウトブレイク報告ではない。抗菌薬耐性（AMR）の観点から継続的なモニタリング対象とはなり得るが、現時点でのフルリスク評価の必要性は低い。,
aHR0cHM6Ly9ub3RpY2lhcy51b2wuY29tLmJyL3VsdGltYXMtbm90aWNpYXMvcmV1dGVycy8yMDI2LzEwLzAzL2ZyYW5jYS12YWktYXVtZW50YXItZmluYW5jaWFtZW50by1wYXJhLWNvbWJhdGUtYW8tZWJvbGEtbm8tY29uZ28tZGl6LW1pbmlzdHJvLmh0bQ==,WATCH,DRC東部で進行中のエボラ流行に対する資金支援のニュースであり、新規発生や急激な悪化を示す情報ではないが、流行継続中であり監視緩和による再燃リスクが指摘されているため経過観察とする。,Mpox; Mpox Clade I; Mpox Clade II; Ebola,Bunia; Democratic Republic of the Congo; Republic of France,"France will increase funding for the fight against Ebola in the Democratic Republic of the Congo, says minister.","França vai aumentar financiamento para combate ao ebola no Congo, diz ministro",2026-10-03T15:46:02+00:00,https://noticias.uol.com.br/ultimas-noticias/reuters/2026/10/03/franca-vai-aumentar-financiamento-para-combate-ao-ebola-no-congo-diz-ministro.htm,PORTUGUESE,humans,"France will intensify funding for the Ebola response in eastern Democratic Republic of the Congo, Foreign Minister Jean-Noël Barrot announced during a visit to a virus-affected region, warning Ebola could resurge rapidly if surveillance lapses. Barrot traveled to Bunia, in northeastern DRC, where a laboratory-confirmed monkeypox (mpox) case was identified in mid-September. France has allocated 13.4 million euros (about 15.1 million dollars) to the Ebola fight for January–July, with ongoing support anticipated to sustain outbreak control, surveillance, and response in the country facing an ongoing Ebola outbreak. The visit underscores France’s continued engagement in the region’s public health challenges amid concerns that reduced vigilance could permit resurgence.",Yes,No,不明,不明,1,No,Yes,Yes,Yes,Yes,4,不明,Yes,Yes,記事はフランスによるDRCエボラ対策資金援助増額の発表が主題。Buniaでのmpox症例にも言及があるが詳細情報は乏しく、エボラが報道の中心。France（非対象国）は除外。既存流行の継続的対応であり新規シグナルとしての緊急性は低いが、再燃リスクへの言及がありWATCHとした。,
aHR0cHM6Ly93d3cubWVkaWFjb25nby5uZXQvYXJ0aWNsZS1hY3R1YWxpdGUtMTY4MDIxX2l0dXJpX2plYW5fbm9lbF9iYXJyb3RfYXBwZWxsZV9hX3JlbmZvcmNlcl9sYV92aWdpbGFuY2VfZmFjZV9hX2Vib2xhLmh0bWw=,PICKUP,コンゴ民主共和国イツリ州でエボラ出血熱の流行状況が継続しており、フランス外相が現地訪問し警戒強化を呼びかけるなど国際的・政治的関心が高いため、フルリスク評価が必要と判断した。,Ebola,Ituri; Bunia; Democratic Republic of the Congo,News | Ituri: Jean-Noël Barrot calls to strengthen vigilance against Ebola | mediacongo.net,Actualité | Ituri : Jean-Noël Barrot appelle à renforcer la vigilance face à Ebola | mediacongo.net,2026-10-03T16:09:38+00:00,https://www.mediacongo.net/article-actualite-168021_ituri_jean_noel_barrot_appelle_a_renforcer_la_vigilance_face_a_ebola.html,FRENCH,humans,"In Ituri province, Ebola virus disease vigilance intensified as of 3 October 2026, with French Foreign Minister Jean-Noël Barrot visiting Bunia to urge communities to strengthen prevention and rapid reporting of suspected cases. Barrot stressed adherence to protective measures, collaboration with response teams, and swift notification of individuals showing Ebola symptoms to enable early care. He was accompanied by Prof. Jean-Jacques Muyembe-Tamfum, who called for collective mobilization and strict observance of public-health guidance. The discussions focused on the evolving epidemiological situation in Ituri and the strategies in place to curb transmission. The ongoing response spans several health zones within Ituri, with authorities emphasizing community cooperation to aid health workers and facilitate containment. No specific case counts were reported in the article.",Yes,Yes,Yes,不明,3,Yes,Yes,Yes,Yes,Yes,5,Yes,Yes,Yes,具体的な症例数は記事に記載されておらず、疫学的状況の詳細は不明。続報でのケース数・死亡率等の確認が必要。,
aHR0cHM6Ly90aW1lc29maW5kaWEuaW5kaWF0aW1lcy5jb20vY2l0eS90aGlydXZhbmFudGhhcHVyYW0vaGVhbHRoLW1pbmlzdGVyLXVyZ2VzLXB1YmxpYy1jb29wZXJhdGlvbi13aXRoLWhlYWx0aC13b3JrZXJzLXRvLWN1cmItaW5mZWN0aW91cy1kaXNlYXNlcy9hcnRpY2xlc2hvdy8xMzQ2NjI3MzQuY21z,DISMISS,通常の季節的なデング・チクングニア予防活動に関する行政広報であり、異常な流行や重症例の報告はなく、社会的関心の高まりも確認できない。,Chikungunya; Dengue,Thiruvananthapuram; Vattiyūrkāvu; State of Kerala; Republic of India,,Health minister urges public cooperation with health workers to curb infectious diseases,2026-10-03T16:05:00+00:00,https://timesofindia.indiatimes.com/city/thiruvananthapuram/health-minister-urges-public-cooperation-with-health-workers-to-curb-infectious-diseases/articleshow/134662734.cms,ENGLISH,humans; vectors; environment,"Thiruvananthapuram health minister K Muraleedharan urged residents to cooperate with health workers to curb infectious diseases as disease-prevention efforts and a cleanliness campaign were inaugurated in the Vattiyoorkavu constituency at Nettayam Health Centre. Residents were urged to follow visiting health workers on awareness drives, observe a 'Dry Day', and remove stagnant water to curb mosquitoes that transmit dengue and chikungunya. A sanitation drive cleared waste near the Govt Ayurveda Dispensary, Vattiyoorkavu. At the dispensary, Muraleedharan distributed Aparajitha dhooma choornam, a herbal fumigation powder for home use to help prevent infections. The initiative emphasizes community participation and vector-control measures to reduce transmission of vector-borne diseases in the area.",No,No,No,No,0,No,不明,No,No,No,0,No,Yes,No,記事はケララ州ティルヴァナンタプラムにおける通常のベクター対策・啓発活動の報道であり、感染者数や流行拡大に関する具体的データは記載なし。,
aHR0cHM6Ly93d3cuYW9sLmNvLnVrL2FydGljbGVzL2ZyYW5jZS1wbGVkZ2VzLW1vcmUtc3VwcG9ydC1maWdodC0xNTU4MDgwMDAuaHRtbA==,PICKUP,"コンゴ民主共和国東部で8,376症例・4,042人死亡という大規模エボラ流行が継続し、フランスへの輸入症例も確認されており、国際的拡大と重大な公衆衛生インパクトが認められるためフルリスク評価が必要。",Ebola,Paris; Ituri; Bunia; Democratic Republic of the Congo; Republic of France; Republic of Angola,,"France pledges more support to fight DRC Ebola outbreak as deaths top 4,000 - AOL",2026-10-03T15:58:08+00:00,https://www.aol.co.uk/articles/france-pledges-more-support-fight-155808000.html,ENGLISH,humans,"DRC's eastern Ebola outbreak has 8,376 cases and 4,042 deaths since the May 15 declaration, with Bunia in Ituri province at the epicentre. France pledged €13.4 million for Ebola from January–July and plans more humanitarian funding ahead of a Paris conference on 6 October where Ebola features prominently; French official Barrot visited Bunia urging prevention of resurgences. The outbreak risks surpassing West Africa’s 2014–2016 toll of ~11,000 deaths. New confirmed cases have declined from ~850/week and 470 deaths/week in mid-July to ~490 cases and 230 deaths per week in September, but spread remains uneven. MSF highlights worsening transmission in North Kivu, accounting for 40% of new cases since late August. Health minister Kamba says the epidemic has peaked and 19 of 63 zones have had no cases for at least three weeks. An imported case: a doctor who returned from a DRC mission tested positive in France on 23 June and recovered.",Yes,Yes,Yes,不明,3,Yes,Yes,Yes,Yes,Yes,5,Yes,Yes,Yes,フランスやアンゴラは発生地域リストに含まれるが、記事の主題はDRCでのエボラ流行であり、フランスは資金拠出国・輸入症例発生国として言及されているのみのため対象国から除外。アンゴラは本文中で具体的言及なし。,
aHR0cHM6Ly93d3cudmFydGhhYmhhcmF0aS5pbi9OYXRpb25hbC9zZXRiYWNrLXRvLXRoZS1nb2FsLW9mLWEtbGVwcm9zeS1mcmVlLWluZGlhLW5ldy1jYXNlcy1kZXRlY3RlZC1pbi0zODIzLWNoaWxkcmVuLTIyODAwNDE=,WATCH,ハンセン病は慢性感染症でIHR国際的懸念事象には該当しないが、小児症例の多さと目標未達という公衆衛生プログラムの課題を示しており、継続的な動向確認が妥当。,Leprosy,State of Mahārāshtra; State of Odisha; State of Chhattīsgarh; Madhya Pradesh; Republic of India,"Setback to the goal of a leprosy-free India? New cases detected in 3,823 children.","ಕುಷ್ಠರೋಗ ಮುಕ್ತ ಭಾರತದ ಗುರಿಗೆ ಹಿನ್ನಡೆ?; 3,823 ಮಕ್ಕಳಲ್ಲಿ ಹೊಸ ಪ್ರಕರಣಗಳು ಪತ್ತೆ | Setback to the goal of a leprosy-free India? New cases detected in 3,823 children.",2026-10-03T16:10:32+00:00,https://www.varthabharati.in/National/setback-to-the-goal-of-a-leprosy-free-india-new-cases-detected-in-3823-children-2280041,KANNADA,humans,"India recorded 3,832 new pediatric leprosy cases in 2025-26, with 37 children presenting Grade-2 disability at diagnosis, according to the National Leprosy Elimination Programme (NLEP) annual report. The target to limit pediatric cases to under 2,000 and to achieve zero Grade-2 disability in children is far from met, with pediatric cases 91.6% above the goal. Although overall new cases declined from the 2014-17 peak of over 11,000 annually, children continue to be diagnosed with leprosy and some already have disabilities. The WHO’s 2025 report ranks India first globally with 91,783 total new leprosy cases in 2025-26, and 3,832 pediatric cases—the highest in children worldwide. The states with the highest transmission are Chhattisgarh (23 districts), Jharkhand (21), Maharashtra (18), Odisha (18), and Madhya Pradesh (10). Weak case-detection methods are cited as a reason for ongoing pediatric cases.",No,No,No,No,0,No,Yes,Yes,No,Yes,3,No,Yes,不明,ハンセン病は慢性疾患であり突発的な公衆衛生緊急事態ではないが、インドの国家プログラム(NLEP)の目標未達と小児症例の多さ、Grade-2障害の発生が報告されている。WHO報告書でもインドが世界最多と位置づけられており、国内公衆衛生政策上の関心事項として経過観察が妥当。,
aHR0cHM6Ly93d3cucmZpLmZyL2ZyL2FmcmlxdWUvMjAyNjEwMDMtcmRjLWxlLWNoZWYtZGUtbGEtZGlwbG9tYXRpZS1mcmFuJUMzJUE3YWlzZS1qZWFuLW5vJUMzJUFCbC1iYXJyb3QtZW4tdmlzaXRlLSVDMyVBMC1idW5pYS0lQzMlQTlwaWNlbnRyZS1kZS1sLSVDMyVBOXBpZCVDMyVBOW1pZS1kLWVib2xh,PICKUP,"コンゴ民主共和国で4,000人以上の死者を出しているエボラ出血熱の大規模流行が継続中であり、公衆衛生への深刻な影響と国際的関心が確認されるためフルRRAに進むべき案件。",Ebola,Bunia; Democratic Republic of the Congo; Republic of France,"DRC: France's top diplomat Jean-Noël Barrot on a visit to Bunia, epicenter of the Ebola outbreak.","RDC: le chef de la diplomatie française Jean-Noël Barrot en visite à Bunia, épicentre de l'épidémie d'Ebola",2026-10-03T16:24:12+00:00,https://www.rfi.fr/fr/afrique/20261003-rdc-le-chef-de-la-diplomatie-fran%C3%A7aise-jean-no%C3%ABl-barrot-en-visite-%C3%A0-bunia-%C3%A9picentre-de-l-%C3%A9pid%C3%A9mie-d-ebola,FRENCH,humans,"In Bunia, northeastern Democratic Republic of the Congo, France's top diplomat Jean-Noël Barrot visited the Ebola epicenter, where the outbreak has claimed more than 4,000 lives. He toured the Rwampara Ebola treatment center on the outskirts of Bunia, operated by French NGO ALIMA. The center features ALIMA's signature 'bubble'—a fully transparent tent enabling heavy medical procedures, including obstetric care, while protecting staff. The site is also engaged in clinical research, hosting trials of a prophylactic treatment intended to prevent infections in people already exposed. Barrot's visit will conclude with a tour of the Institut National de Recherche Biomédicale (INRB) laboratory, led by Professor Jean-Jacques Muyembe, a renowned Ebola expert who accompanied him.",Yes,Yes,不明,不明,2,Yes,Yes,Yes,Yes,Yes,5,Yes,Yes,Yes,"記事はフランス外相の視察報道だが、背景として4,000人以上の死者を出す進行中のエボラ流行（ブニア周辺）に言及しており、既知の大規模アウトブレイクの継続状況確認として重要。フランスは対象国リストに含まれないため除外。",
aHR0cHM6Ly93d3cueWVuaWFraXQuY29tLnRyL2ZvdG8tZ2FsZXJpL2Vib2xhLWFsYXJtaS1idXl1eW9yLW9sdS1zYXlpc2ktNC1iaW5pLWFzdGktMTc4Mjg1,PICKUP,DRCにおけるブンディブギョ・エボラウイルス流行で死者が4000人を超え、WHOがPHEIC（国際的に懸念される公衆衛生上の緊急事態）を宣言済み。同国史上最悪の流行であり、ヒト-ヒト感染・医療アクセス障壁・対応への不信等の要因から国際的拡大リスクが高い。,Ebola,South Kivu Province; Ituri; Republic of the Sudan; Republic of Sierra Leone; Democratic Republic of the Congo; Republic of Liberia; Republic of Uganda; Republic of Guinea,"Ebola alarm grows! Death toll has surpassed 4,000.",Ebola alarmı büyüyor! Ölü sayısı 4 bini aştı,2026-10-03T16:17:23+00:00,https://www.yeniakit.com.tr/foto-galeri/ebola-alarmi-buyuyor-olu-sayisi-4-bini-asti-178285,TURKISH,humans,"Bundibugyo Ebola virus outbreak in the Democratic Republic of the Congo and Uganda has pushed the death toll past 4,000. Initial large clusters appeared in Ituri province, DR Congo, with WHO previously noting transmission in Ituri and also in North Kivu and South Kivu at outbreak onset. There is no approved vaccine or specific treatment for Bundibugyo ebolavirus, though candidate vaccines and therapies are under clinical investigation. The WHO declared a Public Health Emergency of International Concern on May 17 for Congo and Uganda, citing conflict, health worker shortages, distrust of responders, and access barriers as major obstacles. Ebola history traces to 1976 outbreaks in DR Congo and Sudan; the 2014-2016 West Africa epidemic (Guinea, Liberia, Sierra Leone) killed over 11,000. The current Congo outbreak is the deadliest in the country’s history.",Yes,Yes,Yes,不明,3,Yes,Yes,Yes,Yes,Yes,5,Yes,Yes,Yes,発生地域にはUganda、Sudan、Sierra Leone、Liberia、Guineaも含まれるが、これらは対象国リストに含まれないため除外。記事の主題はDRC（Ituri、South Kivu州を含む）における現行流行であり、WHOは2026年5月17日にPHEICを宣言している。承認済みワクチン・治療法が存在しない点も重大なリスク要因。,
aHR0cHM6Ly93d3cuYWxyYWltZWRpYS5jb20vYXJ0aWNsZS8xNzgxNDMwLyVEOCVBRSVEOCVBNyVEOCVCMSVEOCVBQyVEOSU4QSVEOCVBNyVEOCVBQS8lRDglQTclRDklODQlRDglQjklRDglQjElRDglQTgtJUQ5JTg4JUQ4JUE3JUQ5JTg0JUQ4JUI5JUQ4JUE3JUQ5JTg0JUQ5JTg1LyVEOSU4MSVEOCVCMSVEOSU4NiVEOCVCMyU=,PICKUP,DRCでのエボラ流行が継続中であり、国際的な資金支援が必要とされ、フランス国内での関連症例報告もあることからIHR基準を2つ満たす。,Mpox; Mpox Clade I; Mpox Clade II; Ebola,Bunia; Democratic Republic of the Congo; Republic of France,France plans to increase funding allocated for combating Ebola in Congo.,فرنسا تعتزم زيادة التمويل المخصص لمكافحة إيبولا في الكونغو,2026-10-03T16:15:00+00:00,https://www.alraimedia.com/article/1781430/%D8%AE%D8%A7%D8%B1%D8%AC%D9%8A%D8%A7%D8%AA/%D8%A7%D9%84%D8%B9%D8%B1%D8%A8-%D9%88%D8%A7%D9%84%D8%B9%D8%A7%D9%84%D9%85/%D9%81%D8%B1%D9%86%D8%B3%D8%A7-%D8%AA%D8%B9%D8%AA%D8%B2%D9%85-%D8%B2%D9%8A%D8%A7%D8%AF%D8%A9-%D8%A7%D9%84%D8%AA%D9%85%D9%88%D9%8A%D9%84-%D8%A7%D9%84%D9%85%D8%AE%D8%B5%D8%B5-%D9%84%D9%85%D9%83%D8%A7%D9%81%D8%AD%D8%A9-%D8%A5%D9%8A%D8%A8%D9%88%D9%84%D8%A7-%D9%81%D9%8A-%D8%A7%D9%84%D9%83%D9%88%D9%86%D8%BA%D9%88,ARABIC,humans,"France will bolster its support to combat Ebola in the Democratic Republic of the Congo (DRC), allocating 13.4 million euros for January–July and seeking additional humanitarian funding in forthcoming French budget discussions, French Foreign Minister Jean Noel Baro announced during a visit to Bunia in northeastern DRC. He warned that Ebola could re-emerge rapidly if surveillance and monitoring decline. Baro toured Bunia, where mid-September a laboratory-confirmed case of monkeypox was reported, underscoring ongoing infectious disease risks in the region. He lauded the efforts of DRC authorities, United Nations agencies, humanitarian actors, and health workers for containing the outbreak and preventing spread to major urban centers at home and abroad. When asked about the possibility of spread after a reported case in France, he said there is no need for fear, and stressed fighting the outbreak where it appears.",Yes,No,Yes,不明,2,No,Yes,Yes,Yes,Yes,4,不明,Yes,Yes,記事はDRCにおけるエボラ流行への国際支援（フランスの資金提供）が主題。ムポックス（サル痘）症例やフランスでの症例報告にも言及があるが、主軸はエボラ対策支援。France自体は対象国リストに含まれないため除外。,
aHR0cHM6Ly9mci5uZXdzLnlhaG9vLmNvbS9yZGMtY2hlZi1kaXBsb21hdGllLWZyYW4lQzMlQTdhaXNlLWplYW4tMTYyNDEyMjAwLmh0bWw=,PICKUP,DRCにおけるエボラ出血熱の継続的な流行であり、IHR基準（深刻性・異常性）を2つ以上満たし、国際的な外交・支援活動も伴っていることからフルRRAへの移行が妥当。,Ebola,Bunia; Democratic Republic of the Congo,"DRC: French foreign minister Jean-Noël Barrot on a visit to Bunia, epicentre of the Ebola outbreak","RDC: le chef de la diplomatie française Jean-Noël Barrot en visite à Bunia, épicentre de l'épidémie d'Ebola",2026-10-03T16:24:12+00:00,https://fr.news.yahoo.com/rdc-chef-diplomatie-fran%C3%A7aise-jean-162412200.html,FRENCH,humans,"As of 2026-10-03, the Ebola outbreak in the Democratic Republic of the Congo centers on Bunia, with the Rwampara treatment center at the city’s edge identified as an epicenter. The facility, run by French NGO ALIMA, features a transparent 'bubble' tent enabling advanced medical procedures while protecting staff, including support for delivery. The site is also involved in clinical research testing a prophylactic treatment to prevent infection among exposed individuals. French Foreign Minister Jean-Noël Barrot made a brief one-day visit to Bunia, concluding with a tour of the INRB laboratory, where director Professor Jean-Jacques Muyembe, a leading Ebola virus expert, accompanies the delegation. The report does not provide case or death counts or further epidemiological details.",Yes,Yes,不明,不明,2,Yes,Yes,Yes,Yes,Yes,5,Yes,Yes,Yes,記事は外交訪問が主題であり、症例数・死亡者数など疫学的詳細は記載されていない。既知のエボラ出血熱流行（ブニア震源）の継続状況を示す内容であり、フルRRAでの最新疫学情報確認が必要。,
aHR0cHM6Ly93d3cuaW5mb21vbmV5LmNvbS5ici9tdW5kby9mcmFuY2EtdmFpLWF1bWVudGFyLWZpbmFuY2lhbWVudG8tcGFyYS1jb21iYXRlLWFvLWVib2xhLW5vLWNvbmdvLWRpei1taW5pc3Ryby8=,PICKUP,DRC東部でのエボラ・Mpox（Clade関連）流行が継続しており、ヒト-ヒト感染の可能性や国際的な人道・財政支援の必要性が示唆されているため、フルRRAでの確認が望ましい。,Mpox; Mpox Clade I; Mpox Clade II; Ebola,Bunia; Democratic Republic of the Congo; Republic of France,"France to increase funding for the fight against Ebola in Congo, says minister.","França vai aumentar financiamento para combate ao ebola no Congo, diz ministro",2026-10-03T16:42:58+00:00,https://www.infomoney.com.br/mundo/franca-vai-aumentar-financiamento-para-combate-ao-ebola-no-congo-diz-ministro/,PORTUGUESE,humans; animals,"France will intensify funding for Ebola control in eastern Democratic Republic of Congo, as Foreign Minister Jean-Noël Barrot visited Bunia on 2026-10-03. The trip followed a laboratory-confirmed mpox (monkeypox) case identified in mid-September in Bunia. France had allocated €13.4 million (about US$15.1 million) to Ebola efforts from January through July, and Barrot said he would seek additional humanitarian Ebola funding in upcoming French budget discussions. He warned that Ebola could rapidly re-emerge if surveillance declines and emphasized prevention. Barrot praised Congolese authorities, UN agencies, humanitarian organizations, and health workers for containing the outbreak and preventing spread to major urban centers in the DRC and beyond.",Yes,No,No,不明,1,No,不明,Yes,Yes,Yes,3,不明,Yes,Yes,記事はフランスによるDRCのエボラ対策資金拠出拡大の表明が主題。9月中旬にBuniaでMpox症例確認との記載があり、既存のエボラ・Mpox流行が継続している可能性がある。フランスは対象国リストに含まれないため verified_locations から除外。,
aHR0cHM6Ly93d3cuZGlyZS5pdC8wMy0xMC0yMDI2LzEyNzI1NzItcGVyY2hlLXNpLXN0dWRpYS1sYS1wZXN0ZS1pbi1zaWJlcmlhLXBvbG1vbmFyZS1zaW50b21pLWUtY29tZS1zaS1jdXJhLw==,WATCH,ロシア・イルクーツクの研究室関連で肺ペストにより研究者が死亡した事例だが、対象国（中国等）での発生ではなく、ヒト-ヒト感染拡大の情報も限定的なため経過観察とする。,Pneumonic Plague; Plague,Irkutskaya Oblast’; Irkutsk; Mongolia; Russian Federation,Why the plague is studied in Siberia. The pneumonic form is the most aggressive: symptoms and how it is treated.,Perchè si studia la peste in Siberia. Quella polmonare è la più aggressiva: sintomi e come si cura,2026-10-03T15:23:39+00:00,https://www.dire.it/03-10-2026/1272572-perche-si-studia-la-peste-in-siberia-polmonare-sintomi-e-come-si-cura/,ITALIAN,humans; animals; environment; vectors,"Pneumonic plague, caused by Yersinia pestis, persists in natural foci in southern Siberia, with a biosafety level 3 lab in Irkutsk linked to a recent contagion. The bacterium cycles among wild rodents (marmots, voles, and rats) and is transmitted by fleas; Siberia, Mongolia, Central Asian steppes, and northern China host reservoirs. The pneumonic form is the most aggressive and highly transmissible via aerosols, enabling direct human-to-human spread; incubation is typically 24–72 hours. Initial symptoms are abrupt: high fever, severe chills, intense headache, and rapid weakness, followed within hours by lung involvement, productive cough with bloody sputum, chest pain, and respiratory failure. Without early antibiotics (streptomycin, doxycycline, or fluoroquinolones), pneumonic plague is almost always fatal within about 24 hours of symptoms. Isolation is the primary control measure; Russia's Rospotrebnadzor monitors natural reservoirs. A 28-year-old researcher died in Irkutsk from pneumonic plague.",Yes,Yes,不明,不明,2,Yes,Yes,不明,Yes,不明,3,不明,不明,不明,事例はロシア・イルクーツクの研究室関連感染であり、対象国リスト（中国・モンゴル含む）には該当地域が直接的な発生国として記載されていない。中国・モンゴルは自然宿主の分布地域として言及されているのみで、実際の発生国ではないためverified_locationsは空とした。続報でヒト-ヒト感染拡大や対象国への波及が確認されればPICKUPに格上げすべき。,
aHR0cHM6Ly93d3cuZWNvZmluYWdlbmN5LmNvbS9uZXdzLXNlcnZpY2VzLzAzMTAtNTk0MzItd2Vla2x5LWhlYWx0aC11cGRhdGUtbmlnZXJpYS1hbmQtbmlnZXItY29vcmRpbmF0ZS12YWNjaW5hdGlvbi11Z2FuZGEtcHJlcGFyZXMtbWVhc2xlcy1jYW1wYWlnbg==,PICKUP,"DRCのブンディブギョ型エボラ出血熱アウトブレイクが8,000例を超え、WHOが酸素供給や早期治療の必要性を強調しており、公衆衛生上深刻かつ資金不足による対応能力の懸念もあるためフルリスク評価が必要。",Hepatitis B; HIV; Measles; Syphilis; Malaria; Poliomyelitis; Hepatitis; Ebola,Republic of South Africa; Republic of Sierra Leone; Republic of Angola; Federal Democratic Republic of Ethiopia; Republic of Mozambique; Democratic Republic of the Congo; Republic of Ghana; Republic of Kenya; Republic of Uganda; Republic of Niger; Federal Republic of Nigeria,,Weekly Health Update | Nigeria and Niger Coordinate Vaccination; Uganda Prepares Measles Campaign,2026-10-03T16:53:19+00:00,https://www.ecofinagency.com/news-services/0310-59432-weekly-health-update-nigeria-and-niger-coordinate-vaccination-uganda-prepares-measles-campaign,ENGLISH,humans,"Bundibugyo Ebola outbreak in the DRC surpasses 8,000 confirmed cases this week, with WHO stressing oxygen access and early care. Facing funding pressures, the Africa Leaders Malaria Alliance warns of a 30% cut as vaccination campaigns target children missed by services. Nigeria–Niger coordinate vaccination and surveillance; Uganda outlines a measles–rubella campaign after 66 measles outbreaks in 2025; Ethiopia’s second oral polio campaign reached 1.4 million children (102% coverage). Nigeria–Niger effort reached 94% of target children for polio and routine immunizations. Kenya aims for 50% domestic production by 2030; 13 pharma firms started. Ethiopia strengthens laboratories; Angola and Sierra Leone outline 2026–2030 vaccination priorities (malaria vaccine, HPV) and review vaccines for measles, malaria and pneumococcal. A $1 test screens HIV, syphilis and hepatitis B for pregnant women, with markets in Nigeria, Ethiopia, Uganda, Kenya, Mozambique and South Africa. Ghana conducts Africa CDC hepatitis assessment and launches Pink October for breast cancer.",Yes,Yes,不明,不明,2,Yes,Yes,Yes,Yes,Yes,5,Yes,Yes,Yes,"記事は複数国の週次保健トピックをまとめたもので、対象国リストに該当するのはDRC（エボラ、8,000例超、資金圧力あり）とGhana（Africa CDCによる肝炎評価、Pink October乳がん啓発）のみ。DRCのエボラ拡大規模が最も重大な懸念事項。ナイジェリア、ニジェール、ウガンダ、エチオピア、ケニア、アンゴラ、シエラレオネ、南アフリカ、モザンビークは対象国リスト外のため除外。",
aHR0cHM6Ly93d3cubGJjZ3JvdXAudHYvbmV3cy93b3JsZC85NjEwNDMvbGJjaS1sZWJhbm9uLWFydGljbGVzL2Fy,PICKUP,DRCにおける過去最悪とされるエボラ出血熱の第17波流行であり、国際的な支援・関心が高いことからフルリスク評価が妥当。,Ebola,Bunia; Democratic Republic of the Congo; Republic of France,French Foreign Minister in the Democratic Republic of the Congo where Ebola is spreading.,وزير الخارجية الفرنسيّ في الكونغو الديموقراطية حيث يتفشى إيبولا,2026-10-03T17:03:12+00:00,https://www.lbcgroup.tv/news/world/961043/lbci-lebanon-articles/ar,ARABIC,humans,"French Foreign Minister Jean-Noël Baro arrived in Bunia, the capital of Ituri Province in eastern Democratic Republic of the Congo, at the epicenter of the country’s worst Ebola outbreak in history—the 17th outbreak wave described as the deadliest to date. The visit aims to demonstrate France’s support to local authorities and humanitarian workers combatting the epidemic and to reaffirm Paris’ intent to expand participation with international partners. Baro’s trip is noted as the first European minister visit since the current outbreak began. The report does not provide specific case or death figures. Key details: Ebola virus disease, Bunia/Ituri in eastern DRC, ongoing outbreak with international response and ongoing containment efforts.",Yes,Yes,不明,不明,2,Yes,Yes,Yes,Yes,Yes,5,Yes,Yes,Yes,記事は具体的な症例数・死亡数を示していないが、過去最悪の流行とされ、フランス外相の訪問など国際的関心の高さが示されている。フランスは対象国リストに含まれないため除外。,
aHR0cHM6Ly91bm4udWEvbmV3cy91LWtvbmhvLXRlc3R1aXV0LXByZXBhcmF0LXlha3lpLW1vemhlLXphcG9iaWhhdHktemFyYXpoZW5uaXUtZWJvbG9pdQ==,PICKUP,DRC・Ituriで進行中のエボラ（ブンディブギョ株）アウトブレイクに関する内容であり、承認された治療薬・ワクチンが存在しないことから公衆衛生上の深刻性と国際的拡大リスクが認められるため、フルRRA対象とする。,Ebola,Ituri; Democratic Republic of the Congo,"In Congo, a drug is being tested that could prevent Ebola infection.","У Конго тестують препарат, який може запобігати зараженню Еболою",2026-10-03T17:08:28+00:00,https://unn.ua/news/u-konho-testuiut-preparat-yakyi-mozhe-zapobihaty-zarazhenniu-eboloiu,UKRAINIAN,humans,"Democratic Republic of the Congo is testing obeldesivir as post-exposure prophylaxis for Ebola after contact with infected individuals. More than 250 people in Ituri province have enrolled in a Gilead-sponsored trial, which aims to reach nearly 1,000 participants. The study, launched in July in Ituri—the epicenter of the current outbreak—includes adults and children from age 12 who had contact with a confirmed case in the past five days but show no symptoms. In a randomized design, half receive obeldesivir and half receive a placebo, with daily monitoring for 21 days and a follow-up survey at 42 days. If symptoms develop, patients receive supportive care. The outbreak involves the Bundibugyo strain, for which no approved antivirals or vaccines exist. Congo vaccinates health workers with Ervebo, though efficacy against Bundibugyo is still being studied.",Yes,Yes,Yes,不明,3,Yes,Yes,Yes,Yes,Yes,5,Yes,Yes,Yes,記事はエボラ治療薬（obeldesivir）の曝露後予防治験に関する内容であり、現在進行中のブンディブギョ株によるエボラアウトブレイク（Ituri州）が背景にある。承認された抗ウイルス薬・ワクチンが存在しないため、既存のアウトブレイクに対するフルリスク評価の継続・更新が必要。,
aHR0cHM6Ly91bm4udWEvcnUvbmV3cy92LWtvbmdvLXRlc3RpcnV5dXQtcHJlcGFyYXQta290b3JpaS1tb3poZXQtcHJlZG90dnJhc2hjaGF0LXphcmF6aGVuaWUtZWJvbG9p,PICKUP,DRCで「同国史上最も致死的」とされるエボラ(ブンディブギョ株)アウトブレイクが継続中であり、承認済み治療薬・ワクチンが存在しない状況下での治験実施という公衆衛生上重要な情報であるため、フルRRAでの確認が妥当。,Ebola,Ituri; Democratic Republic of the Congo,A drug that could prevent Ebola infection is being tested in Congo.,"В Конго тестируют препарат, который может предотвращать заражение Эболой",2026-10-03T17:08:28+00:00,https://unn.ua/ru/news/v-kongo-testiruyut-preparat-kotorii-mozhet-predotvrashchat-zarazhenie-eboloi,RUSSIAN,humans,"Ebola virus disease (EVD) post-exposure prophylaxis trial is underway in the Democratic Republic of Congo’s Ituri province amid the country’s deadliest outbreak. More than 250 participants, aged 12 and up, who had contact with a confirmed Ebola case within the past five days are enrolled in a randomized, placebo-controlled study of obeldesivir from Gilead, which began in July in Ituri, and aims to enroll about 1,000 participants. Participants receive obeldesivir or placebo and are monitored daily for 21 days, with a 42-day follow-up. If symptoms develop, they receive supportive care. The outbreak is driven by the Bundibugyo strain, for which no approved antivirals or vaccines exist. Health authorities are vaccinating healthcare workers with Ervebo, though efficacy against Bundibugyo is still being studied. If effective, obeldesivir could help interrupt transmission chains.",Yes,Yes,不明,不明,2,Yes,Yes,Yes,Yes,Yes,5,Yes,Yes,Yes,記事はコンゴ（イツリ州）における既存のエボラ(ブンディブギョ株)アウトブレイクを背景にした治験ニュース。アウトブレイク自体が「同国史上最も致死的」と表現されており、承認済み抗ウイルス薬・ワクチンが存在しない点が重大。続報でアウトブレイクの規模・死亡率・国際的対応状況を確認する必要あり。,
aHR0cHM6Ly9wcmltb3Jza2Uuc2kvc3ZldC92LWRyLWtvbmdvLXphcmFkaS1pemJydWhhLWVib2xlLXVtcmxvLXZlYy1rb3QtNDAwMC1sanVkaS8=,PICKUP,死者4000人超の大規模流行で、Bundibugyo株による異常事態、治安悪化による対応困難、米国の大規模支援（2.67億ドル）が行われておりIHR基準・WPRO基準を複数満たす。,Ebola,Ituri; Democratic Republic of the Congo; United States,"In the Democratic Republic of the Congo, an Ebola outbreak has killed more than 4,000 people.",V DR Kongo zaradi izbruha ebole umrlo več kot 4000 ljudi,2026-10-03T17:00:00+00:00,https://primorske.si/svet/v-dr-kongo-zaradi-izbruha-ebole-umrlo-vec-kot-4000-ljudi/,SLOVENIAN,humans,"Outbreak of Ebola in the Democratic Republic of the Congo, officially confirmed mid-May, driven by Bundibugyo ebolavirus (Bundibugyo strain), affecting Ituri province in the northeast and North Kivu in the east. The first infection case attributed to Bundibugyo was recorded in Ituri. Ongoing violence and distrust hinder response: clashes by local militias in Ituri have displaced more than 5,000 people, and an Ebola treatment center was burned; soldiers entered the area, triggering mass exodus. In North Kivu, an attack on a health facility killed a contracted worker responsible for case finding. The United States has offered about $267 million to help contain the outbreak. Containment and prevention efforts rely on vaccines and therapeutics; several candidates for Bundibugyo are under study. In health workers, first doses of the Ervebo vaccine, previously effective against Zaire ebolavirus, have been used in a clinical trial.",Yes,Yes,Yes,不明,3,Yes,Yes,Yes,Yes,Yes,5,Yes,Yes,Yes,米国は対象国リストに含まれないためverified_locationsから除外。Bundibugyo型エボラウイルスによる大規模流行で、治安悪化（民兵衝突、治療センター焼失、医療従事者殺害）が対応を阻害している点が特筆される。,
aHR0cHM6Ly93d3cub3NubWVkaWEucnUvd29ybGQvbWluemRyYXYtZHIta29uZ28temF5YXZpbC1vLXByb2hvemhkZW5paS1waWthLXZzcHlzaGtpLWxpaG9yYWRraS1lYm9sYS8=,PICKUP,"致死率48.4%、8,300症例・4,018死亡という深刻な既存エボラアウトブレイクの最新状況報告であり、IHR基準・WPRO基準ともに複数該当するため継続的なフルリスク評価対象とすべき。",Ebola,Africa; Democratic Republic of the Congo; Republic of Uganda,Democratic Republic of the Congo's Ministry of Health says the peak of the Ebola outbreak has passed.,Минздрав ДР Конго заявил о прохождении пика вспышки лихорадки Эбола,2026-10-03T17:05:18+00:00,https://www.osnmedia.ru/world/minzdrav-dr-kongo-zayavil-o-prohozhdenii-pika-vspyshki-lihoradki-ebola/,RUSSIAN,humans,"Ebola outbreak in the Democratic Republic of the Congo: Health Minister Samuel Roger Kamba says the peak has passed, with responders gaining control. Nineteen of 63 health zones have not reported new cases for over three weeks, signaling progress. The outbreak remains severe: 8,300 cases and 4,018 deaths, a 48.4% case-fatality rate. Currently 842 patients are under hospital observation. More than half of deaths occur outside hospitals, sustaining transmission through home funerals and caregiving. Began May 15 in the DRC and neighboring Uganda; it has affected 7 of 26 provinces. Uganda’s outbreak was declared over in July by the WHO. This is the second-deadliest Ebola outbreak in Africa’s history and the 17th outbreak in the DRC since 1976.",Yes,No,Yes,不明,2,No,Yes,Yes,Yes,不明,3,Yes,Yes,Yes,ウガンダも発生地域に含まれるがWHOにより7月に終息宣言済みで対象国リストにも非該当のため除外。本件は既知の進行中アウトブレイクの続報だが、致死率・死者数の規模からアフリカ史上2番目に深刻な流行とされ、継続的な監視・評価が必要。,
aHR0cHM6Ly93d3cubGl2ZWhpbmR1c3Rhbi5jb20vdXR0YXItcHJhZGVzaC9rYW5uYXVqL3N0b3J5LWZldmVyLW91dGJyZWFrLWNhdXNlcy1jb25jZXJuLWluLWtpc2hhbnB1ci12aWxsYWdlLWFzLXdvbWFuLWRpZXMtMjAxNzkxMDQ2NjE4ODUyLmh0bWw=,WATCH,インド・ウッタルプラデーシュ州の一村落で原因不明の発熱が発生し1名死亡、約100人に影響が出ているが、マラリア様症状は否定され原因特定前のため、続報を注視する必要がある。,Malaria,Tirwa; Kannauj; Kishanpur; Tālgrām; Uttar Pradesh; Kanpur; Republic of India,"Kannauj News: Fever wreaks havoc in Kishanpur, panic after a woman's death.","Kannauj News: किशनपुर में बुखार का कहर, महिला की मौत से मचा हड़कंप",2026-10-03T16:57:10+00:00,https://www.livehindustan.com/uttar-pradesh/kannauj/story-fever-outbreak-causes-concern-in-kishanpur-village-as-woman-dies-201791046618852.html,HINDI,humans; environment,"Fever outbreak in Kishanpur village, Talgram, Kannauj district, Uttar Pradesh, India, with about 100 residents affected. A 55-year-old woman, Ramlali, wife of Siyarama, died after fever in a Kanpur private hospital on Friday; she was treated following referral from Talgram CHC and later medical college in Tirwa. Her death sparked health authorities to act. Reports say many villagers are seeking care in private hospitals or self-medicating at home. Health department teams conducted a camp, screened 56 people and collected 15 blood samples for testing. Preliminary assessments found no malaria-like symptoms among the examined patients. Official case counts or outbreak status not yet released. Infection source remains undetermined; malaria inspector involved. Health officers listed include ACMO Dr. Vijay Kumar Shukla and others; the situation is being monitored with ongoing screening.",不明,不明,No,No,0,Yes,Yes,Yes,不明,不明,3,Yes,Yes,不明,当初マラリア疑いとして報道されたが、予備検査では56名中マラリア様症状は確認されず、感染源は未特定。地元保健当局が血液検体採取・スクリーニングを継続中であり、原因判明まで経過観察が必要。,
aHR0cHM6Ly93d3cubmV3a2VyYWxhLmNvbS9uZXdzL2EvbWFuaXB1ci1ndXYtY2FsbHMtc3Ryb25nZXItdGItZGV0ZWN0aW9uLXJlbW90ZS1kaWZmaWN1bHQtdG8tcmVhY2gtOTA1Lmh0bQ==,DISMISS,結核撲滅に向けた通常の政策的・支援活動の報道であり、異常な公衆衛生上の脅威や緊急性を示す内容はない。,Tuberculosis,Manipur; Imphāl,,Manipur Governor Calls for Stronger TB Detection in Remote Areas,2026-10-03T17:15:59+00:00,https://www.newkerala.com/news/a/manipur-guv-calls-stronger-tb-detection-remote-difficult-to-reach-905.htm,ENGLISH,humans,"Manipur Governor Ajay Kumar Bhalla called for stronger tuberculosis detection in remote and difficult-to-reach areas, citing that reported indicators may understate true prevalence. At Imphal, he announced intensified case finding as NTPC, a Nikshay Mitra, distributed six months of nutritional baskets to about 1,800 TB patients and their caregivers under its CSR-driven TB Mukt Bharat Abhiyan. The governor also handed AI-enabled handheld X-ray machines to health officials to strengthen screening and early detection across districts, urging regular monitoring of use and outcomes. The initiative, supported by NTPC with around Rs 2.9 crore, aims to bolster treatment completion and patient support. NTPC Chairman Gurdeep Singh reaffirmed commitment; Chief Secretary Rajeev Singh Thakur welcomed the partnership. The drive emphasizes coordinated public-private efforts to move toward a TB-free Manipur and India under the National TB Elimination Programme.",No,No,No,No,0,No,No,No,No,No,0,No,Yes,No,結核は既知の流行病であり新規異常事象ではない。州政府とNTPCによる検出強化・患者支援の取り組みを伝える通常の保健政策報道。,
aHR0cHM6Ly93d3cucmZpLmZyL2hhL2FmcmlrYS8yMDI2MTAwMy1jdXRhci1lYm9sYS10YS1oYWxsYWthLXNhbWEtZGEtbXV0YW5lLWR1YnUtNC1hLWNvbmdvLWh1a3Vtb21p,PICKUP,エボラ出血熱の大規模流行で死者4000人超・感染者8000人超と公衆衛生への深刻な影響があり、複数州への拡大と紛争による対応困難からIHR基準・WPRO基準の双方で複数該当するためフルRRAへ進むべき案件。,Ebola,Ituri; Democratic Republic of the Congo,"Ebola outbreak has killed more than 4,000 people in Congo - Authorities",Cutar Ebola ta hallaka sama da mutane dubu 4 a Congo - Hukumomi,2026-10-03T17:17:41+00:00,https://www.rfi.fr/ha/afrika/20261003-cutar-ebola-ta-hallaka-sama-da-mutane-dubu-4-a-congo-hukumomi,INDONESIAN,humans,"Ebola outbreak in the Democratic Republic of Congo has killed 4,018 people and infected 8,103, with 2,162 recoveries, as of October 3, 2026. The outbreak, officially declared in mid-May, began in Ituri province in the northeast and has since spread to seven northern and eastern provinces. Public health teams face setbacks due to ongoing violence and distrust of authorities, hindering containment, contact tracing, and safe burial practices. Transmission remains sustained in conflict-affected areas, complicating vaccination and response efforts and threatening regional public health. The figures reflect reported confirmed cases and outcomes by Congolese authorities, highlighting the challenge of outbreak control amid insecurity and population displacement across multiple regions.",Yes,Yes,Yes,不明,3,Yes,Yes,Yes,Yes,Yes,5,Yes,Yes,Yes,致死率が約50%と極めて高く、紛争地域での治安悪化により封じ込め・接触者追跡・安全な埋葬が妨げられている。7つの州に拡大しており地域的な公衆衛生上の脅威となっている。,
aHR0cHM6Ly93d3cubWsucnUvc29jaWFsLzIwMjYvMTAvMDMvbWluemRyYXYtZHIta29uZ28tc2RlbGFsLW9wdGltaXN0aWNobm9lLXpheWF2bGVuaWUtby1saWtob3JhZGtlLWVib2xhLmh0bWw=,PICKUP,"DRCで8,300症例・致死率48.4%の大規模エボラ流行が継続しており、国際的拡大・重大な公衆衛生影響の懸念があるためフルRRAへ進める。",Ebola,Africa; Kinshasa City; Kinshasa; Democratic Republic of the Congo; Republic of Uganda,The Ministry of Health of the Democratic Republic of the Congo made an optimistic statement about Ebola fever.,Минздрав ДР Конго сделал оптимистичное заявление о лихорадке Эбола,2026-10-03T17:23:18+00:00,https://www.mk.ru/social/2026/10/03/minzdrav-dr-kongo-sdelal-optimistichnoe-zayavlenie-o-likhoradke-ebola.html,RUSSIAN,humans,"Ebola fever outbreak in the Democratic Republic of Congo (DRC) – Health Minister Samuel Roger Kamba said in Kinshasa that the peak has passed. Since the May 15 start, 7 of 26 provinces have been affected, with 8,300 cases and 4,018 deaths (case fatality 48.4%). Currently 842 individuals with Ebola symptoms are hospitalized or in isolation. In 19 of 63 health zones, new infections have been absent for at least three weeks. Authorities warn that more than half of deaths occur outside health facilities, raising transmission risks tied to home care and funeral practices; contact tracing is at 80.6%. The outbreak is Africa’s second-highest death toll among observed Ebola outbreaks. Parallel activity in Uganda ended July 28, with the World Health Organization confirming this on August 25. As of 3 October 2026, the situation shows deceleration in new cases but sustained transmission risk remains.",Yes,Yes,Yes,不明,3,Yes,Yes,Yes,Yes,Yes,5,Yes,Yes,Yes,ウガンダでの並行発生はWHOにより7月28日終息が確認されているが、対象国リストに含まれないため除外。DRCでは依然として家庭内看護・葬儀慣行による感染リスクが残存している。,
aHR0cHM6Ly96b29tLWVjby5uZXQvc2FudGUtMi9yZGMtMjI3LW1pbGxpb25zLXVzZC1tb2JpbGlzZXMtcG91ci1sZS1wcmVtaWVyLXBsYW4tZGUtcmlwb3N0ZS1jb250cmUtbGEtbXZlMTcv,PICKUP,DRCで継続中のエボラ出血熱アウトブレイクに関する進捗報告だが、Ituri・North Kivuで家庭内伝播が継続しており、国際的な資金・支援が引き続き必要とされているため、フルリスク評価での経過確認が妥当。,Ebola,Kinshasa City; Ituri; Kinshasa; Democratic Republic of the Congo,DRC: $227 million mobilized for the first response plan against Ebola virus disease (MVE17).,RDC : 227 millions USD mobilisés pour le premier plan de riposte contre la MVE17,2026-10-03T00:00:00+00:00,https://zoom-eco.net/sante-2/rdc-227-millions-usd-mobilises-pour-le-premier-plan-de-riposte-contre-la-mve17/,FRENCH,humans,"Ebola virus disease (EVD) in the Democratic Republic of Congo (DRC) under the first response plan MVE17 has mobilized about $227 million, with roughly $99 million still unused by partners, per a Oct 2 Kinshasa press briefing by Health Minister Samuel Kamba. Epidemic indicators show a general decline after the July peak: the national effective reproduction number (Rt) fell from 1.15 on Aug 1 to 0.97, and test positivity dropped while testing volume rose. Of 63 health zones affected, 19 have reached 21 days without a new case, including 11 with no new cases for more than 42 days. Contact tracing improved from ~28% in May to 82% by Sep 28. Transmission remains active in households in Ituri and North Kivu; surveillance and response continue there. Resource management is a priority: out of 97 partners, about 25% have justified resources; accreditation requiring declaration of funds, provenance, and allocation will limit on-site interventions. Next steps: interrupt transmission chains, strengthen surveillance and contact follow-up; ensure resource transparency and accountability.",Yes,No,不明,不明,1,No,Yes,Yes,Yes,Yes,4,不明,Yes,Yes,既知のエボラアウトブレイク（MVE17）に関する進捗・資金動員報告。全体的な指標（Rt低下、陽性率低下）は改善傾向だが、IturiとNorth Kivuでの家庭内伝播は継続中であり、資源管理（パートナーの25%のみ資金正当化済み）に課題あり。新規発生ではなく継続中の対応計画のアップデート記事。,
aHR0cHM6Ly93ei5sdml2LnVhL25ld3MvNTU5NjQ5LXUta29uZ28tdmlwcm9ib3Z1eXV0LXByZXBhcmF0LXlha2lqLW1vemhlLXphcG9iaWdhdGktemFyYXpoZW5ueXUtZWJvbG95dQ==,PICKUP,DRCイトゥリ州で進行中のブンディブギョ・エボラウイルス流行に関する事後曝露予防薬の治験であり、Ebolaという重篤な感染症の国際的に懸念される継続事例であるためフルRRAへの移行が妥当。,Ebola,Ituri; Democratic Republic of the Congo,"In Congo, a drug that could prevent Ebola infection is being tested.","У Конго випробовують препарат, який може запобігати зараженню Еболою",2026-10-03T14:30:10+00:00,https://wz.lviv.ua/news/559649-u-kongo-viprobovuyut-preparat-yakij-mozhe-zapobigati-zarazhennyu-eboloyu,UKRAINIAN,humans,"In the Democratic Republic of Congo, the EBO-PEP post-exposure prophylaxis trial tests obeldesivir to prevent Ebola after exposure. In eastern Ituri Province, where the Bundibugyo Ebola outbreak is centered, over 250 people have enrolled of a planned ~1,000 participants aged 12 and up who had contact with a confirmed case within the last five days but are asymptomatic. Participants are randomized to receive obeldesivir or placebo, with daily monitoring for 21 days and a 42-day final survey. If effective, the drug could be used to prevent disease after exposure and interrupt transmission chains. There are no approved vaccines or specific treatments for Bundibugyo virus; health workers are vaccinated with Ervebo, which has shown efficacy in outbreaks caused by other strains. Practical challenges include long travel distances to centers and dropout after relatives’ deaths from Ebola; the trial began in July in Ituri.",Yes,Yes,不明,不明,2,Yes,Yes,Yes,Yes,Yes,5,Yes,Yes,Yes,記事はブンディブギョ型エボラウイルスの既存流行に対する治験(obeldesivir）に関する続報であり、承認済みワクチン・治療薬が存在しない点が懸念材料。新規発生ではなく既知の流行拡大・対応状況の更新情報である点に留意。,
aHR0cHM6Ly93d3cudGVsZWdyYWYucnMvdmVzdGkvc3ZldC80NDA4MDk0LXRlc3RpcmEtc2UtZWtzcGVyaW1lbnRhbG5pLWxlay1wcm90aXYtbmFqdGV6ZS1lcGlkZW1pamUtb3ZvLXN1LWRldGFsamk=,PICKUP,"DRC東部でBundibugyoウイルスによる過去最悪規模のエボラ流行（8,300例以上、死亡約4,000人、7州に拡大）が継続しており、IHR基準に複数該当するためフルRRAへ進めるべき。",Ebola,Democratic Republic of the Congo,An experimental drug is being tested against the worst epidemic: Here are the details.,Testira se eksperimentalni lek protiv najteže epidemije: Ovo su detalji,2026-10-03T17:36:17+00:00,https://www.telegraf.rs/vesti/svet/4408094-testira-se-eksperimentalni-lek-protiv-najteze-epidemije-ovo-su-detalji,SERBIAN,humans,"Eastern Democratic Republic of Congo is grappling with the worst Ebola epidemic caused by Bundibugyo virus, with more than 8,300 cases and about 4,000 deaths since mid-May, spanning seven provinces and outpacing response efforts. An experimental antiviral, obeldesivir from Gilead, is being tested as post-exposure prophylaxis (PEP) in the EBO-PEP trial coordinated by ALIMA. The study aims to enroll around 1,000 adults and children over 12 who had contact with a confirmed case within the previous five days but are not yet symptomatic; half receive placebo. Participants are followed daily for 21 days, with a final 42-day contact. If effective, the drug could help interrupt transmission by protecting exposed individuals before symptoms appear, differing from vaccines or treatments that target ill patients. The trial involves Congo's National Institute for Biomedical Research and the ANRS, while Ervebo vaccination is used for health workers with uncertain cross-protection.",Yes,Yes,Yes,不明,3,Yes,Yes,Yes,Yes,Yes,5,Yes,Yes,Yes,致死率約48%と推定され、対応能力を上回る規模。実験的治療薬の国際治験が進行中であり、国際的な支援・関心が高い案件。,
aHR0cHM6Ly93d3cudnJ0LmJlL3ZydG53cy9ubC8yMDI2LzEwLzAzL3J1c3Npc2NoZS12cm91dy1vdmVybGVkZW4tYWFuLWRlLXBlc3QtMjAwLW1lbnNlbi1pbi1xdWFyYW50YWluZS8=,DISMISS,ロシアの研究室での単発的な事故による感染であり、対象国（DRC等）は過去の流行地として背景説明に触れられているだけで、本事例の発生地ではない。国際的拡大や渡航制限のリスクも低く、対象地域に関連するシグナルとはならない。,Plague,South Aegean; Russian Federation; Republic of Madagascar; Hellenic Republic,"Russian lab technician (28) dies after a test tube containing plague bacteria breaks, 200 people in quarantine.","Russische laborante (28) overlijdt nadat reageerbuis met pestbacteriën breekt, 200 mensen in quarantaine | VRT NWS Nieuws",2026-10-03T17:29:30+00:00,https://www.vrt.be/vrtnws/nl/2026/10/03/russische-vrouw-overleden-aan-de-pest-200-mensen-in-quarantaine/,DUTCH,humans,"Plague (Yersinia pestis) incident: A Russian lab technician, 28, died after a test tube containing plague bacteria broke, prompting quarantine for about 200 people. Historically, plague spread via ships to the Mediterranean and rapidly across Europe, the Middle East, and North Africa, killing an estimated 75–200 million people between 1347 and 1353 and marking the start of a roughly 500-year epidemic. Early symptoms included swollen lymph nodes and black spots, with deaths typically within three days of onset. In the modern era, about 1,000 plague infections are reported worldwide each year, with ongoing cases in Madagascar and the Democratic Republic of Congo, largely in remote areas. A notable 2017 Madagascar outbreak extended to the capital, causing hundreds of fatalities.",No,Yes,No,No,1,Yes,No,No,No,No,1,不明,不明,No,本事例はロシアの研究室での事故によるペスト菌暴露であり、対象国リストに含まれる地域（DRC等）は過去・現在の流行地としての一般的な背景情報としてのみ言及されている。実際の発生地はロシアであり対象国外のため、verified_locationsは空とした。,
aHR0cHM6Ly93d3cudmVzdGkucnUvbnMvdi1kci1rb25nby1wcm9qZGVuLXBpay12c3B5c2hraS1saWtob3JhZGtpLWVoYm9sYQ==,PICKUP,"致死率約48%に達する大規模エボラ流行（感染8,300人・死亡4,018人）で、ウガンダへの拡大やロシアの国境検疫強化など国際的影響が確認されるため。",Ebola,Democratic Republic of the Congo; Republic of Uganda; Russian Federation,"In the DR Congo, the peak of the Ebola outbreak has passed.",В ДР Конго пройден пик вспышки лихорадки Эбола - Новости на Вести.ru,2026-10-03T17:33:11+00:00,https://www.vesti.ru/ns/v-dr-kongo-projden-pik-vspyshki-likhoradki-ehbola,RUSSIAN,humans,"Peak of the Ebola outbreak in the Democratic Republic of the Congo has passed, Health Minister Samuel Roger Kamba told RFI. As of 3 October 2026, the ministry says the epidemic is now under control, with 19 of 63 health zones reporting no new Ebola fever cases for at least three weeks. Total figures cited: 8,300 infections and 4,018 deaths. The outbreak began in late spring in the Democratic Republic of the Congo and Uganda. The government notes it can act proactively rather than merely monitor progression. Russia’s Rospotrebnadzor has tightened sanitary-quarantine controls at border checkpoints, reflecting heightened precaution for imported cases.",Yes,Yes,Yes,Yes,4,Yes,Yes,Yes,Yes,不明,4,Yes,Yes,不明,ウガンダやロシアも発生地域として挙げられているが、サマリーの主題はDRCでの流行状況であり、ウガンダは対象国リスト外、ロシアは国境管理強化のみで発生国ではないため除外した。,
aHR0cHM6Ly9qb3JuYWxwcC5jb20uYnIvbm90aWNpYXMvY2lkYWRlcy9jaHV2YS1lLWNhbG9yLXBvZGVtLWZhdm9yZWNlci1hLXByb2xpZmVyYWNhby1kby1hZWRlcy1hZWd5cHRpLw==,DISMISS,気象条件に基づく予防的な注意喚起であり、デング熱症例は前年比97.9%減少しており、異常な流行や重篤な公衆衛生上の懸念は確認されない。,Yellow Fever; Zika; Chikungunya; Dengue,São Paulo; São Paulo; Federative Republic of Brazil,Rain and heat may favor the proliferation of Aedes aegypti.,Chuva e calor podem favorecer a proliferação do Aedes aegypti,2026-10-03T17:33:32+00:00,https://jornalpp.com.br/noticias/cidades/chuva-e-calor-podem-favorecer-a-proliferacao-do-aedes-aegypti/,PORTUGUESE,vectors; humans,"2026-10-03: São Carlos, Brazil, faces increased risk of Aedes aegypti proliferation as above-average temperatures and rainfall are forecast, potentially boosting transmission of Dengue, Zika, Chikungunya, and Yellow Fever in the DRS-Araraquara region. SES-SP directs the Municipal Health Secretariat to strengthen surveillance and prevention. El Niño projections indicate a greater than 90% probability of very strong intensity by November, with heat nationwide and above-average rainfall in parts of Sao Paulo. Despite the warning, Dengue cases in 2026 remain markedly low—up to week 38, 432 cases versus 20,429 in 2025, a 97.9% reduction. Authorities will monitor weekly indicators and can expand measures; Ovitrampas and Wolbachia deployment are planned. Community participation is essential since most breeding sites are inside or around homes. Prevention emphasizes eliminating water-holding containers, weekly home checks, closed reservoirs, clean gutters, bottles stored upright, tires and other containers disposed, and weekly water changes for aquatic plants. Dengue symptoms include fever above 38 C with headache, body pains, retro-orbital pain, and rash; seek care for alarm signs.",No,No,No,No,0,No,No,Yes,Yes,No,2,No,Yes,No,"記事は季節的・気象要因によるベクター媒介感染症リスクへの予防的注意喚起であり、実際の症例数は大幅減少（432件 vs 20,429件）。地方保健当局による通常のサーベイランス強化の範囲内と判断。",
aHR0cHM6Ly9yZXBvcnQuYXovcnUvZHJ1Z2llLXN0cmFueS9taW56ZHJhdi1kci1rb25nby1waWstZXBpZGVtaWktZWJvbHktdXpoZS1wb3phZGk=,PICKUP,"DRCでのエボラ出血熱流行は累計8,300例・死亡4,018例、致死率48.4%と深刻な公衆衛生影響があり、IHR基準の複数（深刻性・異常性・国際拡大リスク）に該当するためフルリスク評価が必要。",Hemorrhagic Fever; Ebola,Democratic Republic of the Congo,DRC Ministry of Health: The Ebola epidemic peak is already behind us,Минздрав ДР Конго: Пик эпидемии Эболы уже позади,2026-10-03T17:28:26+00:00,https://report.az/ru/drugie-strany/minzdrav-dr-kongo-pik-epidemii-eboly-uzhe-pozadi,RUSSIAN,humans,"Democratic Republic of Congo reports the Ebola virus disease outbreak is now under control, with the peak behind us. Health Minister Samuel Roger Kamba said authorities are acting proactively rather than just monitoring. In 19 of 63 health zones where Ebola patients have been identified, new hemorrhagic fever cases have not been registered for at least three weeks. As of the latest Ministry data, Ebola deaths total 4,018 with 8,300 cases, a case fatality rate of 48.4%. Hospital and medical isolation facilities currently house 842 patients with Ebola symptoms. The briefing provides no details on imported or exported cases. These figures suggest a turning point in the outbreak and indicate a sustained decline in transmission since the peak, as of 3 October 2026.",Yes,Yes,Yes,不明,3,Yes,Yes,Yes,Yes,不明,4,Yes,Yes,不明,DRC保健省による公式発表で、ピークは過ぎたとされるが依然842人が入院中であり、感染流行は継続中。輸入・輸出症例についての詳細は記載なし。,
aHR0cHM6Ly90dm1vc3QuaW5mby8yMDI2LzEwLzAzL3Uta29uZ3UtdGVzdGlyYWp1LWVrc3BlcmltZW50YWxuaS1sZWstcHJvdGl2LW5hanRlemUtZXBpZGVtaWplLWVib2xlLw==,PICKUP,"DRCで8,300例・4,000人死亡という大規模なエボラ流行が7州に拡大しており、IHR基準の複数該当とWPRO基準の重症度・流行しやすさ・管理可能性が該当するためフルRRAへ進むべき。",Ebola,Democratic Republic of the Congo; Republic of France,"In the Congo, an experimental drug is being tested against the worst Ebola epidemic.",У Конгу тестирају експериментални лек против најтеже епидемије еболе,2026-10-03T17:37:18+00:00,https://tvmost.info/2026/10/03/u-kongu-testiraju-eksperimentalni-lek-protiv-najteze-epidemije-ebole/,SERBIAN,humans,"As of 3 October 2026, eastern Democratic Republic of Congo faces an Ebola outbreak with at least 8,300 cases and about 4,000 deaths across seven provinces. An experimental antiviral, obeldesivir, is being tested as post-exposure prophylaxis in the EBO-PEP trial, led by ALIMA, aiming to enroll roughly 1,000 asymptomatic contacts aged 12+ who had exposure within the past five days; half will receive placebo. Participants are followed daily for 21 days, with a final 42-day check; those who develop symptoms receive supportive therapy. If effective, the drug could interrupt transmission sooner than vaccines. The study partners include Congo's National Institute for Biomedical Research and France's ANRS for Emerging Infectious Diseases. Congo is also vaccinating health workers with Ervebo, which may offer protection against Bundibugyo ebolavirus, though further study is needed.",Yes,Yes,Yes,不明,3,Yes,Yes,Yes,Yes,Yes,5,Yes,Yes,Yes,フランスは治験パートナー（ANRS）としての関与のみで、発生地域ではないため verified_locations から除外した。致死率が高く(約48%)、国際的な治験・支援が進行中であり、継続的な監視と評価が必要。,
aHR0cHM6Ly9sZXBvdGVudGllbC5jZC8yMDI2LzEwLzAzL3JpcG9zdGUtY29udHJlLWVib2xhLWplYW4tbm9lbC1iYXJyb3QtYXBwZWxsZS1hLW1haW50ZW5pci1sYS12aWdpbGFuY2UtYS1idW5pYS8=,PICKUP,DRCにおける第17次エボラアウトブレイクに関する継続中の対応状況であり、国際的関心・支援が明確に示されているため、重症度や拡大リスクの観点からフルRRAへの移行が妥当。,Ebola,Ituri; Bunia; Democratic Republic of the Congo; Republic of France,Ebola response: Jean-Noël Barrot calls for continued vigilance in Bunia - LePotentiel.,Riposte contre Ebola : Jean-Noël Barrot appelle à maintenir la vigilance à Bunia - LePotentiel,2026-10-03T17:52:32+00:00,https://lepotentiel.cd/2026/10/03/riposte-contre-ebola-jean-noel-barrot-appelle-a-maintenir-la-vigilance-a-bunia/,FRENCH,humans,"French Foreign Minister Jean-Noël Barrot visited Bunia, Ituri Province, DR Congo, on 3 October 2026 to urge continued vigilance against Ebola amid the 17th outbreak recorded in the country. He reiterated France’s support to Congolese authorities, UN agencies, humanitarian partners, and health workers as officials pursue containment and prevent a resurgence of virus transmission in the East. Barrot highlighted the need to sustain prevention measures and address factors driving spread. The visit signals international backing as authorities in Ituri strive to curb the outbreak amid health, humanitarian, and security challenges. France has allocated about €13.4 million to Ebola response from January–July 2026 and plans to propose further humanitarian funding increases during forthcoming budget discussions to strengthen ongoing efforts to eradicate Ebola in East DRC.",Yes,No,Yes,不明,2,No,Yes,Yes,Yes,Yes,4,Yes,Yes,Yes,フランスはエボラ対応支援として2026年1-7月に約1340万ユーロを拠出済みで、追加の人道支援資金増額を検討中。第17次アウトブレイクであることから既知の疾患だが、再燃防止と封じ込めが課題として継続している。,
aHR0cHM6Ly9zYW9iZW50b2VtZm9jby5jb20uYnIvZGVuZ3VlLWpvYW8tcGVzc29hLWNvbWJhdGUtYWVkZXMtYWVneXB0aS8=,DISMISS,通常の自治体レベルの予防的ベクター対策活動を報じる内容であり、異常な流行や重症例の急増を示す情報はなく、IHR基準・社会的関心ともに該当しない。,Zika; Chikungunya; Dengue,Paraíba; Federative Republic of Brazil,João Pessoa intensifies the fight against Aedes aegypti in the face of climate risks.,João Pessoa intensifica combate ao Aedes aegypti diante de riscos climáticos,2026-10-03T17:52:21+00:00,https://saobentoemfoco.com.br/dengue-joao-pessoa-combate-aedes-aegypti/,PORTUGUESE,humans; environment; vectors,"João Pessoa, Paraíba, Brazil, is intensifying the fight against Aedes aegypti amid El Niño–driven heat and irregular rainfall, placing the coastal city on maximum alert for dengue, Zika, and chikungunya transmission. The Municipal Health Secretariat expanded vector surveillance and control across the capital, emphasizing integrated, intersectoral action. Environmental Surveillance prioritizes health education in schools, from creches to universities, turning students into community multipliers who identify and eliminate standing water. Field operations are supported by Primary Health Care teams and Community Health Agents who map risk areas and potential containers. When suspected or confirmed cases are notified, teams conduct searches around the patient’s home and workplace to interrupt transmission. Cooperation with Emlur and Seinfra addresses vacant lots and abandoned properties. Residents should seal water tanks, remove tires and bottles, and keep gutters clean. Reports: (83) 3213-7781/7782; Disk Dengue 98825-0549.",No,No,No,No,0,No,不明,Yes,Yes,No,2,No,Yes,No,記事は季節性・気候要因によるデング熱等の媒介蚊対策の通常業務を報じたもので、具体的な症例数や死亡者数の急増、異常なクラスターの情報はない。,
aHR0cHM6Ly93d3cudWtyaW5mb3JtLnVhL3J1YnJpYy13b3JsZC80MTcwNzUzLXUtZHIta29uZ28tdGVzdHV1dC1wcmVwYXJhdC1zby1tb3plLXphcG9iaWdhdGktZWJvbGktcGlzbGEta29udGFrdHUtei1odm9yaW0uaHRtbA==,PICKUP,エボラ出血熱（ブンディブギョ株）の継続的な流行を背景に、WHOが病床不足を警告しており、公衆衛生上重大かつ国際的関心の高い事案であるためフルリスク評価が妥当。,Ebola,Democratic Republic of the Congo,"In the DR Congo, a drug is being tested that could prevent Ebola after exposure to an infected person.","У ДР Конго тестують препарат, що може запобігати Еболі після контакту з хворим",2026-10-03T17:55:00+00:00,https://www.ukrinform.ua/rubric-world/4170753-u-dr-kongo-testuut-preparat-so-moze-zapobigati-eboli-pisla-kontaktu-z-hvorim.html,UKRAINIAN,humans,"Obeldesivir is being tested in the Democratic Republic of the Congo as post-exposure prophylaxis against Ebola caused by Bundibugyo ebolavirus. Over 250 volunteers have enrolled, with a goal of about 1,000 participants including healthcare workers and relatives of confirmed cases. The trial began in July and enrolls adults and children aged 12+ who had contact with a confirmed case within the prior five days but are asymptomatic. Participants are randomized 1:1 to receive Obeldesivir or placebo, with daily monitoring for 21 days and a follow-up at 42 days. If symptoms develop, supportive care is provided. Researchers hope effective prophylaxis could interrupt transmission chains if proven. Context includes WHO warnings of significant bed shortages for Ebola patients in DR Congo. Ebola spreads via direct contact and body fluids, causing fever, diarrhea, and bleeding.",Yes,Yes,Yes,不明,3,Yes,Yes,Yes,Yes,Yes,5,Yes,Yes,Yes,記事は治験に関する内容だが、背景としてエボラ流行とWHOによる病床不足警告が言及されており、エボラ自体は国際的に重大な公衆衛生上の脅威であるためPICKUPと判定。,
aHR0cHM6Ly9uZXdzaW5mby5pbnF1aXJlci5uZXQvMjMxNjQ0OC9nb3Z0LWRvY3Rvci11cmdlcy1oaXYtc2NyZWVuaW5nLWFzLXJlY29yZGVkLWNhc2VzLXN1cmdl,DISMISS,HIVは既知の慢性感染症であり、地域的な症例増加の報告に留まる。急性の公衆衛生危機や国際的拡大のリスクは認められず、通常の保健医療対応の範囲内と判断される。,HIV,Soccsksargen; Province of Lanao del Sur; Autonomous Region in Muslim Mindanao; Iligan City; Marawi City; National Capital Region; Republic of the Philippines,,Gov't doctor urges HIV screening as recorded cases surge,2026-10-03T16:39:10+00:00,https://newsinfo.inquirer.net/2316448/govt-doctor-urges-hiv-screening-as-recorded-cases-surge,ENGLISH,humans,"On 2026-10-03, 232 HIV cases have been confirmed since 2022, with 92 currently on treatment at Amai Pakpak Medical Center (APMC) AIDS treatment hub in Iligan City, Marawi City, Lanao del Sur. APMC, a government-run facility, resumed HIV services in 2022 after a temporary suspension. At-risk individuals are encouraged to undergo screening; testing involves a blood sample and is preceded by counseling, with privacy protections and no requirement to line up for medicines. Some patients are referred from outside Lanao del Sur, including Metro Manila. Among the 232 cases, 64 were students; most patients are aged 20–29, with 12 under 20 and the youngest 15. Most confirmed cases involve men who have sex with men; pregnant women are encouraged to test to prevent mother-to-child transmission.",No,No,No,No,0,No,No,Yes,Yes,No,2,No,Yes,No,HIVは性感染症として継続的な公衆衛生課題であり、Bluedotの急性感染症イベント探知の枠組みでは通常シグナルとして扱わない。地域の医療機関による啓発・検査推奨の記事であり、緊急対応を要する事案ではない。,
aHR0cHM6Ly93d3cuZWxiYWxhZC5uZXdzLzcxMjg5MTU=,PICKUP,"DRCで8,376例・4,000人超の死者を出す大規模エボラ流行が継続しており、国際社会（フランス）が支援を表明するなど社会的・政治的関心も高いため。",Ebola,Ituri; Bunia; Democratic Republic of the Congo; Republic of France,France pledges to bolster its support in the fight against the Ebola outbreak in the Democratic Republic of the Congo.,فرنسا تتعهد بتعزيز دعمها لمكافحة تفشي إيبولا في الكونغو الديمقراطية,2026-10-03T17:44:52+00:00,https://www.elbalad.news/7128915,ARABIC,humans,"As of 3 October 2026, Ebola remains a major outbreak in eastern Democratic Republic of the Congo, with 8,376 confirmed infections since 15 May and more than 4,000 deaths, according to Congolese health authorities. The epicenter includes Bunia in Ituri Province. France's Foreign Minister Jean-Noel Barrot visited Bunia and announced Paris will propose additional humanitarian funding for the Ebola response in the upcoming French budget discussions. France had previously allocated €13.4 million for Ebola control in DRC from January to July this year. Barrot warned of a possible resurgence and emphasized the need to prevent new waves of transmission in the region.",Yes,No,Yes,不明,2,No,Yes,Yes,Yes,Yes,4,Yes,Yes,Yes,既知の大規模流行の継続報道であり、フランスによる支援表明が主題。フランスは対象国リストに含まれないため除外。,
aHR0cHM6Ly93d3cuYWxldGloYWQuYWUvbmV3cy8lRDglQjklRDglQjElRDglQTglRDklOEEtJUQ5JTg4JUQ4JUFGJUQ5JTg4JUQ5JTg0JUQ5JThBLzQ2OTYyNTIvJUQ4JUE3JUQ5JTg0JUQ5JTgzJUQ5JTg4JUQ5JTg2JUQ4JUJBJUQ5JTg4LSVEOCVBNyVEOSU4NCVEOCVBRiVEOSU4QSVEOSU4NSVEOSU4MiVEOCVCMSVEOCVBNyU=,PICKUP,"DRCで史上最悪規模のエボラ流行（第17波、感染者約8,300人、死者4,018人、致死率48.4%）が7州に拡大し、国際的な外交・支援対応が行われているため、IHR基準・WPRO基準ともに複数該当する重大事案。",Ebola,Bunia; Democratic Republic of the Congo; Republic of France,The Democratic Republic of the Congo: Noel Baro visits the Ebola outbreak area.,الكونغو الديمقراطية: نويل بارو يزور منطقة تفشي إيبولا,2026-10-03T17:41:24+00:00,https://www.aletihad.ae/news/%D8%B9%D8%B1%D8%A8%D9%8A-%D9%88%D8%AF%D9%88%D9%84%D9%8A/4696252/%D8%A7%D9%84%D9%83%D9%88%D9%86%D8%BA%D9%88-%D8%A7%D9%84%D8%AF%D9%8A%D9%85%D9%82%D8%B1%D8%A7%D8%B7%D9%8A%D8%A9--%D9%86%D9%88%D9%8A%D9%84-%D8%A8%D8%A7%D8%B1%D9%88-%D9%8A%D8%B2%D9%88%D8%B1-%D9%85%D9%86%D8%B7%D9%82%D8%A9-%D8%AA%D9%81%D8%B4%D9%8A-%D8%A5%D9%8A%D8%A8%D9%88%D9%84%D8%A7,ARABIC,humans,"On 3 October 2026, French Foreign Minister Jean-Noël Barro toured Ituri Province in eastern Democratic Republic of the Congo, the epicenter of the most deadly Ebola outbreak in the country’s history. The current wave—the seventeenth—has infected about 8,300 people, with 4,018 deaths and 2,162 recoveries, yielding a case fatality rate of 48.4%. Barro visited Bunia, Ituri’s capital, the first European minister to visit since the outbreak began, to assess Ebola treatment centers, their equipment, and surveillance capabilities, and to hear briefings from center managers. France has allocated 13.4 million euros from January through July to aid the response, supporting local authorities and humanitarian workers as the outbreak has spread from Ituri to seven provinces. The article notes the outbreak’s persistence and ongoing international collaboration.",Yes,Yes,Yes,不明,3,Yes,Yes,Yes,Yes,Yes,5,Yes,Yes,Yes,フランス外相の訪問はDRCへの国際支援・関心の表れであり、フランス自体は感染発生国ではないためverified_locationsから除外した。,
aHR0cHM6Ly90aW1lc29maW5kaWEuaW5kaWF0aW1lcy5jb20vY2l0eS9rb2xrYXRhL25vcm92aXJ1cy1vbi1wcm93bC1ob3Nwcy1vcGRzLXN0YXJ0LWdldHRpbmctY2FzZXMvYXJ0aWNsZXNob3cvMTM0NjYzOTk5LmNtcw==,WATCH,コルカタ市内の複数病院でノロウイルス感染症例が増加し重症例（ICU入院）も見られるが、季節性の既知感染症で国際的拡大リスクは低く、続報を注視する段階と判断。,Norovirus; Influenza,West Bengal; Kolkata; Republic of India,,"Norovirus On Prowl; Hosps, OPDs Start Getting Cases",2026-10-03T17:34:00+00:00,https://timesofindia.indiatimes.com/city/kolkata/norovirus-on-prowl-hosps-opds-start-getting-cases/articleshow/134663999.cms,ENGLISH,humans,"Norovirus outbreaks are spreading in Kolkata, with cases reported in at least three hospitals and many OPD patients presenting with dehydration, vomiting, severe gastroenteritis, abdominal cramps and weakness. Norovirus typically causes rapid onset of symptoms within 12–48 hours after exposure and is highly contagious, often spreading via food; outbreaks historically peak in winter. Manipal Hospital Dhakuria has admitted four patients in two weeks, including two in ICU for severe dehydration and kidney involvement; all recovered after IV fluids. BP Poddar Hospital has three admissions and about 47 OPD visits with similar presentations; two elderly patients required IV fluid correction, and pre-existing renal impairment may worsen outcomes. Peerless Hospital has treated 12 norovirus patients, including two children; Charnock Hospital reported several such patients over the last week, with two–three admissions featuring diarrhea, high fever, dehydration and influenza-like symptoms. Ongoing spread across the city underscores need for infection control.",No,No,No,No,0,No,Yes,Yes,Yes,No,3,Yes,不明,No,ノロウイルスは季節性で既知の感染症であり、冬季にピークを迎えることが記事内でも言及されている。複数病院からの報告があり市内で拡大傾向だが、現時点では地域内の公衆衛生対応で管理可能とみられる。続報（症例数の推移、原因食品の特定など）を注視する必要がある。,
aHR0cHM6Ly83c3VyNy5jZC8yMDI2LzEwLzAzL3RzaG9wby1sYW5jZW1lbnQtZHVuLXRvdXJub2ktZGUtcGFpeC1wb3VyLXJlbmZvcmNlci1sYS1jb2hlc2lvbi1ldC1zZW5zaWJpbGlzZXItY29udHJl,DISMISS,本記事はエボラ対応の一環として実施された啓発目的のサッカー大会についての報道であり、新規感染拡大や異常事態の発生を示す情報は含まれていない。,Ebola,Kisangani; Tshopo; Democratic Republic of the Congo,Tshopo: Launch of a Peace Tournament to Strengthen Cohesion and Raise Awareness About Ebola.,Tshopo : lancement d'un tournoi de paix pour renforcer la cohésion et sensibiliser contre Ebola,2026-10-03T17:53:53+00:00,https://7sur7.cd/2026/10/03/tshopo-lancement-dun-tournoi-de-paix-pour-renforcer-la-cohesion-et-sensibiliser-contre,FRENCH,humans,"Officially launched on October 3, 2026 in Kisangani, a Peace Tournament in Tshopo aims to strengthen social cohesion and raise awareness about Ebola Virus Disease (EVD). The football event unites youth while reinforcing ongoing public health messaging amid the Ebola response. Governor Paulin Lendongolia Lebabonga urged participants and spectators to act responsibly and strictly observe preventive measures to protect themselves and others. Officials view football as a vehicle for health education and for promoting unity across Kisangani’s communities. The initiative comes as Ebola control efforts continue in Tshopo, with authorities urging residents to stay vigilant and follow sanitary recommendations to limit transmission.",不明,No,不明,No,0,No,不明,Yes,不明,不明,1,No,Yes,不明,記事はチョポ州（キサンガニ）での既存のエボラ対応活動に関連する啓発イベントについてのもので、新規症例数や感染拡大に関する具体的情報は記載されていない。エボラ対応自体が継続中であることを示す背景情報として参考程度。,
aHR0cHM6Ly93d3cubWFzcmF3eS5jb20vaG93YV93X2h5YS9oZWFsdGgvZGV0YWlscy8yMDI2LzEwLzMvMzA1NzIyOS8lRDglQUQlRDglQjQlRDglQjElRDglQTktJUQ4JUI1JUQ4JUJBJUQ5JThBJUQ4JUIxJUQ4JUE5LSVEOSU4OCVEOCVCMSVEOCVBNyVEOCVBMS0lRDklODUlRDglQjElRDglQjYtJUQ4JUFFJUQ4JUI3JUQ5JTg=,DISMISS,特定の発生事例や異常な流行を報じるものではなく、マラリア媒介蚊の発見史と環境管理による予防策を解説する一般的・教育的な記事であるため。,Malaria,,How the mosquito led scientists to uncover the secret of malaria? | Masrawy,كيف قاد البعوض العلماء إلى اكتشاف سر الملاريا؟ | مصراوي,2026-10-03T18:00:00+00:00,https://www.masrawy.com/howa_w_hya/health/details/2026/10/3/3057229/%D8%AD%D8%B4%D8%B1%D8%A9-%D8%B5%D8%BA%D9%8A%D8%B1%D8%A9-%D9%88%D8%B1%D8%A7%D8%A1-%D9%85%D8%B1%D8%B6-%D8%AE%D8%B7%D9%8A%D8%B1-%D9%83%D9%8A%D9%81-%D8%A7%D9%83%D8%AA%D8%B4%D9%81-%D8%A7%D9%84%D8%B9%D9%84%D9%85%D8%A7%D8%A1-%D8%B3%D8%B1-%D8%A7%D9%84%D9%85%D9%84%D8%A7%D8%B1%D9%8A%D8%A7-,ARABIC,humans; environment; vectors,"Malaria, caused by Plasmodium and transmitted by female Anopheles mosquitoes, is reframed from a solely clinical disease to a public-health and urban-environment issue. The discovery that Anopheles mosquitoes carry the parasite shifted disease control from treating patients to reducing mosquito breeding by targeting stagnant water, drainage, sanitation, and housing design. As reported in The Hindu (India) and summarized by Masrawy, the focus expanded beyond hospitals to vector-control programs and city planning in malaria-endemic regions, underscoring the need to consider human environments in prevention. The narrative highlights collaboration among medicine, engineering, and public health to suppress transmission through protective measures inside homes, community surveillance of water accumulation, and environmental management. Ongoing malaria control today still relies on diagnosis, treatment, bite protection, vector control, and environmental improvements in high-risk areas.",No,No,No,No,0,No,No,No,No,No,0,No,No,No,記事は歴史的・科学的解説記事であり、特定の国での具体的な発生・流行報告ではないため、インドが言及されているが地理的発生事象としては扱わない。,
aHR0cHM6Ly93d3cucG9saXRpa2EucnMvc2NjL2NsYW5hay83OTA1NzUvdmlzZS1vZC0yNTAtbGp1ZGktdS1pc3BpdGl2YW5qdS1sZWthLWtvamktYmktbW9nYW8tZGEtc3ByZWNpLWVib2x1,PICKUP,コンゴ民主共和国で継続中のエボラ出血熱アウトブレイク（Bundibugyoエボラウイルス）に関連し、曝露後予防薬の治験が進行中であることが報告されており、IHR基準の複数（深刻性・国際的拡大リスク・渡航貿易制限リスク）に該当するためフルリスク評価に進むべき。,Ebola,Democratic Republic of the Congo,More than 250 people in a drug trial that could prevent Ebola.,Више од 250 људи у испитивању лека који би могао да спречи еболу,2026-10-03T18:00:39+00:00,https://www.politika.rs/scc/clanak/790575/vise-od-250-ljudi-u-ispitivanju-leka-koji-bi-mogao-da-spreci-ebolu,SERBIAN,humans,"More than 250 people are enrolled in a clinical trial of obeldesivir, an experimental antiviral from Gilead, to prevent Ebola among individuals recently exposed to Bundibugyo ebolavirus in the Democratic Republic of Congo’s current outbreak. The EBO-PEP trial, coordinated by ALIMA, began in July and aims to enroll about 1,000 adults and children over 12 who had contact with a confirmed case within five days but are asymptomatic. The drug is administered as post-exposure prophylaxis; participants are randomized to receive obeldesivir or placebo and followed daily for 21 days, with a final contact at 42 days. If symptoms develop, supportive therapy is provided. The study, conducted in Ituri Province, includes health workers and relatives of patients. Ervebo vaccination is being offered to health workers, though its protection against Bundibugyo remains under investigation. As of Sept 14, 204 participants had been enrolled; recruitment continues.",Yes,No,Yes,Yes,3,No,Yes,Yes,Yes,Yes,4,不明,Yes,Yes,本記事はイトゥリ州における既存のエボラ出血熱アウトブレイク（Bundibugyoエボラウイルス）に対する曝露後予防薬（obeldesivir）の治験進捗報告であり、新規シグナルというより既知のアウトブレイクの継続的動向として扱うべき。ただしエボラの性質上、重症度・国際的懸念は高く、フルリスク評価の対象とする。,
aHR0cHM6Ly9hY3AuY2QvcHJvdmluY2UvZWJvbGEtYS1idW5pYS1zZXB0LWVjb2xlcy1kb3RlZXMtZW4tZXF1aXBlbWVudHMtZGUtcHJldmVudGlvbi8=,PICKUP,エボラ出血熱は致死率が高く公衆衛生上の影響が大きい疾患であり、学校における予防対策の継続的実施と資金不足・外部支援要請が示されているため、進行中のアウトブレイク対応としてフルリスク評価への移行を検討する。,Ebola,Bunia; Democratic Republic of the Congo,Ebola in Bunia: Seven Schools Equipped with Infection-Prevention Equipment - ACP,Ebola à Bunia : sept écoles dotées en équipements de prévention - ACP,2026-10-03T18:10:50+00:00,https://acp.cd/province/ebola-a-bunia-sept-ecoles-dotees-en-equipements-de-prevention/,FRENCH,humans; environment,"On Oct 3, 2026, seven schools in Bunia, Ituri Province, northeastern Democratic Republic of the Congo, were equipped with Ebola infection-prevention tools: ten handwashing basins, ten bars of soap, and one thermoflash per school. Beneficiary sites include CS Bamuhiga, Institut Kabarole, EP Efata, EP Saïo Mohammed, Institut Saïo Mohammed, and Complexe Anerose. Local councilor Olivier Nguna reported a field assessment found high student numbers—500 to 1,000 per school—and insufficient facilities, prompting the distribution. Early observations show improved handwashing access before classes. The initiative emphasizes ongoing sensitization in schools and communities; funding remains limited, with appeals for support from NGOs, government, and response teams to expand to additional schools and Ituri communities.",Yes,No,不明,No,1,No,Yes,Yes,Yes,Yes,4,不明,Yes,Yes,記事は新規症例報告ではなく、既存のエボラ流行下での学校向け予防資機材配布に関する内容。資金不足とNGO・政府・対応チームへの支援要請が明記されている。,
aHR0cHM6Ly91YS5rb3JyZXNwb25kZW50Lm5ldC93b3JsZC80OTE3MDQyLXUta29uaG8tdGVzdHV1aXQtbm92eWktcHJlcGFyYXQtcHJvdHktZWJvbHk=,PICKUP,コンゴ民主共和国イツリ州で進行中のブンディブギョ株エボラ出血熱アウトブレイク（死者3000人超）に関する治験報告であり、IHR基準・WPRO基準とも複数該当するため。,Ebola,Ituri; Democratic Republic of the Congo,A new drug is being tested in Congo against Ebola.,У Конго тестують новий препарат проти Еболи,2026-10-03T18:06:00+00:00,https://ua.korrespondent.net/world/4917042-u-konho-testuuit-novyi-preparat-proty-eboly,UKRAINIAN,humans,"As of 3 October 2026, in the Democratic Republic of Congo, more than 250 people have enrolled in a trial of obeldesivir to prevent Ebola after exposure. The study, launched in July in Ituri Province amid the current Bundibugyo outbreak, aims to enroll about 1,000 participants, including healthcare workers and relatives of infected individuals. Adults and children aged 12 and older who have five days of contact with a confirmed case but are asymptomatic receive obeldesivir; half are randomized to placebo. Participants are followed daily for 21 days. Researchers hope the antiviral could interrupt transmission chains if effective. The outbreak is driven by the Bundibugyo strain, for which no approved specific therapies or vaccines exist; Ervebo is used to vaccinate frontline workers, though its effectiveness against this strain is under study. More than 3,000 deaths have occurred, and Congo has received over 16,000 doses of Ebola vaccine.",Yes,Yes,Yes,不明,3,Yes,Yes,Yes,Yes,Yes,5,Yes,Yes,Yes,記事は新規治療薬(obeldesivir)の治験に関する内容だが、背景にあるブンディブギョ株エボラアウトブレイクは既に大規模（死者3000人超）であり、継続的なモニタリングが必要。既存のRRA対象イベントの可能性が高く、重複確認が望ましい。,
aHR0cHM6Ly9rb3JyZXNwb25kZW50Lm5ldC93b3JsZC80OTE3MDQyLXYta29uaG8tdGVzdHlydXVpdC1ub3Z5aS1wcmVwYXJhdC1wcm90eXYtZWJvbHk=,PICKUP,コンゴ民主共和国でエボラ出血熱の大規模アウトブレイク（死者3000人超）が継続中であり、IHR基準・WPRO基準ともに複数該当するためフルリスク評価が必要。,Ebola,Ituri; Democratic Republic of the Congo,"In Congo, a new drug to treat Ebola is being tested.",В Конго тестируют новый препарат против Эболы,2026-10-03T18:06:00+00:00,https://korrespondent.net/world/4917042-v-konho-testyruuit-novyi-preparat-protyv-eboly,RUSSIAN,humans,"Over 250 people in the Democratic Republic of Congo have joined a trial of obeldesivir, an experimental post-exposure prophylaxis intended to prevent Ebola after contact with an infected person. Initiated in July in Ituri province amid the ongoing outbreak, the study aims to enroll about 1,000 participants, including healthcare workers and relatives of patients. Adults and children aged 12 and older who had contact within five days with a confirmed case but are asymptomatic receive either obeldesivir or placebo for 21 days, with daily monitoring. Researchers hope the drug can interrupt transmission chains if effective. The current outbreak is caused by the Bundibugyo strain, for which no specific drugs or vaccines are approved; Ervebo is used for vaccination but its effectiveness against this strain is still being studied. More than 3,000 deaths have been reported in Congo’s largest Ebola outbreak; Congo has received over 16,000 vaccine doses.",Yes,Yes,Yes,不明,3,Yes,Yes,Yes,Yes,Yes,5,Yes,Yes,Yes,記事はEbola治療薬（obeldesivir）の臨床試験に関する続報だが、背景にあるコンゴ・イトゥリ州でのエボラ・ブンディブギョ株による大規模アウトブレイク（死者3000人超）自体が重大な公衆衛生事象であるためPICKUPと判定。,
aHR0cHM6Ly93d3cud2VzdGVybmpvdXJuYWwuY29tL2Vib2xhLWV4cGxvZGVzLWFmcmljYS1tdWNoLWZhc3Rlci1pbmZhbW91cy0yMDEwcy1vdXRicmVhay8=,PICKUP,"DRCでのブンディブギョ型エボラ流行が8,000人超の症例・CFR48%に達し、史上2番目の規模で急速拡大中。IHR基準の複数（深刻性・異常性・国際拡大リスク・渡航制限）に該当し、米国も渡航者スクリーニングを実施するなど国際的関心・対応が顕在化している。",Ebola,Georgia; Virginia; Atlanta; Dulles Town Center; New York; Democratic Republic of the Congo; United States; Republic of Angola,,Ebola Explodes in Africa Much Faster Than Infamous 2010s Outbreak,2026-10-03T18:00:00+00:00,https://www.westernjournal.com/ebola-explodes-africa-much-faster-infamous-2010s-outbreak/,ENGLISH,humans,"Bundibugyo Ebola virus is spreading in the Democratic Republic of the Congo (DRC) with 8,000+ confirmed cases and 3,799 deaths (case fatality rate 48%). The outbreak is the second-largest on record, expanding at a pace rivaling the West Africa crisis of the early 2010s. The May start surpassed 1,000 confirmed cases within 40 days, much faster than the 2018 DRC outbreak (235 days). The U.S. has committed over $1 billion for response, with more than 500 CDC staff (over 120 deployed) handling surveillance, contact tracing, testing, infection prevention, border health, clinical guidance, and community engagement. From May 21–Sept 21, CDC screened over 15,000 travelers at Dulles, JFK, and Atlanta under Title 42, due to a 21-day incubation. Gavi funds ~US$50M for experimental vaccines; the BRAVO study involved 20,000 frontline doctors with Ervebo, and 70,000 Ervebo doses were delegated to Congolese authorities, though effectiveness against Bundibugyo is unproven.",Yes,Yes,Yes,Yes,4,Yes,Yes,Yes,Yes,Yes,5,Yes,Yes,Yes,発生地域にGeorgia州、Virginia州、Atlanta、Dulles、New York、United States、Angolaが含まれているが、これらは渡航者スクリーニングや資金拠出の文脈であり、実際の感染発生地はDRCのみ。Angolaは対象国リストに含まれないため除外。,
aHR0cHM6Ly93d3cuYmFuZC5jb20uYnIvbmFjaW9uYWwvYmEvY2Fzb3MtZGUtY2hpa3VuZ3VueWEtZGlzcGFyYW0tbm8tcGFpcy1lLWV4aWdlbS1wcmV2ZW5jYW8tY29udHJhLW8tYWVkZXMtYWVneXB0aQ==,PICKUP,バイーア州で365%増、全国で6万6千件超のチクングンヤ疑い例が報告され、エルニーニョによる媒介蚊増殖の懸念もあり、流行性・持続曝露の観点から社会的関心も高いためフルリスク評価が妥当。,Zika; Chikungunya; Dengue,Bahia; São Paulo; Sergipe; Ceará; São Paulo; Federative Republic of Brazil,Chikungunya cases surge nationwide and call for prevention against Aedes aegypti | Portal Band,Casos de chikungunya disparam no país e exigem prevenção contra o Aedes aegypti | Portal Band,2026-10-03T08:30:00+00:00,https://www.band.com.br/nacional/ba/casos-de-chikungunya-disparam-no-pais-e-exigem-prevencao-contra-o-aedes-aegypti,PORTUGUESE,humans; vectors; environment,"As of 3 October 2026, chikungunya in Bahia has surged 365% this year, quadrupling; nationwide, Brazil reports over 66,000 probable chikungunya infections per the Ministry of Health. Chikungunya is transmitted by Aedes aegypti. The outlook worsens with the anticipated super El Niño in the second half of the year, causing alternating heavy rainfall and intense sun that promote standing water and litter, facilitating vector proliferation. Infectious disease specialist Claudilson Bastos warns El Niño may also aid urban mosquito invasion amid deforestation. The Health Ministry notes potential rises in other Aedes-borne arboviruses, including dengue and Zika. A new preventive front includes a pilot vaccination campaign in about ten priority cities across São Paulo, Sergipe, Ceará and Minas Gerais, with roughly 48,000 doses in the initial phase. Ongoing prevention emphasizes eliminating standing water and regular use of repellents to guard against chikungunya, dengue, and Zika.",No,不明,No,No,0,Yes,不明,Yes,Yes,No,3,Yes,Yes,No,記事はブラジル国内（バイーア州、サンパウロ州、セルジペ州、セアラ州等）に限定した報道で、国際的拡大や渡航制限の兆候は見られない。デング熱・ジカ熱も同時流行の懸念があるが、本記事の主題はチクングンヤ熱の国内急増。,
aHR0cHM6Ly9tYW5naXNoLm5ldC8lRDklODElRDglQjElRDklODYlRDglQjMlRDglQTctJUQ4JUFBJUQ4JUI5JUQ4JUIyJUQ4JUIyLSVEOCVBRiVEOCVCOSVEOSU4NSVEOSU4NyVEOCVBNy0lRDklODQlRDklODUlRDklODMlRDglQTclRDklODElRDglQUQlRDglQTktJUQ4JUE1JUQ5JThBJUQ4JUE4JUQ5JTg4JUQ5JTg0JUQ4JUE=,PICKUP,"DRCにおけるエボラ流行は8,376症例・4,000人以上の死者という重大な公衆衛生上の影響があり、国際支援（フランスの資金提供）も行われていることからIHR基準・WPRO基準ともに複数該当する。",Ebola,Ituri; Bunia; Democratic Republic of the Congo; Republic of France,France steps up its support for the fight against Ebola in the Democratic Republic of the Congo.,فرنسا تعزز دعمها لمكافحة إيبولا في الكونغو الديمقراطية,2026-10-03T18:17:12+00:00,https://mangish.net/%D9%81%D8%B1%D9%86%D8%B3%D8%A7-%D8%AA%D8%B9%D8%B2%D8%B2-%D8%AF%D8%B9%D9%85%D9%87%D8%A7-%D9%84%D9%85%D9%83%D8%A7%D9%81%D8%AD%D8%A9-%D8%A5%D9%8A%D8%A8%D9%88%D9%84%D8%A7-%D9%81%D9%8A-%D8%A7%D9%84%D9%83/,ARABIC,humans,"France pledges additional humanitarian funding to Ebola response in the Democratic Republic of the Congo as infections surge in the east. Visiting Bunia in Ituri Province, Foreign Minister Jean-Noël Barrot said Paris will provide further humanitarian financing for Ebola control, to be considered in the forthcoming French budget. Since the outbreak began on 15 May, DRC health authorities report 8,376 Ebola cases and over 4,000 deaths, underscoring the severe regional impact. France has previously allocated €13.4 million between January and July 2026 for Ebola response. Barrot warned that resurgence is possible and emphasized the urgent need to prevent new waves. The new French support aims to bolster efforts to contain the outbreak and save lives in the DRC.",Yes,Yes,Yes,不明,3,Yes,Yes,Yes,Yes,Yes,5,Yes,Yes,Yes,フランスは資金提供国であり発生地域ではないため verified_locations から除外。既存の大規模エボラ流行（5月15日発生、致死率約48%）に対する国際支援の継続・強化を示す記事。,
aHR0cHM6Ly90aW1lc29maW5kaWEuaW5kaWF0aW1lcy5jb20vY2l0eS9jaGFuZGlnYXJoL3ZldC10ZWFtLWZvcm1lZC10by10cmVhdC1sc2QtaGl0LWNhdHRsZS1pbi1oaXNhci1mYWNpbGl0eS9hcnRpY2xlc2hvdy8xMzQ2NjQ0OTYuY21z,DISMISS,ランピースキン病は牛のみに影響する動物疾病であり、ヒト感染リスクがなく公衆衛生上の深刻な影響は認められない。地域的な家畜対応事案として既に対応が進んでいる。,Lumpy Skin Disease,Union Territory of Chandigarh; Chandīgarh; Republic of India,,Vet team formed to treat LSD-hit cattle in Hisar facility,2026-10-03T18:09:00+00:00,https://timesofindia.indiatimes.com/city/chandigarh/vet-team-formed-to-treat-lsd-hit-cattle-in-hisar-facility/articleshow/134664496.cms,ENGLISH,animals; vectors,"Lumpy skin disease (LSD) has prompted containment in Hisar, where a six-member veterinary team was formed to examine and treat cattle at a temporary isolation centre near Radha Swami Ashram on Kamry Road. The team, comprising Dr Naveen, Dr Sanjay, Dr Meetu, Dr Balwant, Dr Gurmel and Dr Anoop, would visit the centre every morning and evening for the next seven days and collect samples for testing. The facility houses 23 LSD-infected cattle, of which seven have died, according to the deputy director of animal husbandry. Operators were advised not to bring more LSD-infected animals from other locations, and livestock owners were urged to vaccinate unvaccinated cattle and avoid damp surroundings. Mosquito nets and smoke-based mosquito control are recommended during morning and evening hours. Owners should report symptoms promptly and avoid moving infected cattle. Organisers say the facility still requires medicines, green fodder, jaggery, turmeric powder, ajwain, desi ghee and porridge, and seek support to construct a shed.",No,No,No,不明,0,No,No,No,No,No,0,No,No,No,ランピースキン病はヒトに感染しない牛の感染症であり、公衆衛生イベントとしての優先度は低い。農業・畜産分野の問題として対応中。,
aHR0cHM6Ly93d3cuZWxpbXBhcmNpYWwuY29tL21leGljby8yMDI2LzEwLzAzL2Vib2xhLWVuLWxhLXJkYy1zdXBlcmEtbGFzLTQtbWlsLW11ZXJ0ZXMtcXVlLXNlLXNhYmUtZGVsLXZpcnVzLXktcG9yLXF1ZS1lc3RlLWJyb3RlLXByZW9jdXBhLw==,PICKUP,"DRCにおけるエボラ(ブンディブギョ株)の大規模流行で、8,300例・4,018人死亡、致死率約48%、7州63保健地域に拡大しており、IHR基準・WPRO基準ともに複数該当するためフルRRAへ進むべきシグナルと判断。",Ebola; Malaria; Typhoid,Tshopo; South Kivu Province; Bas Uele; Haut Uele; Mangbwalu; Province du Sud-Ubangi; Ituri; Democratic Republic of the Congo,"Ebola in the DRC has surpassed 4,000 deaths: what is known about the virus and why this outbreak is worrying.",Ébola en la RDC supera las 4 mil muertes: qué se sabe del virus y por qué este brote preocupa,2026-10-03T18:08:21+00:00,https://www.elimparcial.com/mexico/2026/10/03/ebola-en-la-rdc-supera-las-4-mil-muertes-que-se-sabe-del-virus-y-por-que-este-brote-preocupa/,SPANISH,humans,"Ebola outbreak in the Democratic Republic of the Congo (DRC) is caused by Bundibugyo virus, with 8,300 confirmed cases and 4,018 deaths (case fatality ~48.4%), surpassing the 2018–2020 outbreak. Declared May 15, 2026 in Ituri province after Bundibugyo virus disease cases were identified, initially in Mongbwalu. By Sept 25, transmission had spread to 63 health zones across seven provinces: Bas-Uele, Haut-Uele, Ituri, North Kivu, South Kivu, Sud-Ubangi and Tshopo. WHO notes the surge amid insecurity, displacement, and limited health access. Bundibugyo, a less-studied Orthoebolavirus, has no approved vaccine or specific treatment; current response is supportive care. As of Sept 23, WHO reported 7,890 cases and 3,799 deaths. Vaccines like Ervebo (Zaire ebolavirus) are being explored in trials for potential cross-protection, but efficacy against Bundibugyo is unproven. Transmission requires contact with infected bodily fluids; early symptoms mimic malaria, typhoid, and meningitis; lab confirmation is essential.",Yes,Yes,Yes,不明,3,Yes,Yes,Yes,Yes,Yes,5,Yes,Yes,Yes,ワクチン未承認・治療法未確立のブンディブギョ株による大規模流行であり、治安不安・住民避難・医療アクセス制限が感染拡大を助長している点がWHOにより指摘されている。既存ワクチン(Ervebo)の交差防御効果は未確認。,
aHR0cHM6Ly93d3cub2theW5ld3MuY29tL2NvbmdvLWVib2xhLW9iZWxkZXNpdmlyLWViby1wZXAtcHJldmVudGlvbi10cmlhbC8=,PICKUP,DRCイツリ州で継続中のエボラ（Bundibugyoエボラウイルス）アウトブレイクに対する曝露後予防薬治験の報告であり、IHR基準（深刻性・異常性・国際拡大リスク）の複数該当とWPRO基準の多数該当により、進行中のアウトブレイクの深刻度を踏まえフルRRAでの確認が妥当。,Ebola,Kigali Province; Ituri; Democratic Republic of the Congo; Republic of Rwanda,,Congo Trial Tests Ebola Prevention Pill Among High-Risk Contacts,2026-10-03T18:31:27+00:00,https://www.okaynews.com/congo-ebola-obeldesivir-ebo-pep-prevention-trial/,ENGLISH,humans,"DR Congo's Ituri province (Rwampara) hosts the EBO-PEP trial evaluating obeldesivir, an oral antiviral by Gilead, as post-exposure prophylaxis against Bundibugyo ebolavirus. As of Oct 3, 2026, more than 250 participants have enrolled; first participant on July 16; a Sept 18 update counted over 200. The study aims to enroll nearly 1,000 adults and children over 12 who had high-risk contact with a confirmed case within five days and are asymptomatic. In a randomized design, about half receive a placebo; the other half receive obeldesivir to determine if infection can be prevented after exposure. Participants are followed daily for 21 days, with a final visit at 42 days. Coordinating sponsor ALIMA and co-sponsor ANRS Emerging Infectious Diseases note the trial amid pressures on Congo’s Ebola care capacity.",Yes,Yes,Yes,不明,3,Yes,Yes,Yes,Yes,Yes,5,不明,Yes,Yes,記事は進行中のエボラアウトブレイクに対する治験（EBO-PEP試験、Gilead社の obeldesivir）の進捗報告であり、新規感染拡大の一次報告ではない。発生地域にルワンダ（Kigali Province）が含まれるが、記事サマリーには言及がなく、現時点ではDRC（イツリ州）のみを確認地域とした。続報でルワンダへの拡大有無を注視する必要あり。,
aHR0cHM6Ly93d3cudW5pbGFkLmNvbS9uZXdzL2hlYWx0aC93b21hbi1kaWVzLXBuZXVtb25pYy1wbGFndWUtZXBpZGVtaWMtbWVhc3VyZXMtcnVzc2lhLTY2NTQ5Ny0yMDI2MTAwMw==,PICKUP,ロシア・イルクーツクの抗ペスト研究所職員が肺ペストで死亡した疑いがあり、189人が入院観察下に置かれ病院が隔離されるなど、重大な公衆衛生対応が取られているため。,Pneumonic Plague; Plague,Irkutskaya Oblast’; Irkutsk; Shelekhov; Russian Federation,,"Pneumonic plague outbreak warning over suspected death of lab worker, 28, triggering anti-epidemic measures",2026-10-03T18:26:18+00:00,https://www.unilad.com/news/health/woman-dies-pneumonic-plague-epidemic-measures-russia-665497-20261003,ENGLISH,humans; vectors,"Pneumonic plague suspected after 28-year-old Daria Shipilova, a lab technician at the Irkutsk Anti-Plague Institute in Siberia, dies in Shelekhov near Irkutsk on Oct 2. Authorities deploy full anti-epidemic measures. 197 potential contacts identified; 189 hospitalised for observation and preventive measures. Shelekhov hospital placed under quarantine; lab tests suspended; no new admissions or discharges. The death is attributed to pneumonic plague, a form that infects the lungs and can spread via respiratory droplets; rapid progression can be fatal. Possible infection sources under investigation: a broken test tube containing plague pathogen in the lab, per local media, or exposure after returning from Thailand, per other reports. Plague is caused by Yersinia pestis and is typically treatable with antibiotics if detected early.",Yes,Yes,不明,不明,2,Yes,Yes,不明,Yes,不明,3,Yes,Yes,不明,発生地域はロシア（イルクーツク）であり、対象国リストに含まれない。タイは感染源の可能性として言及されているが、実際の発生地・死亡例はロシア国内であるため verified_locations には含めない。,
aHR0cHM6Ly9lcG9jaHRpbWVzdHIuY29tL2luZGV4LnBocC9rb25nb2RhLWVib2xhLXNhbGdpbmluZGEtY2FuLWtheWJpLTQtYmluaS1hc3Rp,PICKUP,"DRCでのエボラ（ブンディブギョ株）流行は死者4,018人・感染者8,300人超に達し、複数州に拡大、MSF職員の国際移動による越境感染リスクも発生しており、IHR基準複数該当のためフルRRAへ進むべき。",Ebola,Tshopo; South Kivu Province; Bas Uele; Haut Uele; Ituri; Democratic Republic of the Congo; Kingdom of the Netherlands; Republic of Angola,"Death toll from the Ebola outbreak in Congo surpasses 4,000.",Kongo'da Ebola Salgınında Can Kaybı 4 Bini Aştı,2026-10-03T18:22:19+00:00,https://epochtimestr.com/index.php/kongoda-ebola-salgininda-can-kaybi-4-bini-asti,TURKISH,humans,"Death toll from the Democratic Republic of the Congo Ebola outbreak (Bundibugyo ebolavirus) reaches 4,018 with 8,300 confirmed cases and over 2,000 recoveries as of October 2, 2026. The outbreak remains active across North Kivu, South Kivu, Haut-Uele, Bas-Uele, Ituri, Tshopo, and South Ubangi, though WHO reported a decline in Ituri last month. North Kivu accounted for about 40% of new cases in September, up from 24% at end-August, with new focal points complicating control. One MSF staff member tested positive and traveled to the Netherlands for treatment. No approved therapy exists for Bundibugyo ebolavirus, though WHO vaccine development continues and an August-targeted vaccination program for health workers has begun. Conflict, poor roads, and damaged infrastructure, plus mistrust and armed-group clashes, hinder access and response. Background: 2018–2020 Congo outbreak caused 2,299 deaths; 2014–2016 West Africa outbreak infected >28,600 with >11,000 deaths.",Yes,Yes,Yes,不明,3,Yes,Yes,Yes,Yes,Yes,5,Yes,Yes,Yes,発生地域にNetherlandsとAngolaが含まれるが、記事の主題はDRC国内の流行拡大であり、オランダはMSF職員の治療目的の渡航先、アンゴラは明記なしのためverified_locationsから除外。,
aHR0cHM6Ly90aW1lc29maW5kaWEuaW5kaWF0aW1lcy5jb20vY2l0eS90cmljaHkvdHJpY2h5LWNvcnBvcmF0aW9uLXRvLWNyZWF0ZS1kb29yLXRvLWRvb3ItZGVuZ3VlLWF3YXJlbmVzcy9hcnRpY2xlc2hvdy8xMzQ2NjQ3NjkuY21z,DISMISS,モンスーン前の通常の蚊媒介性疾患対策・啓発活動に関する記事であり、異常な発生や公衆衛生上の深刻な影響を示す情報はない。,Scrub Typhus; Malaria; Leptospirosis; Dengue,Tiruchirappalli; State of Tamil Nādu; Republic of India,,Trichy corporation to create door-to-door dengue awareness,2026-10-03T18:36:00+00:00,https://timesofindia.indiatimes.com/city/trichy/trichy-corporation-to-create-door-to-door-dengue-awareness/articleshow/134664769.cms,ENGLISH,humans; vectors,"Trichy corporation organized an advisory meeting to train mosquito control workers and raise public awareness about dengue and other mosquito-borne diseases ahead of the northeast monsoon. District epidemiologist Dr P Mathivanan and district malaria officer Dr P Murugesan led the training, stressing intensified fever surveillance, preventive measures, and special attention to vacant plots, locked houses, and construction sites. Workers will conduct door-to-door visits of homes, commercial complexes, and construction sites to identify and destroy breeding sources such as containers, tyres, and coconut shells. Larvicides will be sprayed in water bodies, and fogging operations intensified on a rotational basis. The program also prioritizes preventing scrub typhus and leptospirosis. Prizes were distributed to top-performing mosquito control workers. The meeting was chaired by city health officer Dr M Karthikeyan.",No,No,No,No,0,No,不明,No,No,No,0,No,No,No,季節性の予防的啓発活動であり、具体的な症例数や異常な増加の報告はない。,
aHR0cHM6Ly93d3cudHJpYnVuZWluZGlhLmNvbS9uZXdzL3BhdGlhbGEvdGltZWx5LXRyZWF0bWVudC1rZXktdG8tdGItbXVrdC1iaGFyYXQtZXhwZXJ0cy8=,DISMISS,学会（NATCON 2026）における専門家の啓発的発言であり、新規アウトブレイクや異常な公衆衛生事象の報告ではないため。,Tuberculosis,State of Haryāna; State of Punjab; New Delhi; Patiāla; Rohtak; National Capital Territory of Delhi,,Timely treatment key to TB-Mukt Bharat: Experts - The Tribune,2026-10-03T18:50:40+00:00,https://www.tribuneindia.com/news/patiala/timely-treatment-key-to-tb-mukt-bharat-experts/,ENGLISH,humans,"At the 81st NATCON 2026 in Patiala, Government Medical College, leading Indian TB and chest-disease specialists urged early diagnosis, newer medicines, and precision-based care to achieve a TB-Mukt Bharat. Delegates from AIIMS New Delhi, PGIMER Chandigarh, and PGIMS Rohtak highlighted advances in TB testing/management and interstitial lung diseases (ILD) diagnostics, stressing prompt treatment and tackling drug-resistant TB. Public awareness was emphasized; individuals with persistent cough, prolonged fever, or unexplained weight loss should seek evaluation promptly. Notable experts included Rohit Bhatia (AIIMS), and pulmonologists Ashutosh N Aggarwal, Sahajal Dhooria (PGIMER), and Dhruva Chaudhary (PGIMS Rohtak). Three senior doctors—Ajith Kumar, Uma Devi, and Rohit Bhatia—were honored with orations. Dr Bhatia spoke on tubercular meningitis, calling for regimen reviews to reduce mortality and long-term complications, alongside broader improvements in early TB detection and patient care.",No,No,No,No,0,No,No,No,No,No,0,No,No,No,記事は結核対策に関する学会発表の内容であり、新規発生や異常事象の報告ではないためDISMISSと判定。結核は既知の流行病であり地域特定の緊急性もない。,
aHR0cHM6Ly9zY2llbm1hZy5jb20vZmV2ZXItdHVybnMtdGhlLXRhYmxlcy1vbi1zbGVlcGluZy1zaWNrbmVzcy1wYXJhc2l0ZXMtc3R1ZHktZmluZHMv,DISMISS,本記事はマウスモデルを用いた基礎研究（発熱とトリパノソーマ原虫の相互作用メカニズム）の紹介であり、実際の感染症アウトブレイク事例ではないため、トリアージ基準に該当しない。,Trypanosoma brucei (gambiense); African Trypanosomiasis,United Kingdom of Great Britain and Northern Ireland,,"Fever Turns the Tables on Sleeping Sickness Parasites, Study Finds",2026-10-03T18:42:01+00:00,https://scienmag.com/fever-turns-the-tables-on-sleeping-sickness-parasites-study-finds/,ENGLISH,animals; humans,"Trypanosoma brucei, the parasite behind African sleeping sickness, is sensitive to fever; in C57BL/6J mice, parasitaemia rises around day 3 post-infection, with fever (days 4–5) coinciding with the rise of the short, transmission-ready stumpy form. Stumpy cells peak at ~75% of parasites, then collapse by day 7 as temperatures normalize. In vitro, stumpy cells survive at tsetse-mimicking 27°C but die rapidly at 39°C; slender forms tolerate heat better. Fever dramatically enhances clearance when combined with antibodies: day-21 plasma plus heat eradicates >99.5% of stumpy cells within 24 h, versus 15–18% survival with either alone. Heat triggers apoptosis-like events via mitochondrial pathways, including upregulation of Metacasp-3, mitochondrial damage, and oxidative stress; >43% show mitochondrial perturbation after 24 h at 37°C, rising to >95% at 39°C. The work, from Sun Yat-sen University and University of Salford, refines view of host fever as a driver of remission during early infection.",No,No,No,No,0,No,No,No,No,No,0,No,No,No,記事は中山大学とサルフォード大学による基礎研究の内容紹介であり、実際の感染症発生地域を示すものではない。発生地域に記載された中国・英国は研究機関の所在地であり、実際の感染事例発生国ではないため verified_locations から除外した。,
aHR0cHM6Ly90aW1lc29maW5kaWEuaW5kaWF0aW1lcy5jb20vY2l0eS9ub2lkYS9naGF6aWFiYWQtcm9sbHMtb3V0LW1vbnRoLWxvbmctZHJpdmUtdG8tY3VyYi1kZW5ndWUtbWFsYXJpYS9hcnRpY2xlc2hvdy8xMzQ2NjQ4NTIuY21z,DISMISS,通常の季節性ベクター媒介感染症対策キャンペーンであり、症例数も少なく、異常性や国際的拡大リスクは見られない。,Leptospirosis; Malaria; Dengue; Scrub Typhus; Unknown Encephalitis,Loni; Dāsna; Khoda; Ghāziābād; State of Rājasthān; Murādnagar; Chhābra Colony; Uttar Pradesh; Republic of India,,"Ghaziabad rolls out month-long drive to curb dengue, malaria",2026-10-03T18:44:00+00:00,https://timesofindia.indiatimes.com/city/noida/ghaziabad-rolls-out-month-long-drive-to-curb-dengue-malaria/articleshow/134664852.cms,ENGLISH,humans; vectors,"Ghaziabad district launches a month-long communicable disease control campaign from Oct 1–31 to curb dengue, malaria and other vector-borne infections, with a Dastak awareness drive Oct 12–31 focusing on communicable diseases and encephalitis. The Ghaziabad Municipal Corporation has deployed around 100 fogging machines, 10 sprinkler units and five power sprayers across vulnerable localities including Mohan Nagar, Shalimar Garden, Vijay Nagar, Crossing Republic, Nandgram, Vasundhara, Khoda, Loni, Muradnagar and Dasna. An awareness rally at Joint District Hospital in Sanjay Nagar marked the campaign’s launch, with the chief medical officer flagging off activities alongside health, education, municipal departments, schoolchildren and Civil Defence cadets. District data report 31 dengue cases and 21 malaria cases, plus 4 scrub typhus and 3 leptospirosis. The initiative emphasizes early identification and prevention, eliminating stagnant water to reduce transmission, with awareness and surveillance across the district through October.",No,No,No,No,0,No,No,No,No,No,0,No,Yes,No,地方自治体による定例的な予防活動（防疫噴霧、啓発活動）であり、症例数（デング31、マラリア21、scrub typhus 4、レプトスピラ3）も局地的かつ小規模。地域行政の通常業務の一環と判断。,
aHR0cHM6Ly93d3cuYXJnYWFtLmNvbS9hci9hcnRpY2xlL2FydGljbGVkZXRhaWwvaWQvMTk0MTA0MA==,PICKUP,DRCでのエボラ再燃リスクとフランスでの関連症例報告が指摘されており、国際的拡大や深刻な公衆衛生影響の懸念がIHR基準2項目以上に該当するためフルリスク評価が必要と判断。,Mpox; Mpox Clade I; Mpox Clade II; Ebola,Paris; Bunia; Democratic Republic of the Congo; Republic of France,Minister: France plans to increase funding allocated for Ebola response in Congo.,وزير: فرنسا تعتزم زيادة التمويل المخصص لمكافحة إيبولا في الكونجو,2026-10-03T18:44:36+00:00,https://www.argaam.com/ar/article/articledetail/id/1941040,ARABIC,humans,"France will increase funding for Ebola response in the Democratic Republic of Congo (DRC), warning that Ebola could re-emerge rapidly if containment weakens. French Foreign Minister Jean-Noël Baro visited Bunia in northeastern DRC, where mid-September a laboratory-confirmed monkeypox case was reported. France has allocated 13.4 million euros for Ebola efforts from January to July and plans to propose additional humanitarian funding during upcoming budget discussions. The support encompasses humanitarian aid, medical research, and the PRISMS program launched in 2023. A national humanitarian conference in Paris is scheduled for October 6 to discuss Ebola. Baro commended Congolese authorities, UN agencies, NGOs, and healthcare workers for containment and preventing spread to major urban centers. Responding to questions about a reported case in France, he said there is no need for fear and emphasized fighting the outbreak wherever it appears.",Yes,不明,Yes,不明,2,Yes,Yes,Yes,Yes,Yes,5,Yes,Yes,Yes,記事はコンゴ民主共和国（DRC）のエボラ対応へのフランスの資金支援拡大が主題。ブニアでのMpox症例報告やフランス国内での関連症例への言及もあるが、フランス自体は対象国リストに含まれないため除外。パリでの人道会議（10月6日）も言及されているが、これは支援国側の動きであり発生地域ではない。,
aHR0cHM6Ly93d3cubmQubmwvbmlldXdzL25lZGVybGFuZC8xMzMzNTg4L2luLWxlaWRlbi12ZWNodC1lZW4tZWJvbGFwYXRpZW50LXZvb3Itemlqbi1sZXZlbi1kaXQtaXMtd2F0LXc=,PICKUP,DRCでの進行中エボラ流行（死者4000人超）に関連し、欧州（オランダ）への輸入症例が発生しており、国際的拡大が確認されたため。,Ebola,Leiden; Provincie Zuid-Holland; Democratic Republic of the Congo; Kingdom of the Netherlands,"In Leiden, an Ebola patient is fighting for his life. This is what we know.",In Leiden vecht een ebolapatiënt voor zijn leven. Dit is wat we weten,2026-10-03T18:44:00+00:00,https://www.nd.nl/nieuws/nederland/1333588/in-leiden-vecht-een-ebolapatient-voor-zijn-leven-dit-is-wat-w,DUTCH,humans,"Ebola virus disease is being treated in Leiden, Netherlands, where a male healthcare worker, likely employed by Doctors Without Borders (MSF), is hospitalized at Leiden University Medical Center (LUMC) behind an airlock and under a dedicated care team. He is believed to have been infected in the Democratic Republic of Congo, where MSF operates; the exact transmission route remains unknown. After a confirming test on Thursday night, Ebola was confirmed in the patient. The case arises amid an ongoing Ebola outbreak in the DR Congo, which reported its 4,000th Ebola-related death on Friday, highlighting the outbreak’s severity there. The Leiden patient is under strict isolation with limited information released about his condition or any additional imported cases.",Yes,Yes,Yes,不明,3,Yes,Yes,Yes,Yes,Yes,5,Yes,Yes,Yes,発生地域にオランダ（Leiden）が含まれるが、これは感染者が治療を受けている輸入先国であり、感染源はDRCでの進行中のエボラ流行であるため、対象国としてはDRCのみを検証対象とした。,
aHR0cHM6Ly9zY2llbm1hZy5jb20vY2xlYW4tY2hlbWlzdHJ5LWhpZGRlbi1nZXJtcy1naGFuYXMtYm9yZWhvbGVzLXJldmVhbC1hLWdyb3VuZHdhdGVyLXBhcmFkb3gv,DISMISS,学術的な水質調査研究であり、現在進行中の公衆衛生上の緊急事態や人への感染拡大を示すものではないため、トリアージ対象外と判断。,E. coli,Juaso; Ashanti Region; Accra; Greater Accra Region; Republic of Ghana,,"Clean Chemistry, Hidden Germs: Ghana's Boreholes Reveal a Groundwater",2026-10-03T18:51:20+00:00,https://scienmag.com/clean-chemistry-hidden-germs-ghanas-boreholes-reveal-a-groundwater-paradox/,ENGLISH,environment,"Sixteen boreholes supplying domestic water in Segyemase, Juaso, and Nsuapemso in Ghana's Eastern Region appear chemically pristine (pH 5.38–7.29, conduct. ~173.5 μS/cm, TDS ~135 mg/L; fluoride below 1.5 mg/L). Yet microbiological testing found faecal coliforms and Escherichia coli in two boreholes, implying potential infection risk with an annual probability up to about 58% for the worst source. The study, published in Discover Geoscience, used an integrated framework combining hydrochemical characterization, six water quality/pollution indices, microbiological indicators, ecological risk diagnostics, and quantitative microbial risk assessment; samples were collected September 2022 during the late wet season and analyzed at CSIR-WRI Accra per APHA methods. Hydrochemistry indicates groundwater from Proterozoic Birimian rocks dominated by carbonate dissolution and silicate weathering, with pH strongly linked to bicarbonate (r=0.97) and iron to manganese (r=0.90). Composite indices correlated highly; trace metals pollution index showed a more complex story.",No,No,No,No,0,No,不明,Yes,No,No,1,No,不明,No,本記事は学術研究（2022年9月採取のサンプルに基づく地下水質調査）であり、実際の感染症アウトブレイクの報告ではない。大腸菌汚染による潜在的な感染リスクが指摘されているが、具体的な感染事例や患者数は記載されていない。,
aHR0cHM6Ly9vZWlsZGFmcmlxdWUuY29tLzIwMjYvMTAvMDMvZWJvbGEtcmRjLTQwMTgtbW9ydHMtcGFydGVuYWlyZXMv,PICKUP,"DRCで進行中のエボラ出血熱アウトブレイクが死者4,018人・致死率48.4%・7州63保健地区に拡大しており、深刻な公衆衛生影響と国際的な対応・資金問題を伴うためフルリスク評価が必要。",Ebola,Mutwanga; Province du Sud-Ubangi; Province du Nord-Kivu; Kinshasa City; Ituri; Kinshasa; Democratic Republic of the Congo; United States,"Ebola in the DRC: 4,018 dead; Kinshasa demands accountability from the 97 partners in the response.","Ebola en RDC : 4 018 morts, Kinshasa exige des comptes des 97 partenaires de la riposte",2026-10-03T19:00:45+00:00,https://oeildafrique.com/2026/10/03/ebola-rdc-4018-morts-partenaires/,FRENCH,humans,"Ebola outbreak in the Democratic Republic of Congo has surpassed 4,000 deaths, with 4,018 fatalities and 8,300 confirmed cases reported by the National Institute of Public Health (INSP) on Oct 2. Lethality remains 48.4%. The outbreak, caused by the Bundibugyo strain and declared May 15, spans seven provinces and 63 health zones, from Ituri (the main hotspot) to Sud-Ubangi. By Sept 23, 2,162 recovered, 842 in isolation or hospital, and contact tracing at 80.6%; the WHO noted 83.4% surveillance. In Mutwanga, two women were discharged after 22 and 28 days; Mutwanga zone recorded 15 confirmed cases and 4 deaths; in Beni, 10 more recovered. Kinshasa demands accountability from 97 partners; only 25% have justified funds. The revised 180-day plan costs $1.3B, with commitments around $2.9B since outbreak, including $886M from the US. An accreditation form is now required for field access; Africa CDC calls for full tracing of funds.",Yes,Yes,Yes,不明,3,Yes,Yes,Yes,Yes,Yes,5,Yes,Yes,Yes,米国は資金拠出国として言及されているのみで発生地域ではないため除外。既知のアウトブレイクだが規模拡大と資金説明責任問題が続報として重要。,
aHR0cHM6Ly93d3cuc2FiYS55ZS9hci9uZXdzMzgwMTkxMS5odG0=,PICKUP,エボラ出血熱はIHR基準に複数該当する重大疾患であり、DRCで新たなホットスポットを伴う継続的な感染が確認されているため、既存アウトブレイクの進展として継続的にフルRRA対象とすべき。,Ebola,Democratic Republic of the Congo,Ghebreyesus: Expanding the Ebola response in the Democratic Republic of the Congo is making a difference.,غيبريسوس: توسيع الاستجابة لإيبولا في الكونغو الديمقراطية يحدث فرقاً,2026-10-03T19:27:21+00:00,https://www.saba.ye/ar/news3801911.htm,ARABIC,humans,"As of 3 October 2026, World Health Organization Director-General Tedros Adhanom Ghebreyesus says expanding the Ebola response in the Democratic Republic of the Congo is making a difference. He notes that new supplies, strengthened logistics, and support for frontline teams are advancing treatment, surveillance, laboratory services, and infection prevention in affected communities. Transmission remains ongoing with new hotspots, underscoring the need to sustain and widen the response, invest in field capacity, increase health workers, boost surveillance, expand access to care, provide safe and dignified burials, and strengthen community engagement. Progress remains fragile and cannot be taken for granted. WHO will continue to support the DRC government and partners with technical expertise, operational leadership, and delivery of essential supplies, stressing that sustainable investment and solidarity are crucial to protecting communities, saving lives, and ending the outbreak. Gratitude was expressed to all supporting partners delivering vital supplies and equipment.",Yes,No,Yes,不明,2,No,Yes,Yes,Yes,Yes,4,Yes,Yes,Yes,既知の進行中エボラアウトブレイクに関するWHO事務局長の声明記事。新規発生ではなく既存事案の経過報告だが、感染継続・新規ホットスポット発生のため引き続き監視・評価が必要。,
aHR0cHM6Ly93d3cubW9uZG9zYW5pdGEuaXQvbmV3cy9zdHVkaS1lLXJpY2VyY2EvMTExMjQxL2luZmV6aW9uaS1kZWwtc2FuZ3VlLW5laS1iYW1iaW5pLWlsLTczLWRlZ2xpLWlzb2xhdGktZGkta2xlYnNpZWxsYS1yZXNpc3RlLWFsLW1lcm9wZW5lbS5odG1s,WATCH,ミャンマー・ヤンゴン小児病院での単一施設の後ろ向き研究に基づく薬剤耐性(AMR)サーベイランスデータであり、急性アウトブレイクではないが、高いメロペネム耐性率とNDM保有率は公衆衛生上懸念される。,E. coli,Yangon; Yangon Region; Union of Burma,Bloodstream infections in children: 73% of Klebsiella isolates are resistant to meropenem.,"Infezioni del sangue nei bambini, il 73% degli isolati di Klebsiella resiste al meropenem",2026-10-03T19:15:00+00:00,https://www.mondosanita.it/news/studi-e-ricerca/111241/infezioni-del-sangue-nei-bambini-il-73-degli-isolati-di-klebsiella-resiste-al-meropenem.html,ITALIAN,humans,"Meropenem-resistant bloodstream infections in children at Yangon Children's Hospital, Myanmar, based on a study published Oct 3, 2026 in Scientific Reports, covering Aug 2023–Jul 2025. Among 4,263 pediatric blood samples (median age 228 days; 765 positive), 160 isolates across five species were analyzed, led by Klebsiella pneumoniae (85 isolates, 53.1%). Overall, 82.5% of the isolates were resistant to at least one antibiotic per WHO GLASS. Meropenem resistance was 72.9% among K. pneumoniae and 38.5% among Escherichia coli. The presence of NDM metallo-beta-lactamase—an enzyme that inactivates many beta-lactams—was detected by rapid testing in 47% of 134 Gram-negative isolates; among 71 meropenem-resistant isolates, 88.7% carried NDM. Authors emphasize rapid diagnostics, antibiograms, infection control, and prudent antibiotic use to guide therapy, noting the findings are from a single pediatric hospital and contextualized within global resistance trends reported by WHO.",不明,不明,No,No,0,Yes,Yes,Yes,Yes,不明,4,No,不明,不明,単一病院(ヤンゴン小児病院)での2023年8月〜2025年7月の研究データであり、急性のアウトブレイク事例ではなくAMRサーベイランス報告。NDM産生菌の高頻度検出は院内感染対策上のリスクを示唆するが、続報や公的機関の対応状況が不明なため経過観察とする。,
aHR0cHM6Ly93d3cuZGlhcmlvZGlnaXRhbC5jb20uYnIvZ2VyYWwvbXV0aXJhby1jb250cmEtby1hZWRlcy1hZWd5cHRpLWNoZWdhLWFvLWpvcXVlaS1jbHViZS1uYS1zZWd1bmRhLWZlaXJh,WATCH,"ブラジル・ドウラードスでチクングニア熱の大規模な症例（確定5,242例、死亡19例）が報告されているが、緊急事態は終了しており、今回の記事は蚊対策の地域活動報告が主題であるため、継続的な経過観察が妥当。",Chikungunya,Federative Republic of Brazil,Aedes aegypti control drive arrives at the Jockey Club on Monday.,Mutirão contra o Aedes aegypti chega ao Jóquei Clube na segunda-feira,2026-10-03T19:17:00+00:00,https://www.diariodigital.com.br/geral/mutirao-contra-o-aedes-aegypti-chega-ao-joquei-clube-na-segunda-feira,PORTUGUESE,humans; vectors; environment,"Chikungunya drive targets Dourados, Brazil, focusing on the Jockey Club neighborhood. A five-day mutirão runs October 5–9, 2026, led by the Municipal Secretariat of Urban Services (Semsur) with Sanesul and the Center for Zoonosis Control (CCZ). Activities combine urban cleaning, waste removal, vegetation maintenance, and population education, including school talks on waste and sewerage; CCZ emphasizes Aedes aegypti prevention and Sanesul on water quality. Residents are urged to keep yards clean, remove containers that collect water, cover water tanks, and dispose of materials that could breed mosquitoes. The effort follows elevated chikungunya activity in the city. As of 2026, Dourados reported 10,633 notified chikungunya cases, 5,242 confirmed, and 19 deaths; authorities say the emergency status has ended, underscoring the importance of eliminating small points of standing water to interrupt transmission.",Yes,No,No,No,1,No,Yes,Yes,Yes,No,3,No,Yes,No,記事はチクングニア熱の蔓延状況そのものよりも、蚊媒介対策活動（清掃・教育）の実施案内が主眼。累計症例数・死亡数は過去データとして言及されており、緊急事態は既に終了済みとされている。,
aHR0cHM6Ly93d3cuc2FiYS55ZS9kZS9uZXdzMzgwMTkyNy5odG0=,PICKUP,エボラ出血熱のアウトブレイクが継続中で新たなホットスポットも出現しており、WHOが対応拡大を継続していることから、深刻な公衆衛生インパクトと国際的拡大リスクを有するシグナルと判断。,Ebola,Democratic Republic of the Congo,Tedros: Expansion of the Ebola response in the Democratic Republic of the Congo is paying off.,Tedros: Ausweitung der Ebola-Bekämpfung in der Demokratischen Republik Kongo zeigt Wirkung,2026-10-03T19:43:38+00:00,https://www.saba.ye/de/news3801927.htm,GERMAN,humans,"As of 3 October 2026, the World Health Organization reports tangible progress from the expanded Ebola response in the Democratic Republic of Congo. New deliveries, strengthened logistics, and on-ground support to response teams are advancing treatment, surveillance, laboratory services, and infection prevention in affected communities. Transmission continues and new outbreak hotspots are emerging, underscoring the need to sustain and broaden measures, increase health personnel, improve access to care, ensure safe and dignified burials, and deepen community engagement. Progress remains fragile and must not be taken for granted. The agency thanks partners mobilizing life-saving supplies and equipment. WHO will continue to assist the DRC government and partners with technical expertise, operational leadership, and delivery of essential goods. Sustainable investment, solidarity, and collective action are essential to protect communities, save lives, and end the Ebola outbreak.",Yes,No,Yes,不明,2,No,Yes,Yes,Yes,Yes,4,Yes,Yes,Yes,既知の継続中アウトブレイクに関するWHO進捗報告。新規発生ではないが、感染継続と新規ホットスポット出現により引き続き監視・フルRRAの対象とすべき。,
aHR0cHM6Ly93d3cudHJpYnVuZWluZGlhLmNvbS9uZXdzL2hpbWFjaGFsL2FncmktdmFyc2l0eS10by1jb25kdWN0LWFkdmFuY2VkLXJlc2VhcmNoLW9uLXpvb25vdGljLXBhcmFzaXRlLw==,DISMISS,実際の感染流行事例ではなく、大学による研究プロジェクトの発表であり、公衆衛生上の緊急性や異常な感染事象は認められない。,Toxoplasmosis,Pālampur; State of Himāchal Pradesh,,Agri varsity to conduct advanced research on zoonotic parasite - The Tribune,2026-10-03T19:51:41+00:00,https://www.tribuneindia.com/news/himachal/agri-varsity-to-conduct-advanced-research-on-zoonotic-parasite/,ENGLISH,humans; environment; animals,"CSKHPKV, Palampur, will conduct advanced research on Toxoplasma gondii at the Dr GC Negi College of Veterinary and Animal Sciences, supported by the ANRF National Post-Doctoral Fellowship (N-PDF). Dr Divya Rattan, under Prof. Subhash Verma, will undertake a nearly two-year proteomic and molecular profiling study, with sanctioned funding of about Rs 27.12 lakh. The N-PDF is a competitive national fellowship supporting high-quality work in animal and public health within the One Health domain. T. gondii infection in sheep and goats can cause abortion, fetal death, stillbirth, and weak offspring; cats are definitive hosts, with oocysts contaminating soil, water, feed, and food. Humans may acquire infection via contaminated food/water, poorly washed vegetables, or undercooked meat, and congenital toxoplasmosis can affect eyes, brain, and nervous system. The project aims to identify proteins and molecular markers and study environmental survival and infectivity to aid surveillance, diagnosis, and control.",No,No,No,No,0,No,No,No,No,No,0,No,No,No,本記事は実際の感染症アウトブレイクではなく、トキソプラズマ症に関する学術研究資金の獲得・研究計画についての報道であるため、シグナルトリアージの対象外と判断した。,
aHR0cHM6Ly93d3cuYXNpYW5ldG5ld3MuY29tL2tlcmFsYS1uZXdzL21pbmlzdGVyLWstbXVyYWxlZWRoYXJhbi1yZWplY3RzLWZld2VyLXNwcmVhZC1pbi1rZXJhbGEtYXJ0aWNsZXNob3ctb21tMnhkeA==,PICKUP,ケララ州でインフルエンザ・デング熱・チクングニア熱の死亡者数が前年比で大幅増加しているにもかかわらず、政府が感染拡大を否定し医薬品不足も深刻であるため、IHR基準・WPRO基準ともに複数該当する。,Smallpox; Influenza; Chikungunya; Dengue,State of Kerala; Republic of India,"Smallpox deaths have surged more than last year; yet the Health Minister, with a strange argument, says, 'There is no transmission!'",പകർച്ചപ്പനി മരണം കഴിഞ്ഞ വർഷത്തേക്കാൾ കുതിച്ചുയർന്നു; എന്നിട്ടും വിചിത്രവാദവുമായി ആരോഗ്യമന്ത്രി; 'വ്യാപനമില്ല!',2026-10-03T19:41:39+00:00,https://www.asianetnews.com/kerala-news/minister-k-muraleedharan-rejects-fewer-spread-in-kerala-articleshow-omm2xdx,MALAYALAM,humans; vectors,"Kerala reports rising influenza, dengue, and chikungunya activity with conflicting government messaging. As of 3 October 2026, 39 new influenza cases and 5 chikungunya cases were reported today; yesterday saw 58 influenza cases, 35 dengue confirmed, and 125 dengue suspects. Year-to-date influenza deaths reach 120 (vs 40 by the same date last year); dengue deaths 43 (vs 33); chikungunya 477 cases this period (vs 18 by October last year). Health Minister K Muraleedharan maintains no transmission, a stance criticized by DMOs who say data are being ignored. Government hospitals face severe medicine shortages; 18 drugs previously acknowledged as scarce, with shortages now affecting lifestyle-disease meds. KMSSL warehouses reportedly lack even doxycycline tablets for smallpox prophylaxis, prompting an emergency board meeting and re-tender actions.",Yes,Yes,No,No,2,Yes,Yes,Yes,Yes,Yes,5,Yes,Yes,不明,疾患名にSmallpoxが含まれるが、記事内容はインフルエンザ・デング熱・チクングニア熱に関するものであり、doxycyclineが『天然痘予防薬』とされる記述は誤情報の可能性が高い。実際の主題はベクター媒介感染症と季節性インフルエンザの急増および医薬品供給不足である。,
aHR0cHM6Ly93d3cudHJpYnVuZWluZGlhLmNvbS9uZXdzL3B1bmphYi9wdW5qYWItZ292dC10by1iZWdpbi1oaXYtaGVwYXRpdGlzLXNjcmVlbmluZy1hdC1kZS1hZGRpY3Rpb24tY2VudHJlcy8=,DISMISS,既知の血液媒介感染症（HIV、B型・C型肝炎）に対する既存の公衆衛生対策の強化策であり、新規または異常な公衆衛生事象ではないため。,Hepatitis B; Hepatitis C; HIV,State of Punjab,,"Punjab Govt to begin HIV, Hepatitis screening at de-addiction centres - The Tribune",2026-10-03T19:58:57+00:00,https://www.tribuneindia.com/news/punjab/punjab-govt-to-begin-hiv-hepatitis-screening-at-de-addiction-centres/,ENGLISH,humans,"Punjab will begin Triple H screening for HIV, Hepatitis B and Hepatitis C at government de-addiction and rehabilitation facilities, integrating testing with addiction treatment under the Yudh Nashean Virudh campaign. The move aims to provide comprehensive care for people with substance-use disorders and curb the spread of blood-borne infections. HIV, Hep B and Hep C spread via high-risk practices such as sharing contaminated needles and syringes, making early detection crucial. Health Minister Balbir Singh noted prior screening camps were irregular (roughly every two months) and lacked robust follow-up. The new approach embeds testing into the de-addiction process to ensure consistent screening and enable referrals for further investigation or treatment. Singh emphasized preventing transmission and aiding reintegration. The government had in August announced adoption of advanced testing technologies—Nucleic Acid Testing (NAT) and Chemiluminescence Immunoassay (CLIA)—to strengthen early detection and blood safety in Punjab.",No,No,No,No,0,No,No,No,No,No,0,No,Yes,No,記事は薬物依存治療施設における既存感染症の定期スクリーニング体制強化を報じる政策ニュースであり、新規アウトブレイクや公衆衛生上の緊急事態ではない。,
aHR0cHM6Ly93d3cuZGluYW1hbmkuY29tL2FsbC1lZGl0aW9ucy9lZGl0aW9uLXZpbGx1cHVyYW0vdmlsbHVwdXJhbS8yMDI2L09jdC8wMy8lRTAlQUUlQjUlRTAlQUUlQkYlRTAlQUUlQjQlRTAlQUYlODElRTAlQUUlQUElRTAlQUYlOEQlRTAlQUUlQUElRTAlQUYlODElRTAlQUUlQjAlRTAlQUUlQUUlRTAlQUYlOEQtJUUwJUE=,DISMISS,デング熱の通常の予防・蚊対策活動に関する行政報告であり、異常な流行や重症例の報告はなく、既存の公衆衛生対応の一環と判断される。,Dengue,Villupuram; State of Tamil Nādu; Chennai; Republic of India,Mosquito control and disease prevention activities intensified in Viluppuram Municipality.,"விழுப்புரம் நகராட்சியில் கொசு ஒழிப்பு, நோய்த் தடுப்புப் பணிகள் தீவிரம்",2026-10-03T20:07:41+00:00,https://www.dinamani.com/all-editions/edition-villupuram/villupuram/2026/Oct/03/%E0%AE%B5%E0%AE%BF%E0%AE%B4%E0%AF%81%E0%AE%AA%E0%AF%8D%E0%AE%AA%E0%AF%81%E0%AE%B0%E0%AE%AE%E0%AF%8D-%E0%AE%A8%E0%AE%95%E0%AE%B0%E0%AE%BE%E0%AE%9F%E0%AF%8D%E0%AE%9A%E0%AE%BF%E0%AE%AF%E0%AE%BF%E0%AE%B2%E0%AF%8D-%E0%AE%95%E0%AF%8A%E0%AE%9A%E0%AF%81-%E0%AE%92%E0%AE%B4%E0%AE%BF%E0%AE%AA%E0%AF%8D%E0%AE%AA%E0%AF%81-%E0%AE%A8%E0%AF%8B%E0%AE%AF%E0%AF%8D%E0%AE%A4%E0%AF%8D-%E0%AE%A4%E0%AE%9F%E0%AF%81%E0%AE%AA%E0%AF%8D%E0%AE%AA%E0%AF%81%E0%AE%AA%E0%AF%8D-%E0%AE%AA%E0%AE%A3%E0%AE%BF%E0%AE%95%E0%AE%B3%E0%AF%8D-%E0%AE%A4%E0%AF%80%E0%AE%B5%E0%AE%BF%E0%AE%B0%E0%AE%AE%E0%AF%8D,TAMIL,humans; vectors,"Dengue prevention efforts are being intensified across Viluppuram Municipality, Tamil Nadu, with an on-site inspection by V. Lokanayaki, Director of the Chennai Medical Education and Research Directorate. All wards are gridlocked with dengue vector-control activities, including a focused review of NSK Nagar in Ward 36. The visit assessed dengue vector-control operations, the scheduling of field personnel, and door-to-door work practices. Lokanayaki urged enhanced awareness among residents about dengue fever and the ongoing vector-control measures, and emphasized cooperation with frontline sanitary workers conducting field activities. The inspection was attended by district health officer S. Senthilkumar, municipal health officer Sripriya, and other health department officials, signaling coordinated district-municipal actions to curb dengue in Viluppuram.""",No,No,No,No,0,No,不明,No,No,No,0,No,Yes,No,記事は季節性デング熱に対する通常の蚊媒介対策活動（防除・啓発）の視察報告であり、感染拡大や異常事態を示す情報は含まれていない。,
aHR0cHM6Ly93d3cubGl2ZWhpbmR1c3Rhbi5jb20vdXR0YXItcHJhZGVzaC9iYWRhdW4vc3RvcnktbWVhc2xlcy1vdXRicmVhay1pbi1rYXRyYS1hcmVhLWNsYWltcy1saXZlcy1vZi10d28tc2libGluZ3MtMjAxNzkxMDU4NDMyNDc1Lmh0bWw=,WATCH,ウッタル・プラデーシュ州の複数村落で麻疹の疑い例・死亡例（未接種の小児2名）が報告されているが、地元保健当局により状況は制御下にあるとされ、国際的拡大の兆候はない。,Measles,Kāsganj; Uttar Pradesh; Budaun; Lucknow; Republic of India,"Badaun News: Health department team reaches Katri, truth about the spread of measles comes to light.","Badaun News: कटरी में पहुंची स्वास्थ्य विभाग की टीम, जानी खसरा फैलने की हकीकत",2026-10-03T20:14:08+00:00,https://www.livehindustan.com/uttar-pradesh/badaun/story-measles-outbreak-in-katra-area-claims-lives-of-two-siblings-201791058432475.html,HINDI,humans,"Measles outbreak in Katri area of Badaun district, Uttar Pradesh, near the Kasganj border. After reports of measles in Nayaji Nagla in Kasganj, two siblings aged 8 and 10 died; their grandmother said neither child had received a measles vaccination. The deaths occurred in Kasganj district, and Kasganj health authorities were notified. In Katri and neighboring villages (Kadarbeadi, Pankhiya Nagla, Gangpur Pukhta), a door-to-door screening identified nine suspected measles cases; five samples were collected and sent to Lucknow for testing, while vitamin A was administered to children. Screenings continued in Din Nagar and Dinpur villages, with 585 households surveyed and urged to maintain regular vaccination. MOIC Kadarchowk was instructed to maintain ongoing vaccination camps in border villages. The government was briefed; the situation is reported under control as of 3 October 2026.",No,No,No,No,0,No,Yes,Yes,Yes,No,3,不明,Yes,No,未接種児童2名の死亡と9例の疑い症例が報告されているが、地元保健局の対応（戸別調査・サンプル採取・ビタミンA投与・ワクチン接種キャンプ）により状況は制御下にあると記載。低接種率地域での麻疹流行は定期的に発生しており、国際的な異常性は認められない。続報を注視する必要あり。,
aHR0cHM6Ly9vbi5nZS9zdG9yeS8xNTk1MzUtJUUxJTgzJTlGJUUxJTgzJTkwJUUxJTgzJTlCJUUxJTgzJTk4JUUxJTgzJTkwJUUxJTgzJTlDJUUxJTgzJTlEJUUxJTgzJTkxJUUxJTgzJTkwLSVFMSU4MyVBMCVFMSU4MyVBMyVFMSU4MyVBMSVFMSU4MyU5NCVFMSU4MyU5NyVFMSU4MyVBOCVFMSU4MyU5OC0lRTElODMlQTglRTE=,PICKUP,ロシア・イルクーツク州で肺ペストによる死亡例が確認され、約200名の濃厚接触者が追跡・隔離されるなどヒト-ヒト感染リスクが懸念されるため、IHR基準・WPRO基準ともに複数該当する。,Pneumonic Plague; Plague,Irkutskaya Oblast’; Irkutsk; Mongolia; Russian Federation,Plague in Russia: the infection caused by the Black Death has killed one person — what do we know?,"""ჟამიანობა"" რუსეთში: შავი ჭირის გამომწვევმა ინფექციამ ერთი ადამიანი იმსხვერპლა -- რა ვიცით",2026-10-03T19:26:10+00:00,https://on.ge/story/159535-%E1%83%9F%E1%83%90%E1%83%9B%E1%83%98%E1%83%90%E1%83%9C%E1%83%9D%E1%83%91%E1%83%90-%E1%83%A0%E1%83%A3%E1%83%A1%E1%83%94%E1%83%97%E1%83%A8%E1%83%98-%E1%83%A8%E1%83%90%E1%83%95%E1%83%98-%E1%83%AD%E1%83%98%E1%83%A0%E1%83%98%E1%83%A1-%E1%83%92%E1%83%90%E1%83%9B%E1%83%9D%E1%83%9B%E1%83%AC%E1%83%95%E1%83%94%E1%83%95%E1%83%9B%E1%83%90-%E1%83%98%E1%83%9C%E1%83%A4%E1%83%94%E1%83%A5%E1%83%AA%E1%83%98%E1%83%90%E1%83%9B-%E1%83%94%E1%83%A0%E1%83%97%E1%83%98-%E1%83%90%E1%83%93%E1%83%90%E1%83%9B%E1%83%98%E1%83%90%E1%83%9C%E1%83%98-%E1%83%98%E1%83%9B%E1%83%A1%E1%83%AE%E1%83%95%E1%83%94%E1%83%A0%E1%83%9E%E1%83%9A%E1%83%90-%E1%83%A0%E1%83%90-%E1%83%95%E1%83%98%E1%83%AA%E1%83%98%E1%83%97,GEORGIAN,vectors; humans,"As of 3 October 2026, Irkutsk Oblast, Russia reports a death from pneumonic plague caused by Yersinia pestis. A 28-year-old woman, Darya Shipilova, was hospitalized in late September and died on 2 October; the infection is pneumonic, though bubon ic and septicemic forms exist. The source is under investigation, with theories including a laboratory sample leak or infection during travel to Thailand or Buriyatia; the patient had been near the Russia–Mongolia border during an expedition. About 197 potential contacts have been traced; 189 were relocated for observation in medical facilities (114 in one hospital, 63 in another, 12 at the plague institute; 8 not hospitalized). Lab tests so far are negative, and no additional cases are confirmed. Governor Igor Kobzev canceled public events and urged calm. WHO (2019–2025) notes ~4,000 suspected cases in 10 countries; Mongolia reported 17 cases, 7 deaths (5 bubonic, 2 septicemic).",Yes,Yes,Yes,不明,3,Yes,Yes,Yes,Yes,No,4,Yes,Yes,不明,発生地はロシア・イルクーツク州であり、対象国リストに含まれない。タイやモンゴルへの渡航歴は感染源の仮説として言及されているのみで、発生地としては確認されていないため verified_locations には含めない。,
aHR0cHM6Ly9qb3JuYWxwYW5vcmFtYW1pbmFzLmNvbS5ici9jYXRhZ3Vhc2VzLXJlZm9yY2EtcHJlcGFyYWNhby1kYXMtZXF1aXBlcy1kZS1zYXVkZS1hcG9zLWlkZW50aWZpY2FjYW8tZG8tc29yb3RpcG8tMy1kYS1kZW5ndWUv,WATCH,新規血清型（サロタイプ3）の局地的な確認により再感染リスクや流行拡大の可能性があるが、現時点で重症例や大規模発生の報告はなく、社会的関心も地域レベルにとどまるため経過観察とする。,Dengue,Federative Republic of Brazil,Cataguases reinforces the preparation of health teams after the identification of dengue serotype 3.,Cataguases reforça preparação das equipes de saúde após identificação do sorotipo 3 da dengue,2026-10-03T20:45:20+00:00,https://jornalpanoramaminas.com.br/cataguases-reforca-preparacao-das-equipes-de-saude-apos-identificacao-do-sorotipo-3-da-dengue/,PORTUGUESE,humans; vectors,"As of 3 October 2026, Cataguases reinforced health-team preparedness after identifying dengue serotype 3. A training session at the UBS do Bairro Paraíso, promoted by the Municipal Health Secretariat and led by Dr. Joseph Freire, targeted Family Health Strategy (ESF) teams, focusing on clinical management, early detection, and care protocols for dengue serotype 3. Serotype 3 was identified for the first time during the September LIRAa survey by the Endemias Control sector, triggering heightened vigilance across the public-health network. Dengue comprises four serotypes; introduction of a new serotype can enable reinfections in people without prior exposure. Public-health measures emphasize vector control, including removing water-holding containers inside homes and in public spaces to reduce Aedes aegypti proliferation. The training aims to strengthen rapid, appropriate responses to dengue cases.",No,不明,No,No,0,Yes,不明,Yes,Yes,No,3,不明,Yes,No,記事はブラジル・カタグアゼス市における新規デング血清型3の確認とそれに伴う医療従事者研修の実施を報じており、症例数や重症度に関する具体的データは記載されていない。,
aHR0cHM6Ly9hdGxhc2luZm8uZnIvamVhbi1ub2VsLWJhcnJvdC1lZmZlY3R1ZS11bmUtdmlzaXRlLWEta2luc2hhc2EtZXQtYnVuaWEtY2VudHJlZS1zdXItbGEtbHV0dGUtY29udHJlLWVib2xhLmh0bWw=,PICKUP,"DRC東部（イトゥリ州ブニア）でのエボラ流行がDRC史上最悪規模（死者4,000人超）とされ、フランス外相の異例の訪問という高い社会的・政治的関心を伴うため、フルRRAに進むべき。",Ebola,Goma; Province du Nord-Kivu; Paris; Kinshasa City; Ituri; Kinshasa; Bunia; Democratic Republic of the Congo; Republic of France,"Jean-Noël Barrot visits Kinshasa and Bunia, focusing on the fight against Ebola.","Jean-Noël Barrot effectue une visite à Kinshasa et Bunia, centrée sur la lutte contre Ebola",2026-10-03T18:13:19+00:00,https://atlasinfo.fr/jean-noel-barrot-effectue-une-visite-a-kinshasa-et-bunia-centree-sur-la-lutte-contre-ebola.html,FRENCH,humans,"Ebola virus disease outbreak in eastern Democratic Republic of Congo (Ituri province, Bunia) is the deadliest on record in the DRC, with Bunia identified as the epicenter and the death toll cited at over 4,000 by press reports. French Minister of Europe and Foreign Affairs Jean-Noël Barrot visited Kinshasa on Oct 2 and Bunia on Oct 3, 2026, to underscore international support for the Ebola response. Barrot is the first European foreign minister to visit the DRC since the outbreak began. In Bunia he was accompanied by Prof. Jean-Jacques Muyembe, director of the INRB and a leading Ebola expert. In Kinshasa, Barrot addressed gender-based violence and met MONUSCO officials. The trip precedes France-led humanitarian discussions at the 7th national humanitarian conference in Paris on Oct 6, and marks Barrot’s second DRC visit within months, following a Jan 30 meeting with President Tshisekedi after Goma’s fall to AFC/M23.",Yes,Yes,不明,不明,2,Yes,Yes,Yes,Yes,Yes,5,Yes,Yes,Yes,"本記事は進行中のエボラ流行に対するフランス外相の外交訪問を報じるもので、死者数4,000人超はDRC史上最悪規模と報じられている。既存流行の継続報道だが、国際支援の動きと社会的関心の高さからPICKUPと判定。フランス（パリ）は発生地域リストに含まれるが、対象国リストにないため除外。",
aHR0cHM6Ly90aGVwcmludC5pbi93b3JsZC9mcmFuY2UtdG8tc3RlcC11cC1lYm9sYS1mdW5kaW5nLWluLWNvbmdvLWFtaWQtcmVzdXJnZW5jZS1mZWFycy1taW5pc3Rlci1zYXlzLzMwNjExNzkv,PICKUP,DRCでのエボラ再燃懸念に加え、フランス国内でのエボラ症例報告があり国際的拡大の兆候が見られるため、フルリスク評価が必要と判断。,Ebola,Paris; Democratic Republic of the Congo; Republic of France,,"France to step up Ebola funding in Congo amid resurgence fears, minister says",2026-10-03T14:00:14+00:00,https://theprint.in/world/france-to-step-up-ebola-funding-in-congo-amid-resurgence-fears-minister-says/3061179/,ENGLISH,humans,"France will boost funding for Ebola response in the Democratic Republic of Congo amid resurgence fears, with Minister Barrot set to propose additional humanitarian funding in upcoming budget discussions. France's response to Ebola has relied on humanitarian aid, medical research, and the PRISM programme launched during President Macron's 2023 visit. A national humanitarian conference in Paris on October 6 will address Ebola. Barrot cautioned that Ebola may seem distant but can return quickly, stressing the need to fight the epidemic where it emerges. He praised Congolese authorities, UN agencies, humanitarian organisations, and medical workers for containing the outbreak and preventing spread to major urban centres in Congo and beyond. The article notes a recent Ebola case reported in France, underlining vigilance rather than fear.",Yes,不明,Yes,不明,2,Yes,Yes,Yes,Yes,Yes,5,不明,Yes,Yes,記事はフランスによるDRCでのエボラ対応資金増額の発表が主題。フランス国内での「最近のエボラ症例」の言及があるが詳細不明のため、続報確認が必要。フランス・パリは対象国リストに含まれないため verified_locations から除外。,
aHR0cHM6Ly93d3cuZGluYW1hbmkuY29tL2FsbC1lZGl0aW9ucy9lZGl0aW9uLXRyaWNoeS90cmljaHkvMjAyNi9PY3QvMDMvaW5zdHJ1Y3Rpb25zLWlzc3VlZC10by1zdGFmZi10by1kZXN0cm95LWJyZWVkaW5nLWdyb3VuZHMtb2YtZGVuZ3VlLW1vc3F1aXRvZXM=,DISMISS,通常の季節的なデング媒介蚊対策活動であり、異常な流行や公衆衛生上の深刻な影響を示す情報はない。,Malaria; Dengue,Tiruchirappalli; State of Tamil Nādu; Republic of India,Instructions to workers to destroy sources of dengue mosquito breeding.,டெங்கு கொசு உற்பத்திக்கான ஆதாரங்களை அழிக்க பணியாளா்களுக்கு அறிவுறுத்தல்,2026-10-03T21:13:00+00:00,https://www.dinamani.com/all-editions/edition-trichy/trichy/2026/Oct/03/instructions-issued-to-staff-to-destroy-breeding-grounds-of-dengue-mosquitoes,TAMIL,humans; vectors; environment,"As of 3 October 2026, in Tiruchirappalli (Trichy), Tamil Nadu, district epidemiologist Dr. Madivannan and District Malaria Officer Murugesan urged dengue vector-control workers to identify and eradicate sources of Aedes breeding to curb dengue spread ahead of the northeast monsoon. A training session for dengue-control staff, health inspectors, and investigators emphasized surveying initial settlements, destroying breeding habitats, and focusing on abandoned or locked houses and under-construction sites. Officials urged intensified fever surveillance and the application of larvicides across all wards, with a cycle of reinforced mosquito-control operations. The coordinated effort aims to preempt a rise in dengue cases, detect and treat affected individuals promptly, and prevent further transmission within the community.",No,No,No,No,0,No,不明,No,No,No,0,No,Yes,No,モンスーン前の予防的な蚊媒介対策活動に関する通常の行政広報であり、感染症流行の兆候は報告されていない。,
aHR0cHM6Ly9zY2llbm1hZy5jb20vcmFyZS1mdW5nYWwtYnJhaW4taW5mZWN0aW9uLXJldmVhbHMtc3RyaWtpbmctY2hyaXN0bWFzLXRyZWUtc2lnbi1vbi1tcmkv,DISMISS,単一症例報告であり、公衆衛生上の深刻な影響や国際的拡大のリスクは認められない。稀な日和見感染の臨床報告であり、シグナルとしての基準を満たさない。,HIV,Zhejiang Sheng; Hangzhou; People's Republic of China,,Rare Fungal Brain Infection Reveals Striking Christmas-Tree Sign on MRI,2026-10-03T21:31:49+00:00,https://scienmag.com/rare-fungal-brain-infection-reveals-striking-christmas-tree-sign-on-mri/,ENGLISH,humans,"As of 3 October 2026 in Hangzhou, China, a 50-year-old woman with hydrocephalus developed intracranial talaromycosis due to Talaromyces marneffei. The infection progressed from meningitis to widespread vasculitis and multiple hemorrhagic cerebral infarcts. Contrast-enhanced MRI showed skull-base meningitis with a Christmas-tree-like pattern and irregular vessel-wall enhancement and luminal irregularities, implicating vasculitis in which vascular occlusion led to infarcts and hemorrhagic transformation. Metagenomic next-generation sequencing of cerebrospinal fluid and blood confirmed T. marneffei, a thermally dimorphic fungus endemic to Southeast Asia and southern China. CNS involvement is rare, historically seen in HIV-infected individuals but increasingly reported in HIV-negative patients. After induction therapy with liposomal amphotericin B 150 mg daily for two weeks, consciousness did not improve, suggesting irreversible vascular/parenchymal damage and antifungal-refractory fungal vasculitis. Prior empiric piperacillin-tazobactam did not target the fungus.",No,No,No,No,0,No,Yes,No,No,No,1,No,No,No,本記事は単一症例の臨床報告（中枢神経系Talaromyces marneffei感染）であり、アウトブレイクや集団感染の兆候はない。Talaromyces marneffeiは東南アジア・中国南部に風土病的に存在する日和見真菌であり、公衆衛生上の緊急性は低い。,
aHR0cHM6Ly90dy5uZXdzLnlhaG9vLmNvbS8lRTUlOEYlQjAlRTUlOEQlOTctMyVFNSVBNCVBOTIlRTUlQTIlODMlRTUlQTQlOTYlRTclQTclQkIlRTUlODUlQTUlRTclOTklQkIlRTklOUQlQTklRTclODYlQjEtJUU2JTg2JTgyJUU4JTk3JThGJUU5JUJCJTkxJUU2JTk1JUI4LTIwMTAwMDg2NC5odG1s,DISMISS,いずれも海外渡航歴のある輸入症例で、現地での地域内感染（ローカル伝播）は確認されていない。公衆衛生上の深刻な影響や国際的拡大のリスクは低く、ルーティンのサーベイランス対応の範囲内と判断される。,Dengue,Tainan; Taiwan; Taiwan,Tainan: Two imported dengue fever cases in three days; concerns about underreported cases.,台南 3天2境外移入登革熱 憂藏黑數,2026-10-03T20:10:00+00:00,https://tw.news.yahoo.com/%E5%8F%B0%E5%8D%97-3%E5%A4%A92%E5%A2%83%E5%A4%96%E7%A7%BB%E5%85%A5%E7%99%BB%E9%9D%A9%E7%86%B1-%E6%86%82%E8%97%8F%E9%BB%91%E6%95%B8-201000864.html,CHINESE,humans; environment,"Two imported dengue fever cases in three days in Tainan, Taiwan, raise concerns about underreported infections as of 2026-10-03. This year has seen 9 imported dengue cases and 0 local transmissions; ROC Year 112 (2023) recorded >20,000 cases, Year 113 (2024) 0 local and 26 imported, Year 114 (2025) 3 local and 22 imported, with Year 2026 to date also 0 local and 9 imported. The Sept 30 case is a Taiwanese woman in her 50s infected during travel in Vietnam; the Oct 2 case is a Filipino man in his 20s who developed fever after arriving in Taiwan and was hospitalized, not entering the community. Public health measures target three markets—Shui Xian Gong Market, Gui Ren Market, and Jin Hua Market—with spraying and surveillance ongoing. Authorities warn of a potentially hidden caseload, enforcing the Infectious Disease Prevention and Control Act, which imposes penalties on clinicians (NT$90,000–NT$450,000) and institutions (NT$300,000–NT$2,000,000) for underreporting. Since April, over 1,600 fines have been issued, mostly NT$3,000, with at least one NT$15,000 fine.""} } } } } } } } } } } } } } )-Note: The extra closing braces are a formatting artifact. The essential summary is provided in the string. } } } } } } } } } } } } } } } } } } } } } } } } } } } } } } } } } } } } } } } } } } } } } } } } } } } } } } } } } } } } } } } } } } } } } } } } } } } } } } } } } } } } } } } } } } } } } } } } } } } } } } } } } } } } } } } } } } } }",No,No,No,No,0,No,No,No,No,No,0,No,No,No,記事の主題は台湾（台南）での輸入性デング熱症例であり、台湾は対象国リストに含まれないため該当なし。渡航歴として言及されたベトナムは発生地ではなく除外。局地的感染は0件であり、既存の罰則強化による過少報告対策の一環として報道されたものと考えられる。,
aHR0cHM6Ly9xbmEub3JnLnFhL2FyLVFBL25ld3MvbmV3cy1kZXRhaWxzP2lkPSVEOCVBOCVEOCVCOSVEOCVBRi0lRDglQUElRDglQUMlRDglQTclRDklODglRDglQjItJUQ5JTg4JUQ5JTgxJUQ5JThBJUQ4JUE3JUQ4JUFBLSVEOCVBNyVEOSU4QSVEOCVBOCVEOSU4OCVEOSU4NCVEOCVBNy00LSVEOCVBNyVEOSU4NCVEOCVBNyU=,PICKUP,"DRC東部で大規模なエボラ流行（8,376症例、死者4,000人超）が継続中で、国際支援（フランス）が投入されており、公衆衛生への深刻な影響と国際的拡大・管理可能性の観点から複数基準に該当する。",Ebola,Ituri; Bunia; Democratic Republic of the Congo; Republic of France,"After Ebola deaths exceed 4,000, France pledges to bolster support for efforts to combat the outbreak in the Democratic Republic of the Congo.",بعد تجاوز وفيات إيبولا 4 آلاف حالة.. فرنسا تتعهد بتعزيز دعم جهود مكافحة الوباء في الكونغو الديمقراطية,2026-10-03T21:50:29+00:00,https://qna.org.qa/ar-QA/news/news-details?id=%D8%A8%D8%B9%D8%AF-%D8%AA%D8%AC%D8%A7%D9%88%D8%B2-%D9%88%D9%81%D9%8A%D8%A7%D8%AA-%D8%A7%D9%8A%D8%A8%D9%88%D9%84%D8%A7-4-%D8%A7%D9%84%D8%A7%D9%81-%D8%AD%D8%A7%D9%84%D8%A9-%D9%81%D8%B1%D9%86%D8%B3%D8%A7-%D8%AA%D8%AA%D8%B9%D9%87%D8%AF-%D8%A8%D8%AA%D8%B9%D8%B2%D9%8A%D8%B2-%D8%AF%D8%B9%D9%85-%D8%AC%D9%87%D9%88%D8%AF-%D9%85%D9%83%D8%A7%D9%81%D8%AD%D8%A9-%D8%A7%D9%84%D9%88%D8%A8%D8%A7%D8%A1-%D9%81%D9%8A-%D8%A7%D9%84%D9%83%D9%88%D9%86%D8%BA%D9%88-%D8%A7%D9%84%D8%AF%D9%8A%D9%85%D9%82%D8%B1%D8%A7%D8%B7%D9%8A%D8%A9&date=3%2F10%2F2026,ARABIC,humans,"Ebola virus disease remains a severe outbreak in eastern Democratic Republic of the Congo, with 8,376 confirmed cases and over 4,000 deaths since the outbreak was declared on May 15. French Foreign Minister Jean-Noël Barro, during a visit to Bunia in Ituri Province, pledged to reinforce France’s support, proposing additional humanitarian funding during France’s upcoming budget discussions. France has previously allocated 13.4 million euros for Ebola response in the DRC from January to July. Barro warned of a potential resurgence and underscored the need to intensify efforts to prevent new waves of transmission.",Yes,Yes,Yes,不明,3,Yes,Yes,Yes,Yes,Yes,5,Yes,Yes,Yes,フランスは発生国ではなく支援国であるため、対象国リストには含めない。発生地域はIturi州Buniaを含むDRCのみが対象国に該当。,
aHR0cHM6Ly93d3cuY2RubmV3cy5jb20udHcvYXJ0aWNsZXMvMTQ2OTQzNA==,WATCH,季節性インフルエンザの急増報告であり、前年比10倍という増加率は注目に値するが、IHR基準には該当せず深刻な公衆衛生上の脅威とは言えない。複数国での流行拡大状況は継続監視が必要。,COVID-19; Human Infection with Swine Influenza A H1N1; Influenza,Tokyo Prefecture; Tokyo; Republic of Korea; United States; Japan; People's Republic of China; Hong Kong Special Administrative Region; Republic of Singapore; Taiwan,"Influenza activity in Japan surges, up tenfold from last year | Zhonghua Daily | Zhonghua News Cloud",日本流感升溫 飆去年10倍 | 中華日報|中華新聞雲,2026-10-03T22:00:47+00:00,https://www.cdnnews.com.tw/articles/1469434,CHINESE,humans,"Japan faces a surge in influenza activity, with nine consecutive weeks of rising cases, led by Okinawa and Tokyo. Across 47 prefectures, 44 report higher counts; A/H1N1 dominates at 98%, aligning with Taiwan’s circulating strain; the affected age group skews elderly, with people aged 70 and over accounting for about 47.5%. In the week ending September 20, sentinel medical institutions nationwide in Japan reported 31,000 influenza cases, averaging 8.48 cases per facility and a 53% increase from the previous week; this is roughly ten times the level of the same period last year. The surge is attributed to Silver Week travel. Outside Japan, influenza activity is rising in the United States, mainland China, Hong Kong, South Korea, and Singapore. Taiwan’s government-funded influenza vaccine program began on October 1; officials urge high-risk groups to vaccinate, noting flu and COVID-19 vaccination can reduce pneumonia and cardiovascular risks.",No,不明,Yes,No,1,Yes,不明,No,Yes,No,2,Yes,不明,No,記事の主題は日本の季節性インフルエンザ流行（A/H1N1優勢、高齢者中心）。対象国リストの中で中国（香港含む）は『流行拡大中』と明示的に言及されているため含めた。日本・韓国・台湾・米国・シンガポールは対象国リストに含まれないため除外。季節性インフルエンザであり、通常のRRA対象というよりは経過観察が妥当。,
aHR0cHM6Ly93d3cuY2RubmV3cy5jb20udHcvYXJ0aWNsZXMvMTQ2OTQzMg==,DISMISS,台湾における輸入デング熱の1例報告であり、既存の対策（検疫・媒介蚊対策）が機能している通常の公衆衛生対応であるため、特段の異常性や国際的拡大リスクは認められない。,Dengue,Kaohsiung; Tainan; Taiwan; Kaohsiung; Republic of Maldives; Malaysia; Republic of the Philippines; Taiwan,Tainan reports ninth imported dengue fever case | Zhonghua Daily | Zhonghua News Cloud,台南增第9例境外移入登革熱 | 中華日報|中華新聞雲,2026-10-03T22:00:33+00:00,https://www.cdnnews.com.tw/articles/1469432,CHINESE,humans; vectors; environment,"A ninth imported dengue fever case in Tainan involves a Filipino male migrant worker in his 20s. He began symptoms September 29, arrived at Kaohsiung Xiaogang Airport on October 1 with a positive NS1 rapid test, was hospitalized in Tainan (Xinshi District) on October 1, and confirmed on October 2. He will remain hospitalized through the viremic phase before returning to the community to reduce transmission risk. Public health teams conducted education and environmental inspections of his residence and workplace, plus vector-control measures to eliminate mosquito breeding sites. As of October 3, Taiwan reports a total of 179 dengue cases: 12 locally transmitted and 167 imported. Imported cases originate mostly from Vietnam, followed by Indonesia, the Philippines, Maldives, and Malaysia.",No,No,No,No,0,No,No,No,No,No,0,No,No,No,本記事の主題は台湾（対象国リスト外）における輸入症例。患者の出身国としてフィリピンが明記されているが、感染地は台湾であり発生国としてのフィリピンへの該当性は低い。参考情報として記載。,
aHR0cHM6Ly93d3cuemVyb2hlZGdlLmNvbS9tZWRpY2FsL3NpYmVyaWFuLXBsYWd1ZS1sYWItZGVhdGgtZHJhd3MtZnNiLWVzY29ydC1hbWJ1bGFuY2Vz,WATCH,ロシア・イルクーツクの研究所職員が肺ペスト疑いで死亡し大規模な接触者隔離が行われているが、対象国との直接的な関連（発生）は確認されておらず、二次感染も未確認のため経過観察とする。,Pneumonic Plague; Plague,Respublika Buryatiya; Irkutskaya Oblast’; Irkutsk; Russian Federation,,Siberian Plague-Lab Death Draws FSB Escort For Ambulances,2026-10-03T22:05:00+00:00,https://www.zerohedge.com/medical/siberian-plague-lab-death-draws-fsb-escort-ambulances,ENGLISH,humans; vectors; animals,"Death of 28-year-old Daria Shipilova, a laboratory assistant at the Irkutsk Anti-Plague Research Institute, triggers a major containment in Irkutsk region, Russia. Shipilova was admitted around Sept 29 with severe pneumonia and died soon after; reports vary on whether a lab accident—breaking a tube of live bacteria—occurred or whether the illness is pneumonic plague, which has not been publicly confirmed. By Oct 2, about 197 contacts were identified, with 189 hospitalized for observation (114 in one facility, 63 in another, 12 at the institute); eight remained outside hospital. No secondary infections have been confirmed; tests reportedly negative. The hospital wing is quarantined and ambulances carrying contacts were reportedly escorted by the FSB, though the agency has not confirmed this. Officials in Irkutsk, Roszdravnadzor, and Rospotrebnadzor are coordinating as investigations continue; competing accounts mention possible exposure abroad (Thailand or Buryatia) and a preliminary criminal case under Article 236.",Yes,Yes,不明,不明,2,Yes,Yes,不明,不明,不明,2,Yes,Yes,不明,発生地域はロシア（イルクーツク州、ブリヤート共和国）であり対象国に該当しない。記事中でタイへの渡航歴（exposure abroad）の可能性が言及されているが、これはロシア人研究員の海外渡航歴の疑惑であり、タイ国内での発生事例ではないため verified_locations には含めない。肺ペストの確定診断は未公表で、二次感染も現時点で確認されていない点に留意。,
aHR0cHM6Ly9vYWx0b2FjcmUuY29tL3Jpby1icmFuY28tZXN0YS1lbnRyZS10cmVzLWNhcGl0YWlzLWNvbS1zaW5hbC1kZS1jcmVzY2ltZW50by1kZS1jYXNvcy1kZS1zcmFnLWFwb250YS1maW9jcnV6Lw==,WATCH,季節性呼吸器疾患（RSV、インフルエンザ、メタニューモウイルス等）のサーベイランス報告であり、複数都市でSARI増加傾向が見られるが、新興感染症や異常事態ではなく通常の季節性サーベイランスの範囲内と考えられる。,Influenza B; Respiratory Syncytial Virus (RSV) Infection; Influenza A; Human Metapneumovirus Infection,Bahia; Acre; Rio Grande; Rio Branco; Rio de Janeiro; Rio de Janeiro; Rio Grande do Sul; Federative Republic of Brazil,"Rio Branco is among three capitals with signs of rising SARI cases, according to Fiocruz.","Rio Branco está entre três capitais com sinal de crescimento de casos de SRAG, aponta Fiocruz",2026-10-03T22:16:38+00:00,https://oaltoacre.com/rio-branco-esta-entre-tres-capitais-com-sinal-de-crescimento-de-casos-de-srag-aponta-fiocruz/,PORTUGUESE,humans,"Rio Branco, Acre, is among three Brazilian capitals with rising SARI (Severe Acute Respiratory Illness) activity and a six-week growth in cases, according to Fiocruz's InfoGripe bulletin up to Epidemiological Week 38 (Sept 20–26). Rio Branco, Porto Alegre (Rio Grande do Sul), and Rio de Janeiro show SARI activity at alert, risk, or high risk levels. The bulletin does not specify the virus driving Rio Branco’s increase. Nationally, metapneumovirus and SARS-CoV-2 show upward SARI trends; influenza B rises in Bahia and Mato Grosso, with signals of slowed growth in Rio Grande do Sul. Brazil has recorded 157,908 SARI cases in 2026, with 85,087 lab-positive (53.9%), 56,799 negative; about 7,090 pending. Among positives for the year, rhinovirus 32.1%, RSV 40.4%, influenza A 16.4%, influenza B 5.5%, SARS-CoV-2 3.8%. In the four most recent weeks, rhinovirus dominated 52.4%, followed by RSV 18.1%, influenza B 6.7%, SARS-CoV-2 4%, influenza A 3.2%.",不明,No,No,No,0,No,不明,Yes,Yes,No,2,不明,Yes,No,複数の既知季節性呼吸器病原体（RSV、インフルエンザA/B、メタニューモウイルス、ライノウイルス、SARS-CoV-2）による通常のSARIサーベイランス報告。Fiocruzによる定期的なInfoGripe速報であり、新規・異常な病原体の出現は報告されていない。,
aHR0cHM6Ly93d3cubmV3a2VyYWxhLmNvbS9uZXdzL2Evc2hpbWxhLW11bmljaXBhbC1jb3Jwb3JhdGlvbi1sYXVuY2hlcy1tYXNzLWFudGktcmFiaWVzLXZhY2NpbmF0aW9uLXN0cmF5LTIxNS5odG0=,DISMISS,狂犬病予防のための計画的な野良犬ワクチン接種活動であり、異常な発生や公衆衛生上の深刻な影響を示す情報はない。,Rabies,Jubbal; Rāmpur; Shimla; State of Rājasthān; Kotkhai; State of Himāchal Pradesh; State of Punjab; Uttar Pradesh; Rohru,,"Shimla Launches Mass Anti-Rabies Drive, 4,000 Stray Dogs Targeted",2026-10-03T22:38:07+00:00,https://www.newkerala.com/news/a/shimla-municipal-corporation-launches-mass-anti-rabies-vaccination-stray-215.htm,ENGLISH,animals; humans,"Rabies control drive underway in Shimla as mass anti-rabies vaccination targets more than 4,000 stray dogs over 10 days (Oct 3–13). The effort covers all 34 wards, with nine teams—three net-catchers and six hand-catchers—conducting vaccination and assisting in sterilisation. Volunteers from Shimla, plus teams from Rajasthan and Punjab, participate; preventive anti-rabies vaccination given to teams beforehand. Last year about 3,700 dogs were vaccinated; drives have also been held in Kotkhai, Jubbal, Rohru, and Rampur. ABC (animal birth control) collaboration with Shimla Municipal Corporation and Animal Husbandry Department; vans deployed to access restricted areas. Target vaccination coverage is 70–80%. Aratrika Agrawal of IVSA India stresses breaking the rabies transmission cycle through mass vaccination rather than culling. Residents are advised not to provoke stray dogs; bite victims should wash wounds and seek medical care promptly.",No,No,No,No,0,No,不明,No,No,No,0,No,Yes,No,本記事は狂犬病の発生報告ではなく、シムラー市による予防的な野良犬ワクチン接種キャンペーンの実施報告。疾病発生イベントとしての緊急性はない。,
aHR0cHM6Ly93d3cub2JvenJldmF0ZWwuY29tL3Vrci9zZWN0aW9uLW5vdm9zdGktbWlyL25ld3MtdS1kci1rb25oby10ZXN0dXl1dC1wcmVwYXJhdC12aWQtdmlydXN1LWVib2xhLWtvbXUtdmluLWRvcG9tb3poZS0wNC0xMC0yMDI2Lmh0bWw=,PICKUP,WHOがPHEICを宣言した進行中のエボラ（ブンディブギョ株）流行で、7000人超の症例・3300人超の死亡が報告されており、IHR基準・WPRO基準ともに複数該当するためフルRRAへの移行が妥当。,Ebola,Ituri; Democratic Republic of the Congo; Republic of Uganda,"In the Democratic Republic of the Congo, a drug against the Ebola virus is being tested: who will it help.",У ДР Конго тестують препарат від вірусу Ебола: кому він допоможе,2026-10-03T22:17:50+00:00,https://www.obozrevatel.com/ukr/section-novosti-mir/news-u-dr-konho-testuyut-preparat-vid-virusu-ebola-komu-vin-dopomozhe-04-10-2026.html,UKRAINIAN,humans,"In the Democratic Republic of the Congo, more than 250 participants are enrolled in testing Obeldesivir, an experimental antiviral from Gilead Sciences, to see if it reduces the risk of Ebola virus disease after exposure. The trial targets Bundibugyo ebolavirus, a strain of Ebola, with the outbreak spanning the DRC and Uganda; the WHO declared it a PHEIC in 2026. Conducted at Ituri Province Hospital, the epicenter, the study enrolls adults and children aged 12 and older who had contact with a confirmed case within five days and are asymptomatic. Half receive Obeldesivir, half receive placebo, with daily monitoring for 21 days and a 42-day follow-up by phone. As of September, Congo reports over 7,000 cases and more than 3,300 deaths. The trial aims to enroll at least 1,000 participants; to date, no symptomatic cases requiring treatment have occurred.",Yes,Yes,Yes,Yes,4,Yes,Yes,Yes,Yes,Yes,5,Yes,Yes,Yes,記事はウガンダにも流行が及んでいると述べているが、ウガンダは対象国リストに含まれないため verified_locations には含めていない。PHEIC宣言により渡航・貿易制限のリスクも高いと判断した。,
aHR0cHM6Ly93d3cub2JvenJldmF0ZWwuY29tL3NlY3Rpb24tbm92b3N0aS1taXIvbmV3cy11LWRyLWtvbmhvLXRlc3R1eXV0LXByZXBhcmF0LXZpZC12aXJ1c3UtZWJvbGEta29tdS12aW4tZG9wb21vemhlLTA0LTEwLTIwMjYuaHRtbA==,PICKUP,DRCで7000例超・3300人超の死亡が報告されPHEICが宣言された進行中のエボラアウトブレイクに関する内容であり、IHR基準複数該当のためフルRRA対象とすべき。,Ebola,Ituri; Democratic Republic of the Congo; Republic of Uganda,"In the DRC, a drug to treat Ebola is being tested: who will it help?",В ДР Конго тестируют препарат от вируса Эбола: кому он поможет,2026-10-03T22:17:50+00:00,https://www.obozrevatel.com/section-novosti-mir/news-u-dr-konho-testuyut-preparat-vid-virusu-ebola-komu-vin-dopomozhe-04-10-2026.html,RUSSIAN,humans,"Obeldesivir, an experimental antiviral by Gilead Sciences, is being tested in the Republic of the Congo against Bundibugyo ebolavirus, one of six Ebola virus species. More than 250 people are enrolled with a target of about 1,000, including adults and children 12+, all of whom had contact with a confirmed Ebola case within five days but are asymptomatic. The randomized, placebo-controlled trial is underway at a hospital in Ituri province, the outbreak’s epicenter. Participants are assigned to Obeldesivir or placebo; daily monitoring for 21 days and a 42-day post-contact follow-up by phone are conducted. If symptoms develop, those in the drug arm would receive supportive care, though no cases have occurred yet. ALIMA NGO leads recruitment, which began in July. By September, Congo reported over 7,000 confirmed Ebola cases and more than 3,300 deaths; the outbreak has been declared a PHEIC in Congo and Uganda.",Yes,Yes,Yes,Yes,4,Yes,Yes,Yes,Yes,Yes,5,Yes,Yes,Yes,記事はDRC（イトゥリ州）でのエボラ治験薬Obeldesivirに関するもの。ウガンダも発生地域として挙げられているが対象国リストに含まれないため除外。既にPHEIC宣言済みの大規模アウトブレイクであり、既存のRRA対象として継続監視が必要。,
aHR0cHM6Ly91bm4udWEvcnUvbmV3cy9ncm96aXQtbGktbWlydS1ub3ZheWEtZXBpZGVtaXlhLWNodW1pLWl6LXphLXNsdWNoYXlhLXYtcm9zc2lpLWktbmFza29sa28tb3Bhc25hLWJvbGV6bi1zZWdvZG55YQ==,WATCH,ロシアでの実験室関連の肺ペスト疑い例で死亡者が出ており注目度は高いが、対象国（DRC等）では実際の発生ではなく背景説明に留まり、続報を注視する段階と判断。,Pneumonic Plague; Plague,Irkutskaya Oblast’; Irkutsk; Shelekhov; Russian Federation; Republic of Madagascar,"Is the world at risk of a new plague epidemic due to a case in Russia, and how dangerous is the disease today?",Грозит ли миру новая эпидемия чумы из-за случая в России и насколько опасна болезнь сегодня,2026-10-03T22:55:06+00:00,https://unn.ua/ru/news/grozit-li-miru-novaya-epidemiya-chumi-iz-za-sluchaya-v-rossii-i-naskolko-opasna-bolezn-segodnya,RUSSIAN,humans; environment,"Probable pneumonic plague case in Irkutsk Oblast, Russia, after a 28-year-old laboratory worker at the anti-plague institute fell ill and died; about 200 contacts were isolated, with 189 hospitalized for observation and the Shelekhov district hospital quarantined. The event reportedly began on 25 September when she allegedly broke a vial containing Yersinia pestis; death occurred by 2 October. Uncertainty remains as Russian authorities have not released full details. Globally, WHO deems a worldwide epidemic unlikely. Pneumonic plague, though deadly, is treatable with antibiotics when diagnosed early. Prophylactic antibiotics are given to close contacts; patient is isolated; health workers use protective equipment. Transmission requires close contact via respiratory droplets. The DRC and Madagascar have recent plague activity, where natural foci persist. The key question is whether new infections emerged among contacts and how quickly they were identified and treated.",Yes,Yes,No,不明,2,Yes,Yes,No,Yes,不明,3,Yes,不明,不明,記事の主題はロシア・イルクーツク州での研究所職員の肺ペスト疑い死亡例であり、対象国リストに含まれない。DRCおよびマダガスカルは『自然流行地が存在する』という一般的背景情報として言及されているのみで、本件の発生地ではないためverified_locationsには含めない。,
aHR0cHM6Ly91bm4udWEvbmV3cy9jaHktemFocm96aHVpZS1zdml0dS1ub3ZhLWVwaWRlbWlpYS1jaHVteS1jaGVyZXotdnlwYWRvay11LXJvc2lpLXRhLW5hc2tpbGt5LW5lYmV6cGVjaG5hLWtodm9yb2JhLXNvaG9kbmk=,PICKUP,ロシアで致死的な肺ペスト症例が確認され約200人が隔離対象となり、異常性・重症性の観点でIHR基準を2つ満たすためフルリスク評価への移行が妥当と判断した。,Pneumonic Plague; Plague,Irkutskaya Oblast’; Irkutsk; Russian Federation; Republic of Madagascar,"Does a new plague epidemic threaten the world because of a case in Russia, and how dangerous is the disease today?",Чи загрожує світу нова епідемія чуми через випадок у росії та наскільки небезпечна хвороба сьогодні,2026-10-03T22:55:06+00:00,https://unn.ua/news/chy-zahrozhuie-svitu-nova-epidemiia-chumy-cherez-vypadok-u-rosii-ta-naskilky-nebezpechna-khvoroba-sohodni,UKRAINIAN,humans,"Probable pneumonic plague case in Irkutsk Oblast, Russia, triggered the isolation of about 200 contacts after 28-year-old lab worker Darya Shipilova died following exposure to Yersinia pestis. WHO says a global epidemic is highly unlikely; plague persists in natural foci worldwide, with recent cases in the Democratic Republic of Congo and Madagascar. Pneumonic plague is the most dangerous form because it spreads via respiratory droplets between people and is nearly always fatal without treatment; with timely diagnosis and antibiotics, recovery is common. Close contacts receive preventive antibiotics; the patient is isolated and healthcare workers use personal protective equipment. While the Russia incident raises concern, there is no confirmed outbreak, and the epidemiological response focuses on rapid contact tracing and prophylaxis. Uncertainties remain due to incomplete official details, but the scale of isolation does not equal confirmed infection.",Yes,Yes,No,No,2,Yes,Yes,不明,Yes,No,3,Yes,不明,No,主要な発生国はロシア（対象国リスト外）。記事中のDRC・マダガスカルへの言及は『世界各地の自然疫源地で発生が続く』という一般的背景説明であり、本記事の主題イベントの発生国ではないためverified_locationsには含めない。,
aHR0cHM6Ly9ob3RhaXIuY29tL2hlYWRsaW5lcy8yMDI2LzEwLzAzL21vbmtleXBveC1jb25maXJtZWQtaW4tY29uZ29zLWVib2xhLWhpdC1idW5pYS1hcy1oZWFsdGgtb2ZmaWNpYWxzLWJyYWNlLWZvci1tb3JlLWNhc2VzLW4zODE5NTcz,PICKUP,DRC・イツリ州ブニアでエボラ流行継続中にMpox（サル痘）確定例が発生し、疑い例も複数あり、IHR基準・WPRO基準とも複数該当するため、フルリスク評価が必要。,Mpox; Mpox Clade I; Mpox Clade II; Ebola,Ituri; Bunia; Democratic Republic of the Congo; United States,,Monkeypox Confirmed in Congo's Ebola-Hit Bunia as Health Officials Brace for More Cases,2026-10-03T15:40:00+00:00,https://hotair.com/headlines/2026/10/03/monkeypox-confirmed-in-congos-ebola-hit-bunia-as-health-officials-brace-for-more-cases-n3819573,ENGLISH,humans,"Monkeypox has been confirmed in Bunia, the city of Ituri province in the Democratic Republic of Congo, as health officials simultaneously respond to a major Ebola outbreak in the same region. A confirmed Monkeypox case is reported in Bunia, with five additional suspected Monkeypox cases in the same city under investigation. The Ituri Ebola outbreak persists, prompting intensified surveillance and response efforts. In parallel, the United States announced an additional 267 million dollars to support Ebola containment in the DRC, bringing total U.S. funding for this response to 886 million dollars. The funds are allocated for treatment units, safe-burial teams, protective and medical supplies, surveillance, and contact tracing. Published 2026-10-03.",Yes,Yes,Yes,不明,3,Yes,Yes,Yes,Yes,Yes,5,Yes,Yes,Yes,米国がエボラ対応に追加2.67億ドル（累計8.86億ドル）を拠出しており、国際的関心と支援が既に動いている。Mpoxの流行状況（Clade I/IIいずれか）は本文からは不明。,
aHR0cHM6Ly93d3cuY2hpYW5ncmFpdGltZXMuY29tL2hlYWx0aC90aGFpbGFuZC1mbG9vZC1oZWFsdGgtc2FmZXR5Lw==,WATCH,洪水に伴うレプトスピラ症・類鼻疽の感染リスクに関する一般的な注意喚起記事であり、具体的な症例数や発生状況の報告はないため、続報を注視する。,Leptospirosis; Melioidosis,Kingdom of Thailand,,"Thailand Flood Safety: Avoiding Leeches, Snakes, and Infection Risks",2026-10-03T23:09:03+00:00,https://www.chiangraitimes.com/health/thailand-flood-health-safety/,ENGLISH,humans; animals; environment,"Thailand floods raise risks of leech and snake encounters and floodwater–borne infections. Leech bites may bleed longer; keep the area clean and monitor for heavy bleeding, swelling, or signs of infection, especially if near the eye or mouth. Do not attempt to catch snakes; give them space and contact local responders. Seek immediate medical care for any suspected snakebite, and keep the bitten limb still during transport. If crossing floodwater is unavoidable, wear rubber boots, cover cuts with waterproof dressings, and wash exposed skin with soap and clean water afterward. Floodwater and mud can carry germs such as those causing leptospirosis and melioidosis; watch for fever, headache, muscle pain (calves/thighs), and red eyes, and seek medical advice if symptoms develop. Melioidosis risk is associated with contaminated soil/water, especially in northeast Thailand. Always inform clinicians about exposure, and avoid unnecessary contact with floodwater.",不明,No,No,No,0,No,不明,Yes,Yes,不明,2,不明,不明,No,記事は健康啓発・注意喚起的な内容であり、具体的な感染者数や流行拡大の情報は含まれていない。洪水継続中は曝露リスクが続くため経過観察が妥当。,
aHR0cHM6Ly93d3cuc2VkYWlseS5jb20vYXJ0aWNsZS8yMDA5NzkwMw==,PICKUP,DRCでエボラ(ブンディブギョ種)が7州63保健ゾーンに拡大し死者4000人超、致死率48.4%、WHOがPHEIC宣言済みであり、IHR基準の複数該当とWPRO基準も多数該当するためフルRRAへ進むべきシグナル。,Ebola,Butembo; Province du Nord-Kivu; Democratic Republic of the Congo; Republic of Uganda,"Case-fatality rate of 48%, 4,000 people have died in a little over four months as Ebola spreads in 'this country'.","치명률 48%, 넉달 반 만에 4000명 숨졌다""...에볼라 확산 비상인 '이 나라'",2026-10-03T03:35:52+00:00,https://www.sedaily.com/article/20097903,KOREAN,humans,"Ebola outbreak in the Democratic Republic of the Congo (DRC) has killed over 4,000 people, with 8,300 confirmed cases and 2,162 recoveries as of 30 September 2026. The virus is Bundibugyo ebolavirus; the outbreak was declared on 15 May, about four and a half months earlier. The case-fatality rate is 48.4%. The epidemic has spread to seven provinces, with 63 health zones reporting infections by 23 September. The WHO declared a Public Health Emergency of International Concern for the DRC and Uganda on 15 May. Security concerns and distrust hinder reporting; Africa CDC and MSF warn that actual infections and deaths may exceed official tallies due to surveillance gaps. A regional UDPS official, Mari Celestin Karond, was killed in Butembo, North Kivu on 27 September after advocating Ebola prevention efforts; motive unconfirmed.",Yes,Yes,Yes,不明,3,Yes,Yes,Yes,Yes,Yes,5,Yes,Yes,Yes,ウガンダもPHEIC対象国として言及されているが、記事の主題はDRC国内の流行状況であり対象国リストに含まれないため除外。治安悪化や報告妨害により実際の感染・死亡数は公式統計を上回る可能性が指摘されている。,
aHR0cHM6Ly9qeC5pZmVuZy5jb20vYy84d3RUbktZN3VOaw==,DISMISS,定例の季節性感染症予防に関する行政広報であり、異常な発生や公衆衛生上の深刻な影響を示す情報はない。,Norovirus; COVID-19; SFTS Virus; Influenza; Enterovirus 71; Chikungunya; Dengue,Jiangxi Sheng,"Jiangxi CDC Issues October Health Tips, Emphasizing Prevention of Influenza, COVID-19, and Other Respiratory Infectious Diseases.",江西疾控发布十月健康提示 重点防范流感、新冠等呼吸道传染病,2026-10-03T13:01:47+00:00,https://jx.ifeng.com/c/8wtTnKY7uNk,CHINESE,humans; vectors; environment,"Jiangxi CDC's October health tips warn of heightened risks for influenza, COVID-19, hand-foot-mouth disease, norovirus gastroenteritis, dengue fever, chikungunya, tick-borne fever with thrombocytopenia syndrome, and foodborne diseases during the October National Day travel period in Jiangxi Province. Despite recent declines in flu and COVID-19, holiday crowds raise transmission risk, especially in nurseries and schools after holidays; vaccination is advised for at-risk groups. Preventive actions include thorough hand hygiene (20 seconds), wearing medical masks in crowded places, ensuring ventilation, and seeking medical care promptly for fever, cough, sore throat, or fatigue. For hand-foot-mouth and norovirus, emphasize sanitation, disinfection, safe food and water, and monitoring schools after holidays. Dengue and chikungunya risk persists for travel to Southeast Asia and other endemic regions; use protective clothing, repellents, and home vector control. Tick-borne diseases require outdoor protection and tick checks with prompt medical evaluation if symptoms develop. Foodborne illness risk during gatherings; ensure thorough cooking and food safety, and report suspected clusters to authorities.",No,No,No,No,0,No,No,No,No,No,0,No,Yes,No,本記事は江西省CDCによる季節性の健康注意喚起（予防啓発）であり、具体的な感染拡大事例や異常事態の報告ではないため、トリアージ対象外と判断。,
aHR0cHM6Ly9wdWRoYXJpLm5ld3MvbWFoYXJhc2h0cmEvc2F0YXJhL3NhdGFyYS1kZW5ndWUtYWxlcnQtaGVhbHRoLWRlcGFydG1lbnQtaW5zcGVjdGlvbi1iaHVpbmotc2s5NQ==,DISMISS,地域レベルでの通常のデング監視・予防活動であり、12例が陽性だったが全員回復済みで新規発熱症例も確認されず、異常性や公衆衛生上の深刻な影響は認められない。,Dengue,State of Mahārāshtra; Republic of India,Satara Dengue Alert: Health Department on alert against dengue; Health Department's inspection in the Bhuinj area.,Satara Dengue Alert : डेंग्यूच्या पार्श्वभूमीवर आरोग्य विभाग अलर्ट; भुईंज परिसरात आरोग्य विभागाची पाहणी,2026-10-04T00:05:47+00:00,https://pudhari.news/maharashtra/satara/satara-dengue-alert-health-department-inspection-bhuinj-sk95,MARATHI,humans; vectors,"Dengue alert issued by Satara district health department for Bhuinj in Wai taluka. Health teams inspected Bhuinj, Degav, and Bopardi; no active fever cases were found during visits. Over the past four months, 26 suspected dengue samples from primary health centers were sent for testing, and 50 individuals were tested by RDKE; none were positive. In Degav, private laboratories reported 12 dengue-positive cases, all of whom have recovered. In response, the PHC Bhuinj, with Degav Gram Panchayat, directed preventive actions: eliminating mosquito breeding sites, removing standing water, and applying larvicides as needed. Field teams are conducting door-to-door fever surveys and public awareness on vector-borne diseases, with household larval indices noted as low. Residents are urged to observe a weekly 'Dry Day' and promptly seek care if fever develops.",No,No,No,No,0,No,No,No,No,No,0,No,No,No,地域の保健当局による日常的なデング監視・予防活動の報告であり、重症例や異常なクラスターの報告はない。,
aHR0cHM6Ly9vdXRicmVha25ld3N0b2RheS5zdWJzdGFjay5jb20vcC9lYm9sYS1lcGlkZW1pYy11cGRhdGUtb2N0b2Jlci0x,PICKUP,"コンゴ民主共和国で累計8,376例・死亡4,042例（致死率48.3%）に達する大規模なエボラ出血熱の流行が継続しており、複数州にまたがる感染拡大と高い重症度が確認されているため。",Ebola,Ituri; Tshopo; Democratic Republic of the Congo,,Ebola epidemic update - October 1,2026-10-04T00:02:13+00:00,https://outbreaknewstoday.substack.com/p/ebola-epidemic-update-october-1,ENGLISH,humans,"Ebola Virus Disease (EVD) update for the Democratic Republic of the Congo. In the last 24 hours, 76 new confirmed cases were reported across four provinces: Ituri (49), North Kivu (23), Haut-Uélé (3), and Tshopo (1). Five treatment-center deaths (Ituri 4, North Kivu 1) bring the period’s confirmed deaths to 24. There were 20 recoveries after two negative tests (Ituri 19, North Kivu 1). As of 1 October 2026, the DRC has 8,376 cumulative confirmed cases and 4,042 deaths (case fatality rate 48.3%). Ituri remains the epicenter, with 75.7% of cumulative cases and 64.5% of new cases; North Kivu CFR is 59.0%. Across seven provinces, 63 of 167 health zones (37.7%) have been affected since the start of the epidemic. Ongoing transmission persists in the affected regions.",Yes,Yes,Yes,Yes,4,Yes,Yes,Yes,Yes,Yes,5,Yes,Yes,Yes,本記事は継続中のエボラ流行に関する定期アップデートであり、7州63保健ゾーン（全167中37.7%）が影響を受けている。致死率48.3%は非常に高く、既にWHO/国際社会の支援対象となっている可能性が高い。,
aHR0cHM6Ly93d3cudHZvbmVuZXdzLmNvbS9iZXJpdGEvNDcxMDQ5LXRhay1wZXJsdS1wYW5pay1tZXNraS1rYXN1cy1tZW5pbmdrYXQtZGlua2VzLWphd2EtYmFyYXQtdW5na2FwLWNhcmEtaW5pLWFtcHVoLWNlZ2FoLXNha2l0LWluZmx1ZW56YS1h,WATCH,季節性インフルエンザAの症例増加であり、当局は「パニックになる必要はない」とし一次医療機関で対応可能としているため緊急性は低いが、症例増加の続報を注視する必要がある。,Influenza A; Influenza,Jawa Barat; Bandung; Republic of Indonesia,"No Need to Panic Even Though Cases Are Rising, West Java Provincial Health Office Reveals This Method That Effectively Prevents Influenza A","Tak Perlu Panik Meski Kasus Meningkat, Dinkes Jawa Barat ungkap Cara Ini Ampuh Cegah Sakit Influenza A",2026-10-04T00:17:31+00:00,https://www.tvonenews.com/berita/471049-tak-perlu-panik-meski-kasus-meningkat-dinkes-jawa-barat-ungkap-cara-ini-ampuh-cegah-sakit-influenza-a,INDONESIAN,humans,"Influenza A cases are rising in West Java, including Bandung City, where emergency department visits have increased, but officials say infections can be managed at primary care facilities (Puskesmas, clinics, private practice, or hospital polyclinics). West Java's Provincial Health Office urges calm and promotes prevention through healthy living (PHBS) and early detection. Preventive measures include masking to reduce droplet transmission, frequent handwashing, avoiding crowds, avoiding contact with the sick, and maintaining immune health. Symptoms align with flu: fever, aches, headache, nausea, and fatigue. In Tangerang Regency, influenza A cases have also risen, with about 30,000 exposure cases reported from January–September 2026. Timely care and ongoing preventive practices are advised.",No,No,No,No,0,No,No,Yes,Yes,No,2,No,Yes,No,季節性インフルエンザAの通常の増加と考えられ、当局も重症化や特別な対策の必要性を否定している。致死率や重症例の報告はなし。,
aHR0cHM6Ly93d3cuYWZyaWsuY29tL3JkYy1qZWFuLW5vZWwtYmFycm90LWEtYnVuaWEtYXUtY29ldXItZC11bmUtZXBpZGVtaWUtZC1lYm9sYS1xdWktYS1kZWphLWZhaXQtcGx1cy1kZS00LTAwMC1tb3J0cw==,PICKUP,"DRCで7州にまたがり8,300例・死者4,018人（致死率48.4%）に達する大規模エボラ流行が継続しており、IHR基準・WPRO基準とも複数該当し、フランス外相の訪問等社会的関心も高いため。",Ebola,Province du Nord-Kivu; Ituri; Bunia; Democratic Republic of the Congo; Republic of France,"DRC: Jean-Noël Barrot in Bunia, at the heart of an Ebola epidemic that has already killed more than 4,000.","RDC : Jean-Noël Barrot à Bunia, au cœur d'une épidémie d'Ebola qui a déjà fait plus de 4 000 morts",2026-10-03T20:25:16+00:00,https://www.afrik.com/rdc-jean-noel-barrot-a-bunia-au-coeur-d-une-epidemie-d-ebola-qui-a-deja-fait-plus-de-4-000-morts,FRENCH,humans; environment,"DRC Ebola epidemic centers on Ituri, with Bunia hosting the Rwampara treatment center run by ALIMA. As of Oct 3, 2026, 4,018 deaths among 8,300 confirmed cases across seven provinces, CFR 48.4%. Ituri is the main hotspot, ahead of Nord-Kivu. French Foreign Minister Jean-Noël Barrot visited Bunia on Oct 3 to assess the response, touring Rwampara and the INRB lab led by Jean-Jacques Muyembe-Tamfum. Rwampara features a transparent patient-care unit to reduce contamination risk and supports the EBO-PEP trial evaluating obeldesivir, an experimental Gilead antiviral, in recently exposed but asymptomatic individuals to prevent disease and transmission. France allocated €13.4 million to Ebola response from Jan–July 2026 and will seek further humanitarian funding. Populations are urged to follow prevention measures and report suspected cases promptly.",Yes,Yes,不明,不明,2,Yes,Yes,Yes,Yes,Yes,5,Yes,Yes,Yes,フランスは支援国として言及されているが発生国ではないため verified_locations から除外。致死率48.4%と高く、複数州（Ituri、Nord-Kivuなど）に拡大している継続的流行。,
aHR0cHM6Ly9saWZlLnR3L2FydGljbGUvJUU1JThEJTk3JUU1JUI4JTgyJUU2JTk2JUIwJUU1JUEyJTlFJUU3JUFDJUFDOSVFNCVCRSU4QiVFNSVBMiU4MyVFNSVBNCU5NiVFNyU5OSVCQiVFOSU5RCVBOSVFNyU4NiVCMS0lRTklQkIlODMlRTUlODElODklRTUlOTMlQjIlRTYlOEYlOTAlRTklODYlOTItJUU3JUE3JThCJUU1JUE=,DISMISS,台湾・台南市での輸入デング熱症例の定例報告であり、地域感染や異常な拡大は見られず、対象国における主要な発生事象も確認されないため。,Dengue,Kaohsiung; Tainan; Taiwan; Xinshi District; Kaohsiung; Republic of Maldives; Malaysia; Taiwan,Tainan City reports the 9th imported dengue fever case; Huang Wei-che reminds that autumn should not let its guard down.,南市新增第9例境外登革熱　黃偉哲提醒「秋天也不能鬆懈」 | LIFE生活網,2026-10-03T23:28:54+00:00,https://life.tw/article/%E5%8D%97%E5%B8%82%E6%96%B0%E5%A2%9E%E7%AC%AC9%E4%BE%8B%E5%A2%83%E5%A4%96%E7%99%BB%E9%9D%A9%E7%86%B1-%E9%BB%83%E5%81%89%E5%93%B2%E6%8F%90%E9%86%92-%E7%A7%8B%E5%A4%A9%E4%B9%9F%E4%B8%8D%E8%83%BD%E9%AC%86%E6%87%88-3168769,CHINESE,humans; vectors,"Taiwan’s Tainan City reports its 9th imported dengue case of the year. On Oct 2, a Filipino man in his 20s from Xinshi District’s Gangqianli developed fever and headache on Sept 29, flew from Kaohsiung airport on Oct 1; NS1 rapid screening at airport quarantines was positive. After returning to Tainan, he was hospitalized and had no community contact; dengue was PCR-confirmed on Oct 2. Local authorities initiated education, environmental inspections, and vector-control work around his residence and workplace. Since January, Taiwan has 179 dengue cases (12 locally transmitted, 167 imported), with Vietnam contributing the most infections, followed by Indonesia, the Philippines, the Maldives, and Malaysia. In Tainan, the Dengue Prevention Center notes 1,287 positive containers this year, mainly barrels/urns/containers (63.4%), underscoring breeding linked to daily life. Officials urge ongoing vigilance with the 4S (Inspect, Empty, Clean, Scrub) approach, summer-like warmth favorable for Aedes mosquitoes, and prompt medical care if dengue symptoms and travel history occur.",No,No,No,No,0,No,No,No,No,No,0,No,No,No,本記事の主題は台湾（対象国リスト外）における輸入デング熱症例の定例報告。ベトナム・インドネシア・フィリピン・モルディブ・マレーシアは年間累計の感染元統計として言及されているのみで、当該国での発生事象そのものを報じるものではないため verified_locations には含めない。,
aHR0cHM6Ly9uZXdzLm9ubGluZS5zaC5jbi9uZXdzL2diL2NvbnRlbnQvMjAyNi0xMC8wNC9jb250ZW50XzEwNDkyMzQ3Lmh0bQ==,DISMISS,中国CDCによる国慶節休暇に向けた定例の公衆衛生注意喚起であり、季節性感染症（インフルエンザ、COVID-19、デング熱等）が通常の範囲で言及されているのみで、異常な増加や新規事象は報告されていない。,Norovirus; COVID-19; Influenza; Enterovirus 71; Chikungunya; Dengue,People's Republic of China,China CDC issues National Day holiday health risk advisory: influenza activity currently fluctuating at a mid-to-low level.,中疾控发国庆假期健康风险提示：当前流感在中低流行水平波动,2026-10-04T00:31:37+00:00,https://news.online.sh.cn/news/gb/content/2026-10/04/content_10492347.htm,CHINESE,humans; vectors; environment,"As of 2026-10-04, during the Chinese National Day holiday, the China CDC reports COVID-19 at a low level and influenza fluctuating at a mid-to-low level. With increased travel, public health guidance urges masking in transport hubs and indoor venues to curb respiratory infections. Dengue fever and chikungunya fever remain active in southern provinces, presenting as scattered cases and local clusters; residents should eliminate standing water, overturn containers, and use mosquito nets and screens, plus personal protection outdoors. Food- and waterborne risks rise during gatherings; practice hand hygiene before meals, separate raw and cooked foods, and stay vigilant for norovirus and hand-foot-mouth disease. For outbound travel, monitor destination public health risks and report overseas travel history if ill; on return, seek medical care and disclose travel history. Influenza vaccination is strongly advised as the season approaches after October to reduce severe disease and death risk.",No,No,No,No,0,No,No,No,No,No,0,No,No,No,季節性の定期注意喚起記事であり、具体的な症例数増加や異常事態の報告はない。デング熱・チクングニア熱は南部省で散発的クラスターと記載されているが、通常の季節的傾向として扱われている。,
aHR0cDovL3NjLnBlb3BsZS5jb20uY24vbjIvMjAyNi8xMDA0L2MzNDUxNjctNDE3MTQxNDQuaHRtbA==,DISMISS,四川省CDCによる季節的な一般向け健康啓発情報であり、特定の異常な集団発生や公衆衛生上の緊急事態を示す内容ではない。,Norovirus; COVID-19; Influenza; Enterovirus 71; Chikungunya; Dengue,Africa; Sichuan Sheng; People's Republic of China,Sichuan CDC releases October health tips: Increased population movement during the National Day holiday; focus on preventing five categories of diseases.,四川疾控发布10月健康提示：国庆假期人员流动增加 重点防范五类疾病,2026-10-04T00:00:00+00:00,http://sc.people.com.cn/n2/2026/1004/c345167-41714144.html,CHINESE,humans; vectors,"As of 2026-10-04, Sichuan Province, China, calls for heightened vigilance during National Day travel against five infectious-health risks: mosquito-borne diseases (dengue fever and chikungunya), influenza, COVID-19, other infectious diarrheal diseases (notably norovirus and rotavirus), and hand-foot-mouth disease (HFMD). Dengue and chikungunya risk local spread as travelers return from Southeast Asia, South Asia, South America, and Africa; watch for fever, rash, and joint pain and report travel history. Influenza season has begun; despite COVID-19 staying at low levels, high holiday mobility warrants vaccination for children, the elderly, students, and chronic patients. Norovirus and rotavirus drive autumn-winter diarrhea; emphasize hand hygiene and water/food safety. HFMD peaks October–December; EV-A71 vaccine reduces risk of severe disease. Recommend home ventilation (2–3 times daily, at least 30 minutes) and avoiding gatherings when ill.",No,No,No,No,0,No,No,No,No,No,0,No,No,No,本記事は具体的なアウトブレイクの報告ではなく、国慶節連休期間中の一般的な感染症予防に関する定例の啓発・注意喚起情報である。デング熱・チクングニア熱は輸入例のリスクに言及しているが、実際の症例報告や異常な増加は記載されていない。,
aHR0cHM6Ly93d3cubGF0ZXN0bHkuY29tL2FnZW5jeS1uZXdzL2luZGlhLW5ld3Mtc2hpbWxhLW11bmljaXBhbC1jb3Jwb3JhdGlvbi1sYXVuY2hlcy1tYXNzLWFudGktcmFiaWVzLXZhY2NpbmF0aW9uLWZvci1zdHJheS1kb2dzLXRhcmdldHMtNDAwMC1hbmltYWxzLTc2MzE3NDQuaHRtbA==,DISMISS,定例的な野良犬への狂犬病予防接種キャンペーンであり、異常な発生報告や公衆衛生上の緊急性を示す情報はない。,Rabies,Jubbal; Rāmpur; Shimla; State of Rājasthān; Kotkhai; State of Himāchal Pradesh; State of Punjab; Uttar Pradesh; Rohru; Republic of India,,"India News | Shimla Municipal Corporation Launches Mass Anti-Rabies Vaccination for Stray Dogs, Targets 4,000 Animals",2026-10-04T00:28:23+00:00,https://www.latestly.com/agency-news/india-news-shimla-municipal-corporation-launches-mass-anti-rabies-vaccination-for-stray-dogs-targets-4000-animals-7631744.html,ENGLISH,humans; animals,"Rabies control drive underway in Shimla, Himachal Pradesh, India, targeting stray dogs with mass anti-rabies vaccination. The campaign aims to vaccinate more than 4,000 dogs over 10 days (Oct 3–13) across all 34 wards, involving nine teams (three net-catching, others hand-catching) and about 40 volunteers per team from Shimla, Rajasthan, and Punjab. Initiated Oct 3, the effort continues through Oct 12–13 and is part of the Shimla Municipal Corporation’s collaboration with animal welfare groups and the Animal Husbandry Department, plus veterinary students and experts. Last year saw ~3,700 dogs vaccinated; current drive also supports ABC (animal birth control) efforts including sterilisation in Rampur, Kotkhai, Jubbal, and Rohru. Targeting 70–80% herd immunity, organizers urge residents not to provoke stray dogs and to avoid interaction if uncomfortable, with vaccination seen as essential to breaking rabies transmission.",No,No,No,No,0,No,No,No,No,No,0,No,Yes,No,動物由来の予防的ワクチン接種活動の報道であり、ヒトの症例発生や異常事態を示す記述はない。,
aHR0cHM6Ly92b2kuaWQvYmVyaXRhLzU5NjkyMi9yYWJpZXMtYmVsdW0tYWRhLW9iYXRueWEtYWhsaS11bmdrYXAtcGVudGluZ255YS12YWtzaW4tZGFuLXNlcnVtLXVzYWktZGlnaWdpdA==,DISMISS,狂犬病の一般的な予防・治療に関する啓発記事であり、特定の集団発生や異常事態の報告ではないため、トリアージ基準に該当しない。,Rabies,Daerah Khusus Ibukota Jakarta; Jakarta,There is no cure yet for rabies; experts reveal the importance of vaccines and serum after a bite.,"Rabies Belum Ada Obatnya, Ahli Ungkap Pentingnya Vaksin dan Serum Usai Digigit",2026-10-04T01:11:10+00:00,https://voi.id/berita/596922/rabies-belum-ada-obatnya-ahli-ungkap-pentingnya-vaksin-dan-serum-usai-digigit,INDONESIAN,humans; animals,"Rabies remains incurable once clinical symptoms appear, making post-bite management critical. Experts emphasize administering rabies vaccine and rabies immune serum after suspected exposure to a rabid animal. The vaccine enables antibody development, typically taking one to two weeks; the serum helps neutralize the virus when it is suspected to have entered the body. In some cases, vaccines and serum may be given together based on medical judgment. Rabies is nearly always fatal once symptoms start, reflecting CNS involvement including the brain. The incubation period averages two to three months but can range from weeks to over a year. Do not wait for symptoms; first aid includes washing the wound with running water and soap, then seeking medical care. In Jakarta, facilities offering vaccines/serum include RSPI Prof. Dr. Sulianti Saroso and RSUD Tarakan; others require confirmation of availability.",No,No,No,No,0,No,No,No,No,No,0,No,No,No,記事は狂犬病に関する一般的な医療啓発情報であり、ジャカルタの医療機関紹介を含むが、具体的な発生事例や症例数の報告ではないため対象国の発生イベントとしては扱わない。,
aHR0cHM6Ly9oaW5kaS5uZXdzMTguY29tL25ld3MvdXR0YXItcHJhZGVzaC9zdWx0YW5wdXItbHVtcHktc2tpbi1kaXNlYXNlLXByZXZlbnRpb24tdGlwcy1mb3ItY2F0dGxlLWxvY2FsMTgtMTA4ODM4NjcuaHRtbA==,DISMISS,家畜(牛・水牛)の既知疾患に関する予防啓発記事であり、ヒトへの公衆衛生リスクは認められず、社会的関心の高まりも示唆されていない。,Lumpy Skin Disease,Sultanpur; State of Punjab; Uttar Pradesh; Republic of India,"Cows and buffaloes: If you notice round lumps on the body, don’t ignore them; learn the symptoms of Lumpy Skin Disease.","गाय-भैंस में शरीर पर दिखें गोल गांठें तो न करें नजरअंदाज, जानें लंपी के लक्षण",2026-10-04T00:58:50+00:00,https://hindi.news18.com/news/uttar-pradesh/sultanpur-lumpy-skin-disease-prevention-tips-for-cattle-local18-10883867.html,HINDI,vectors; animals,"Lumpy Skin Disease (LSD) in cows and buffaloes is highlighted in Sultanpur via a Local 18 interview with veterinary scientist Dr. Divakar Kumar of Krishi Vigyan Kendra Sultanpur. LSD is a contagious viral illness transmitted primarily through blood-sucking insects, flies, mosquitoes, and ticks, with higher risk during rainy, humid seasons. Main signs include high fever, reduced appetite, and round, hard nodules on the neck, head, legs, and other body parts; conjunctival/nasal discharge, drooling, and leg swelling may also occur, with weakness and decreased milk production in severe cases. Diagnosis relies on clinical signs, with laboratory confirmation if needed. If LSD is suspected, isolate the affected animal, maintain clean stalls, and implement vector control. Vaccination may be possible under a veterinarian’s guidance to help prevent future outbreaks.",No,No,No,No,0,No,No,不明,No,No,0,No,No,No,本記事は獣医師による家畜向け啓発インタビューであり、人獣共通感染症としてのヒトへの感染リスクは記載されていない。LSDはウシ科動物のみに感染するウイルス性疾患であり、ヒト感染は報告されていない。,
aHR0cHM6Ly93d3cuc2luYXJoYXJpYW4uY29tLm15L2FydGljbGUvNzk4OTA2L2dsb2JhbC9lbXBhdC1wZW5kdWR1ay1kaWphbmdraXRpLWFudHJha3Mtc2VsZXBhcy1tYWthbi1kYWdpbmcta2FtYmluZy1tYXRpLW1lbmdlanV0,WATCH,WPRO基準の「長期曝露」に該当するが、ヒト-ヒト感染リスクは低く、地域当局が対応中であり社会的関心の高まりも不明なため、経過観察とする。,Anthrax,Yogyakarta; Daerah Istimewa Yogyakarta; Semanu; Desa Dadapayu; Republic of Indonesia,Four residents infected with anthrax after eating meat from a goat that died suddenly.,Empat penduduk dijangkiti antraks selepas makan daging kambing mati mengejut,2026-10-04T01:06:00+00:00,https://www.sinarharian.com.my/article/798906/global/empat-penduduk-dijangkiti-antraks-selepas-makan-daging-kambing-mati-mengejut,INDONESIAN,humans; animals; environment,"Anthrax outbreak in Dadapayu, Semanu, Gunungkidul Regency, Yogyakarta, Indonesia, after four residents were confirmed infected from eating meat of a goat that died suddenly. Health authorities said initial detection occurred in early September when patients presented with clinical symptoms of anthrax. Seven individuals were identified as suspected cases; PCR testing confirmed four positives for Bacillus anthracis. Contact tracing found 47 people at risk due to exposure to the goat. Environmental sampling at the slaughter site detected soil contaminated with anthrax blood residues, with decontamination ongoing. Officials condemn the brandu practice of slaughtering and consuming animals that die suddenly, and encourage reporting of sick or dead livestock for safe disposal with compensation available from local government. Public health and veterinary authorities are coordinating to prevent further transmission.",No,No,No,No,0,No,No,Yes,No,No,1,不明,Yes,No,炭疽菌はインドネシアの「ブランドゥ」慣習（病死・突然死した家畜を解体・消費する行為）に関連して周期的に発生している既知の人獣共通感染症であり、ヒト-ヒト感染はない。現地保健・獣医当局が接触者調査・環境除染を実施中。,
aHR0cHM6Ly93d3cuYW03MzAuY29tLmhrL2FydGljbGUvMTA1NjUwMg==,DISMISS,家族内での単発の食中毒事例であり、公衆衛生上の広範な影響や異常性、国際的拡大リスクは認められない。,Paratyphoid; Typhoid,Liaoning Sheng; Shenyang,Liaoning family of three poisoned after eating scrambled eggs; washing with water before storage accelerates spoilage.,遼寧一家三口食炒蛋中毒　涉保存前水洗加速變質 | am730,2026-10-04T01:45:00+00:00,https://www.am730.com.hk/article/1056502,CHINESE,environment,"Three members of a Liaoning family in Shenyang fell ill after eating scrambled eggs; investigators suspect spoiled eggs as the cause. The eggs had been washed before storage, which experts say can damage the eggshell’s natural protective film and open pores, letting bacteria enter, including Salmonella. Once this protective layer is compromised, spoilage may accelerate, and refrigeration cannot fully eliminate contamination or cross‑infection risk. If eggs have been washed, cook them promptly; for temporary storage, refrigerate immediately and avoid long room‑temperature holding. For shells with light dust, do not wash; wipe with a dry cloth. Heavily soiled shells should be avoided at purchase. Four storage tips: never freeze eggs; do not wash; avoid mixing with other foods; keep the large end up to preserve the air cell. (Source: Dahe News report; published 2026-10-04)",No,No,No,No,0,No,No,No,No,No,0,No,No,No,疾患名にTyphoid/Paratyphoidが付与されているが、記事内容はSalmonellaによる家庭内食中毒の一般的な注意喚起記事であり、腸チフス・パラチフスの発生を示すものではない。単一家族の3名が罹患した個別事例。,
aHR0cHM6Ly9uZXdzaW5mby5pbnF1aXJlci5uZXQvMjMxNjQ4Ni9zYWJsYXlhbi10aWdodGVucy1iYW4tb24tbGl2ZS1waWctZW50cnktYW1pZC1hc2YtdGhyZWF0,DISMISS,ASF（アフリカ豚熱）は動物のみに影響し人獣共通感染症ではなく、公衆衛生上の脅威は低い。地域的な家畜移動規制強化の行政対応に関する記事であり、IHR基準・社会的関心ともに低い。,African Swine Fever,Mimaropa; Sablayan; Republic of the Philippines,,Sablayan tightens ban on live pig entry amid ASF threat,2026-10-04T01:45:48+00:00,https://newsinfo.inquirer.net/2316486/sablayan-tightens-ban-on-live-pig-entry-amid-asf-threat,ENGLISH,animals,"ASF outbreak threat prompts Sablayan, Occidental Mindoro, to strengthen a ban on live pig movement into Sablayan and Occidental Mindoro. On Oct. 3, authorities intercepted pig transporters in Barangay Burgos for allegedly violating Executive Order No. 63-B regulating movement of live pigs, a biosecurity measure to safeguard more than 6,006 hogs. The local government warned that unauthorized entry could incur penalties and legal action and urged cooperation to uphold biosecurity and prevent ASF spread. ASF is a highly contagious viral disease affecting domestic and wild pigs but not humans; outbreaks damage livelihoods and disrupt pork supplies. The crackdown underscores ongoing vigilance against ASF in the area, with authorities enforcing movement controls to protect local hog raisers and food security.",No,No,No,No,0,No,No,不明,No,No,0,No,Yes,No,ASFは人には感染しない動物疾病であり、公衆衛生イベントとしての緊急性は低い。畜産・経済への影響として注視対象になりうるが、感染症危機管理としてはDISMISS相当。,
aHR0cHM6Ly93d3cubWFub3JhbWFvbmxpbmUuY29tL2hlYWx0aC9oZWFsdGgtbmV3cy8yMDI2LzEwLzAzL3JhcmUtYnJhaW4tZmV2ZXItYWZyaWNhbi1zbmFpbC5odG1s,WATCH,単発の稀な好酸球性髄膜脳炎（アフリカマイマイ関連の疑い）であり、患者は回復済みで公衆衛生上の重大な影響や拡大リスクは確認されていないが、情報不足のため経過観察とする。,Classical Swine Fever; Unknown Encephalitis,State of Kerala; Kottayam; Republic of India,Infection from African strain; 15-year-old has encephalitis.,ആഫ്രിക്കൻ ഒച്ചിൽ നിന്ന് രോഗബാധ; 15കാരന് മസ്തിഷ്കജ്വരം,2026-10-04T01:38:31+00:00,https://www.manoramaonline.com/health/health-news/2026/10/03/rare-brain-fever-african-snail.html,MALAYALAM,humans,"A 15-year-old boy in Kerala (Kottayam, at KIMS Hospital) developed high fever and sinusitis, progressing to severe meningitis/encephalitis attributed to an African strain. Despite initial antibiotic response, he developed intense headache, nausea, and signs of raised intracranial pressure two days later. Neurological exam and MRI revealed infection involving the brain’s outer coverings, with orbital involvement suggesting fungal etiology; simultaneously, blood and CSF showed markedly elevated eosinophils, arguing against typical bacterial or viral meningitis. Clinicians queried possible African exposure; the patient disclosed contact with African ostriches and regular consumption of raw vegetable salads. Consulting senior neurologist Dr. Haris and a targeted treatment plan were implemented to reduce intracranial pressure and address infection. With this approach, the patient’s condition rapidly improved and he was discharged in good health.",No,Yes,No,No,1,Yes,No,不明,No,No,1,不明,No,No,疾患タグ『Classical Swine Fever』は記事内容と無関係で誤分類の可能性が高い。実際はアフリカマイマイ（African Land Snail）経由の寄生虫感染（好酸球性髄膜炎、Angiostrongylus cantonensis疑い）と考えられる単発症例。患者は回復・退院済みでヒト-ヒト感染の証拠なし。,
